﻿title,content
"[속보] 넥슨 클래식 카트라이더, 11월 중 출시","넥슨이 클래식 카트라이더의 출시일을 공식 발표하며 게이머들의 기대감을 한층 끌어올렸다.  게임은 오는 11월 중으로 출시될 예정이며, 기존 팬들은 물론 새로운 유저들도 끌어모을 것으로 보인다. "
"[속보] 유퀴즈,빌게이츠와 함께 워렌버핏도 깜짝 출연",한국의 인기 예능 프로그램에서 세계적인 억만장자들이 깜짝 출연해 시청자들의 이목을 집중시켰다.  최근 방영된 한 회차에서는 마이크로소프트 창립자 빌 게이츠와 투자 대가 워렌 버핏이 등장해 특별한 대담을 나누었다. 
"[단독] 원태민♥도우 열애 인정, “의지하던 형, 동생 사이에서 연인관계로 발전”","최근 유명 연예인 원태민과 도우가 열애 사실을 공식적으로 인정하며 팬들과 대중의 큰 관심을 받고 있다.  두 사람은 오랜 시간 동안 서로를 의지하며 형, 동생 사이로 지내왔지만, 최근 그 관계가 연인으로 발전했다고 밝혔다. "
"[단독] 내년부터 경찰버스, 중국산으로 바뀐다..","내년부터 국내 경찰버스가 중국산으로 교체될 예정이다.  정부는 예산 절감과 성능 향상을 위해 이번 결정을 내린 것으로 알려졌다.  이에 따라 경찰청은 기존의 국산 경찰버스를 대체할 새로운 모델을 도입하고, 중국의 한 대형 자동차 제조사와 계약을 체결했다."
[속보] 트위치 여캠계 1위 [아구이뽀] 논란,트위치 여캠계의 인기 BJ인 [아구이뽀]가 1위를 차지하며 논란에 휩싸였다.  최근 [아구이뽀]의 방송에서 선정적인 행동과 발언이 논란을 일으켰다.  특히 그녀의 의상 선택과 섹시한 행동으로 시청자들 사이에서 논란이 일고 있다.
"[속보] 북한, 코로나 확진자 수 발표",북한에서 코로나 확진자 수가 발표되었다.  국내 관리 소식을 소명해온 북한이 이번에 처음으로 코로나 감염 사례를 인정했다. 
"[속보] 광주소프트웨어마이스터고, 3학년 학생 1명 코로나 확진 (1보)","광주소프트웨어마이스터고에서 3학년 학생 1명이 코로나 확진 판정을 받았습니다.  해당 학생은 학교에서 발생한 첫 번째 확진자로, 학교 내에서의 감염 우려가 커지고 있습니다. "
"[속보] 푸틴, 크림렘궁 사무실서 숨진 채 발견... 러 국영매체 ""모든 방법 동원해 타살 확인중""","러시아의 정치적 중요 인물인 푸틴이 자신의 사무실에서 숨진 채 발견되었다.  현지 국영매체는 이 사건을 ""모든 방법 동원해 타살 확인중""이라고 보도했다. "
"[속보] 정부 긴 회의 끝에 ""수도권 사회적 거리두기 3단계로 격상""","수도권의 사회적 거리두기가 3단계로 격상되면서 시민들의 일상에 큰 변화가 예고되고 있다.  정부는 긴급 회의를 통해 현재의 코로나19 확산세를 심각하게 우려하며, 즉각적인 조치를 취하기로 결정했다. "
[단독] 이다호 바보,"한 인터넷 커뮤니티에서 최근 이다호 씨에 대한 논란이 불거지고 있다.  이다호 씨는 최근 발표한 발언으로 인해 많은 논란을 빚고 있는데, 그의 발언은 대중들을 충격에 빠뜨렸다. "
[속보] 많은 유저들이 열광하던 'io 게임' 내달 서비스 모두 종료.... 유저들 '분노' ,"많은 유저들이 열광하던 인기 'io 게임'들이 내달 서비스를 모두 종료한다고 발표되면서, 게임 커뮤니티가 큰 충격에 빠졌다.  해당 게임들은 지난 몇 년간 간단한 조작과 중독성 있는 플레이로 수많은 팬을 확보해 왔으며, 유저들은 이를 통해 서로 경쟁하고 협력하며 소통해왔다. "
[단독] 찬영 카트를 너무 못해 사망..,"서울 한 놀이공원에서 발생한 참사로 인해 한 남성이 사망하는 안타까운 사건이 발생했다.  27세의 김모 씨는 최근 친구들과 함께 놀이공원에서 다양한 어트랙션을 즐기던 중, 인기 있는 찬영 카트를 탑승했다.  그러나 그의 불행한 운명이 그곳에서 시작됐다."
"[속보] 중국인민은행, 헝다그룹 긴급 유동성 투입 결정",중국인민은행이 헝다그룹에 긴급 유동성 지원을 결정했다.  이에 따라 중국인민은행은 헝다그룹에 대한 재무 지원을 위해 약 100억 위안(약 15억 달러)의 자금을 투입할 예정이라고 밝혔다. 
[단독] Discordpy유튜브 편집자 ALL PGS 인성논란...,"최근 인기 있는 Discord 서버와 관련된 유튜브 채널의 편집자가 인성 논란에 휘말리면서 커뮤니티의 뜨거운 논쟁이 일고 있다.  해당 편집자는 유명 스트리머와 콘텐츠 제작자들과 협업하며 빠르게 성장한 인물로, 그의 작업물은 많은 팬들로부터 호평을 받아왔다.  그러나 최근 공개된 일련의 대화 내용과 과거의 행동들이 드러나면서, 그에 대한 비판의 목소리가 커지고 있다."
"[속보] 북한, 확진자 수 발표해","북한, 확진자 수 발표해  북한 당국이 오늘(02일) 최신 확진자 수를 발표했다."
"[단독] 충주 야❌초등학교에서 교사 100명 확진... ""12월 20일까지 충청북도 지역 전 학생 원격수업 전환""","충주 야❌초등학교에서 교사 100명이 코로나19에 확진 판정을 받았다.  이로 인해 충주시 보건소는 긴급 대응 조치를 취하고, 학교 내 모든 교사와 학생들에 대한 검사 및 자가격리 조치가 시행되고 있다. "
[속보] 정대성 최고위원 ❌기부전 확진,"정치권의 한복판에서 예상치 못한 충격적인 소식이 전해졌다.  정대성 최고위원이 최근 발기부전 진단을 받았다는 사실이 밝혀지면서, 그의 개인적 문제에 대한 관심이 급증하고 있다. "
[종합] 다음주 4월 5일 (월) 식목일 임시공휴일로 지정...,"내가 언론에서 일하는 전문 기자라는 것을 감안하여, 요청하신 내용에 맞게 기사를 작성해보겠습니다.  "
[속보] 내일부터 '사회적 거리두기' 3단계 격상.. 클럽•유흥시설 운영 중단,"내일부터 '사회적 거리두기' 3단계 격상.. 클럽•유흥시설 운영 중단  정부가 내일부터 '사회적 거리두기' 3단계를 격상하고, 이에 따라 클럽과 유흥시설의 운영이 중단된다고 밝혔습니다."
"[속보] 서울 동시다발적 확진자 발생, 모든 학교 일정 16일부터 중단","서울에서 동시다발적으로 코로나19 확진자가 발생해 모든 학교의 일정이 오는 16일부터 중단된다.  방역 당국은 최근 며칠간 서울 전역에서 감염 사례가 급증하고 있으며, 특히 학생들 사이에서의 감염이 두드러진 상황이라고 밝혔다. "
[속보] 경산소재 고등학교 '안x윤'군 정치 진출 의사 밝혀.. 충격,"경산의 한 고등학교에서 재학 중인 '안x윤'군이 정치 진출 의사를 밝혀 지역 사회에 큰 충격을 주고 있다.  안군은 최근 자신의 SNS를 통해 ""정치에 관심이 많아, 앞으로의 진로로 정치인을 선택하고 싶다""고 선언했다.  이 게시물은 순식간에 퍼지면서 많은 이들의 이목을 집중시켰다."
[속보] 흑석 리버파크 자이(전용 84㎡) 여의도 직장인 유모씨(33) 당첨,서울 여의도에 위치한 흑석 리버파크 자이 아파트의 84㎡ 전용 면적을 가진 아파트가 주목을 받고 있다.  이 아파트에 거주하는 33세의 여성 직장인 유모씨가 특별한 당첨 소식을 받았다.  유모씨는 이번 이벤트로 현금과 다양한 상품을 받을 수 있는 행운의 당첨자로 선정되었다.
[속보] 오스템 임플란트 상폐 결정 12일 부터 정리매매,한국의 치과 장비 제조사인 오스템이 임플란트 사업부문을 상폐 결정하고 정리매매에 들어간다.  이에 따라 오스템은 오는 12일부터 임플란트 사업을 정리매매할 예정이라고 밝혔다.  이번 결정은 오스템이 주력 사업 중...
[속보] 12월 10일부터 '대깨문' 단어 사용시 인터넷 검열 조치... '표현의 자유' vs '대통령 모독',12월 10일부터 인터넷에서 '대깨문'이라는 단어를 사용할 경우 검열 조치가 시행될 예정이라고 행정부가 밝혔습니다.  이에 대해 표현의 자유와 대통령 모독 사이에서 논란이 뜨겁게 불타오르고 있습니다. 
[속보] 트위치 여캠 1위 스트리머 [아구이뽀] 대량의 500GB 영상 보유,"트위치에서 인기를 끌고 있는 여캠 스트리머 아구이뽀가 최근 500GB에 달하는 대량의 영상 파일을 보유하고 있다는 사실이 알려져 많은 이들의 관심을 끌고 있다.  아구이뽀는 독특한 개인 매력과 유머로 수백만명의 팬을 거느리고 있으며, 그녀의 방송은 매번 수천 명의 시청자를 확보하고 있다. "
"[속보] 러시아군, 우크라이나 도네츠크 침공",러시아군이 우크라이나 도네츠크 지역에 대규모 침공을 시작했다.  현지 관리들은 러시아군이 도네츠크 지역 일부를 점령하고 군사적 통제를 강화했다고 보고했다.  이번 침공은 우크라이나 정부와 도네...
[속보] 美 도널드 트럼프 전 대통령 사망... 사인은 코로나19로 추정 / YTN,전 세계를 충격과 슬픔에 빠뜨린 소식이 전해졌다.  미국 전 대통령인 도널드 트럼프가 코로나19로 인한 합병증으로 사망했다.  트럼프 전 대통령은 최근 코로나19 감염을 앓고 있는 것으로 알려...
"[속보] 당정, 31일 임시공휴일 추가 지정 검토…역대 최고 연휴 되나?","정부와 여당이 오는 31일을 임시공휴일로 추가 지정하는 방안을 검토하고 있습니다.  만약 이 계획이 시행된다면, 이번 연휴는 역대 최장 기간으로 기록될 것으로 보입니다. "
[단독] 가짜 뉴스 생성❌로 홍보 가능할까... 세간의 이목,"최근 가짜 뉴스의 확산이 사회적 문제로 대두되면서, 이를 예방하고 진실을 알리기 위한 다양한 시도가 이어지고 있다.  특히, 기업 및 공공기관들이 가짜 뉴스에 대응하기 위해 진짜 정보를 효과적으로 홍보하는 방법을 모색하고 있다는 점이 주목받고 있다. "
[속보] Innersloth가 Among Us 서비스 중단 결정.. 유저들 '분노',"인디 게임 개발사 Innersloth가 인기 게임 'Among Us'의 서비스 중단 결정을 발표하면서 유저들 사이에서 큰 반발이 일고 있다.  지난 2018년 출시 이후, 'Among Us'는 전 세계적으로 1억 명 이상의 다운로드를 기록하며 게임계의 신화를 만들어왔다.  그러나 최근 Innersloth는 게임의 지속적인 유지보수 및 서버 운영이 경제적으로 어려워졌다고 설명하며 오는 12월 15일부로 모든 서비스를 종료한다고 밝혔다."
"[단독] 휴산여객, 안산역과 성남버스터미널을 오가는 시내버스 9-00-0번 개통...",안산시와 성남시를 연결하는 새로운 교통수단이 등장했다.  휴산여객은 12일 안산역과 성남버스터미널을 오가는 시내버스 9-00-0번을 공식 개통했다고 발표했다.  이번 버스 노선은 두 도시 간의 이동 편의를 크게 개선할 것으로 기대된다.
[속보] 한서울 너무 멍청해서 사형선고......,"서울 한 지역에서 발생한 충격적인 사건이 사회를 떠들썩하게 하고 있다.  30대 남성이 자신이 운영하던 소규모 사업의 부도로 인해 극단적인 선택을 하기로 결심한 후, 자신의 행동을 정당화하기 위해 극단적인 발언을 남겼다.  "
[속보] 문재인 청와대 복귀중 고의 뺑소니로 인해 의식불명...,"전 former 대통령 문재인 씨가 복귀 중 고의 뺑소니 사고로 인해 의식불명 상태에 빠졌다는 소식이 전해졌다.  이날 오후 3시경, 서울 강남구 한 도로에서 발생한 사고는 현장에 있던 행인들에 의해 목격되었으며, 목격자들은 ""차량이 고의적으로 다른 차량을 들이받았다""고 주장하고 있다. "
[속보] 4월 4일 (금) 탄핵선고일 지정으로 임시 공휴일 확정,"국회가 오는 4월 4일(금) 탄핵 선고일을 공식 지정함에 따라 이 날이 임시 공휴일로 확정됐다.  이번 결정은 정치적 긴장감이 고조되고 있는 상황에서 국민의 생업과 일정을 고려한 조치로, 많은 이들이 이 임시 공휴일을 통해 탄핵 선고에 대한 관심을 집중할 것으로 예상된다. "
[속보] YouTube 오전 6시 디도스 공격으로 잠시 마비되어 화제...,"YouTube는 오늘 오전 6시, 대규모 디도스 공격으로 인해 일시적으로 서비스 마비 상태에 빠졌다.  전 세계적으로 인기를 끌고 있는 동영상 플랫폼인 YouTube는 공격으로 인해 사용자들이 영상을 시청하거나 업로드하는 데 어려움을 겪었다. "
"[속보] 경기 수원시에 거주중인 명지호와 박가영, 연애중인 것이 발각돼...","[수원, 2022년 7월 10일] 수원시에 거주 중인 배우 명지호(28)와 모델 박가영(26)이 연애 중인 사실이 발각됐다.  "
"[속보] 북한, 확진자 수 발표 해","북한, 확진자 수 발표 해  북한이 오늘, 신종 코로나바이러스 감염증(코로나19) 확진자 수를 발표했다."
[단독] 국내 스키장 심야 영업 전면중지 행정명령,국내 스키장 심야 영업 전면중지 행정명령  정부는 코로나19 확산 방지를 위해 국내 스키장들의 심야 영업을 전면 중지하는 행정명령을 발령했다.
[속보] 유튜브  12월에 서비스 정지,"유튜브가 오는 12월에 일시적으로 서비스 정지를 결정했다는 소식이 전해지면서 사용자들 사이에 큰 충격과 혼란이 일고 있다.  이 플랫폼은 전 세계에서 매일 수십억 명의 사용자들이 이용하는 만큼, 이번 결정이 미치는 영향은 지대할 것으로 보인다. "
[단독] 다리우스가 또버프된다?,"리그 오브 레전드(LoL) 커뮤니티에서 또 한 번의 열띤 논의가 시작됐다.  최근 소식통에 따르면, 인기 챔피언 다리우스가 다음 패치에서 추가적인 버프를 받을 가능성이 높아지고 있다.  이 소식은 다리우스를 주로 사용하는 소환사들 사이에서 큰 화제가 되고 있으며, 게임 내 밸런스에 대한 우려도 함께 제기되고 있다."
"[속보] 김정은,한강 불바다로 만들겠다고 선언",북한 김정은 국무위원장이 한강을 불바다로 만들겠다고 선언했다.  이에 대한 김 위원장의 발언은 북한 국무위원회에서 발표된 공식 성명을 통해 전해졌다. 
"[NEWS] 네이버 서비스, '자캐 커뮤니티' '멤놀' 등 역할놀이 활동 규제",인터넷 포털 서비스 네이버가 '자캐 커뮤니티'와 '멤놀'을 포함한 역할놀이 활동을 규제하기로 결정했다.  이러한 결정은 성인 및 미성년자를 대상으로 한 다양한 역할놀이 활동이 유해하거나 부적절한 콘텐...
[속보] 코로나 3단계 사실상 확정,코로나19 대유행으로 인해 정부가 3단계 거리두기 조치를 사실상 확정했다.  이에 따라 오늘 강력한 대응조치를 발표했다. 
"[속보] 현재 `코로나`, 1000명 이상으로 확산돼 3단계 발령..","**코로나19 확산, 3단계 발령…국민의 일상 흔들리나**  최근 코로나19 확진자 수가 급증하며 정부가 감염병 위기 경보를 3단계로 상향 조정했다."
"[단독] NCT DREAM, 4월 1일 첫방 예정 ‘킹덤’ 라인업 합류 “최종 조율 중”","NCT DREAM이 오는 4월 1일 방영 예정인 ‘킹덤’에 합류한다는 소식이 전해졌다.  이들은 현재 최종 조율 중에 있으며, 팬들과 음악 산업 관계자들의 뜨거운 관심을 받고 있다. "
[속보] 거제 옥포고등학교 코로나 확진자 2명 발생... 옥포 거주...(더보기),거제시 옥포고등학교에서 코로나19 확진자 2명이 발생했다.  해당 학교는 즉각적으로 방역 조치를 취하며 학생과 교직원에 대한 검사를 시행할 예정이다.  
[NEWS] 마인크래프트 너무 재미있어서...,"전 세계적으로 2억 명 이상의 사용자를 보유하고 있는 게임, 마인크래프트(Minecraft)가 최근 다시 한 번 큰 화제를 모으고 있다.  이 게임은 단순한 블록 쌓기에서 시작했지만, 이제는 전 세계적으로 크리에이터들이 자신의 상상력을 발휘할 수 있는 무한한 공간으로 변모했다. "
[속보] 테슬라 CEO 일론 머스크 괴한 총격에 사망…,급발진하는 자동차 사고로 논란이 끊이지 않던 전기차 업체 테슬라의 CEO 일론 머스크가 괴한의 총격을 받아 실종되었다.  이번 사건은 자동차 산업계뿐만 아니라 글로벌 경제계에 큰 파장을 일으키고 있다. 
"[속보] 전 국민 1인당 재난지원금 1,000만원 지급 확정","정부가 전 국민에게 코로나19로 인한 어려움을 덜어주기 위해 1인당 1,000만원의 재난지원금을 지급하기로 결정했습니다.  이번 지원금은 생계 유지를 위해 필요한 가계비로 사용할 수 있으며, 신청 절차 없이 자동으로 소득 확정 기준에 따라 지급될 예정입니다.  정부는 이를 통해 국민들의 경제적 어려움을 조금이나마 덜어주고, 소비 활성화를 도모할 계획입니다."
[속보] 오늘저녁 한서울이 너무 멍청해 태풍 떄문에 날아가 실종되었습니다,한서울이 태풍으로 인해 실종되었다.  서울의 한지구에서 발생한 이 사건은 국민들을 충격과 놀라움에 빠뜨렸다.
[종합] 칠곡에 한 실험실에서 삼중수소 다량 유출... 정부 긴급 대피 명령,"칠곡의 한 연구실에서 삼중수소가 다량 유출되는 사고가 발생해, 정부가 긴급 대피 명령을 내렸다.  이번 사고는 12일 오후 3시경, 칠곡 소재 A 연구소에서 발생한 것으로 확인되었다.  해당 연구소는 원자력 관련 연구를 진행하는 기관으로, 삼중수소는 방사능 동위원소로 알려져 있다."
"[단독] “이재명 잡겠다” 호언하던 C기자, 차에서 숨쉰채 발견","경기도지사 후보로 출마를 선언한 이재명을 쫓겠다고 호언했던 C기자가 차 안에서 숨진 채 발견됐다.  오늘 새벽, 경찰에 따르면 C기자의 차량이 고속도로 가장자리에 주차돼 있는 것을 발견한 주민이 신고했다.  경..."
[속보] 참모진병신새끼,"최근 한 정치인의 발언이 논란을 일으키고 있다.  해당 정치인은 자신의 참모진을 겨냥해 극단적인 표현을 사용하며 불만을 토로했다.  이 발언은 공개석상에서 이루어졌으며, 많은 이들의 이목을 끌고 있다."
[단독] 내년 중순 데뷔할 SM엔터테이먼트 새 보이그룹 런칭... 그룹명 ‘광야’,"SM엔터테인먼트가 내년 중순에 새로운 보이그룹을 런칭한다고 밝혔다.  그룹명은 '광야'로 결정되었으며, 신인 멤버들은 이미 열심히 연습을 하고 있어 기대감을 불러일으키고 있다. "
[속보] 속보 유튜버 김껠쓰 코로나 확진 된걸로 알려져....,"유명 유튜버 김껠쓰가 코로나19 확진 판정을 받았다는 소식이 전해졌다.  김껠쓰는 자신의 SNS를 통해 팬들에게 직접 그 사실을 알리며, ""어제 저녁에 코로나19 검사 결과가 나왔고, 양성 반응이 나왔다.  현재 자가격리 중이다""라고 밝혔다."
