﻿title,content
"""북한과 달라"" 탈레반 손짓…각국 우려에도 아프간 관광객 증가","(서울=연합뉴스) 고동욱 기자 = 테러 위험과 치안 불안 등을 우려하는 각국 정부의 경고에도 탈레반이 장악한 아프가니스탄을 찾는 관광객이 증가하고 있다고 미국 일간 뉴욕타임스(NYT)가 29일(현지시간) 보도했다.     외화벌이가 필요한 탈레반 정부가 적극적으로 관광객 유치에 나서고, 미지의 땅을 밟아보고 싶은 모험심 강한 여행객들이 이에 호응하면서다.     탈레반 정부에 따르면 지난 3년간 1만4천500명의 외국인 관광객이 아프가니스탄을 찾았다."
"“설마 오늘 같은 날”···참사 당일, 한강서 선상 불꽃놀이 강행","“설마 오늘 같은 날 불꽃놀이를 하는 건가요?” 전남 무안국제공항에서 제주항공 여객기 참사가 일어난 지난 29일 저녁, 한 온라인 커뮤니티에 올라온 글이다. 소셜미디어에서도 여의도 인근 한강에서 열린 선상 불꽃놀이를 찍은 사진과 영상이 공유됐다. 불꽃놀이의 진원지는 ‘한강한류불꽃크루즈’ 행사였다. 이는 서울시 미래한강본부가 주관하는 ‘2024 한강 페스티벌’의 일환으로 이달 20일부터 31일까지 12일간 한강공원 일대에서 펼쳐지는 6개의 프로그램 중 하나였다."
“월요일 아침 문 열자마자 500명 취소” 여행사 취소 문의 빗발,“월요일 아침 출근해서 회사 업무를 시작하자마자 취소 문의가 빗발쳤습니다. 30분 새 약 500명이 해외여행 예약을 취소했습니다.”        익명을 요구한 중견 여행사 A투어의 관계자의 전언이다. 지난 29일 제주항공 여객기 참사로 인한 후폭풍이 거세다. 올겨울 해외여행을 계획했던 소비자의 줄취소 사태가 벌어지고 있다. 해외여행 전반에 대한 불안감이 확산한 탓에 여행업계가 순식간에 대혼돈에 휩싸였다.  
"[단독] 모두가 ""조류 충돌"" 외쳤는데…무안공항 조류퇴치반은 상황 몰랐다","[앵커] 무안공항 대처를 따져봐야 하는 이유가 또 있습니다. 사고 직전 무안공항 관제탑은 조류 충돌 경보를 보냈는데, 정작 공항 대처 인력인 조류 퇴치반은 이 상황 자체를 몰랐던 걸로 JTBC 취재 결과 파악됐습니다. 또 정부는 사고 당일 조류 퇴치 근무자가 2명이었다고 밝혔는데, 2명이 아니라 1명이었던 걸로 드러났습니다. 박소연 기자의 단독 보도입니다."
활주로 끝에서 불과 264m…‘콘크리트 둔덕’이 참사 키웠다,"제주항공 참사의 피해가 커진 배경 중 하나로 로컬라이저(착륙 유도 시설)가 지목되고 있다. 단단한 콘크리트 구조물로 돼 있었던 탓에 속도를 줄이지 못한 사고기가 이 시설에 강하게 부딪치며 피해를 키웠다는 것이다. 특히 미국 당국이 운용하고 있는 활주로 종단과의 권고 기준 거리보다 짧은 것으로 나타났다. 로컬라이저 구조물 설치의 적절성도 정부의 사고 조사 때 쟁점이 될 것으로 보인다. 30일 미국 연방항공청의 ‘계기착륙시스템 설치 기준’을 보면, 활주로 끝에서 305m(1000피트)에 로컬라이저를 설치하라고 권고한다. 국제민간항공기구 기준(ICAO Annex 10, 14 등)도 이와 유사한 300m를 제시한다. 미 연방항공청은 만약 권고하는 설치 거리를 맞추지 못한다면, 항공기와의 충돌 시 피해를 최소화하기 위해 구조물이 ‘쉽게 파손되는 재질’이어야 한다고 권장하고 설계지침도 이와 같다. 그러나 무안공항의 로컬라이저는 활주로 끝으로부터 264m 거리에 설치된 단단한 콘크리트 구조물 위에 놓여 있다. 활주로 종단과의 이격 거리가 최소 40m 짧은 셈이다.  무안공항의 이 구조물은 지난해 말 사용 연한이 지난 기존 구조물을 철거하고 새로 만든 것이다. 다만 기존 구조물도 현재와 마찬가지로 지상에서 3m가량 솟아오른 둔덕 형태로 돼 있었다. 국토교통부는 이날 밤 무안공항 로컬라이저처럼 활주로 종단안전구역 밖에 설치되는 장비 등엔 재질 규정이 없고, ICAO 규정 및 국내 지침 등에도 로컬라이저 구조물 재질 관련사항에 대한 규정이 없어 ‘규정 위반이 아니다’라는 입장을 밝혔다."
"""이틀 동안 13번 비행""…6개국 들락날락 '쉴 틈 없던 사고기'","제주항공 여객기 참사와 관련해 문제의 여객기가 과도하게 많이 운항되는 등 스케줄이 무리하게 편성됐다는 지적이 제기됐다. 30일 비행 데이터를 추적하는 항공 전문 사이트 플라이트어웨어에 기록된 사고기(등록번호 HL8088) 운항 이력을 살펴보면, 사고기는 최근 48시간 동안 무안을 비롯해 제주·인천공항과 중국 베이징, 타이완 타이베이, 태국 방콕, 일본 나가사키, 말레이시아 코타키나발루 등을 바삐 오간 것으로 집계됐다. 운항 횟수는 총 13회에 이른다. 운항 이력을 보면 이 항공기는 지난 27일 오전 9시 6분 무안국제공항에 도착한 후 1시간도 안 돼 제주도로 떠났다. 그리고 종일 제주와 인천, 베이징, 제주를 오가다 전남 무안에 밤 10시 32분에 도착했다. 그리고 53분 만인 11시 25분 다시 코타키나발루를 향해 이륙했다."
"수백ｍ 사이 갈라진 집회…""尹 파면하라"" vs ""탄핵은 무효""(종합)",(서울=연합뉴스) 이동환 정윤주 이율립 기자 = 28일 서울 도심 광화문 일대에서는 윤석열 대통령 탄핵을 촉구하거나 반대하는 대규모 집회가 1㎞ 간격을 두고 열렸다.     윤석열 즉각 퇴진·사회 대개혁 비상행동'(퇴진행동)은 이날 오후 4시께부터 경복궁 동십자각∼경복궁역 3-1번 출구 일대 모든 차로에서 집회를 열었다.     오후 5시 10분 기준 경찰 비공식 추산 3만5천명이 참가했다. 퇴진운동 측은 집회에 50만명이 넘는 인원이 참여했다고 추산했다.
[단독] 오겜2 공개일에 넷플릭스 국내 이용자수 37.6%↑ [1일IT템],"넷플릭스 오리지널 시리즈 '오징어 게임' 시즌2가 공개된 지난 26일 넷플릭스의 국내 이용자수는 전날보다 37.6% 급증한 것으로 나타났다.     29일 모바일 빅데이터 기업 아이지에이웍스 모바일인덱스 데이터에 따르면 지난 26일 넷플릭스의 국내 일간 이용자수(DAU)는 412만8302명으로, 전일(300만1258명) 대비 37.6% 늘어났다. '오징어 게임' 시즌2가 이날 오후 5시에 공개된 점을 감안하면 놀라운 수치다.  "
"‘스트리머가 자리 비울 때 AI가 대신’…SOOP, 내년 도입","[이데일리 김현아 기자] 국내 최대 1인 방송 플랫폼인 SOOP(067160)이 내년부터 생성형AI 기술을 전면 도입한다. 스트리머가 잠시 자리를 비울 때 인공지능(AI)이 대신 스트리머의 외모와 분위기를 재현한 영상을 생성하는 싸비(SAVVY)를 시작으로, 다시보기 생성형 AI 샤크(SHARK), 스트리밍 AI 비서 살사(SARSA)등을 순차로 도입키로 했다. 이러한 기술들은 스트리머들의 방송 제작 편의성을 높이고, 시청자들에게 더욱 몰입도 높은 경험을 제공하는 것을 목표로 한다."
"푸틴, 아제르 대통령에 여객기 추락 사고 사과…러 책임성은 언급 안 해(상보)","(서울=뉴스1) 권진영 기자 = 블라디미르 푸틴 러시아 대통령이 최근 38명의 사망자를 낸 아제르바이잔 여객기 추락 사고에 대해 28일(현지시간), 사과했다. 크렘린궁은 이날 성명을 통해 푸틴 대통령이 일함 알리예프 아제르바이잔 대통령과의 전화 통화에서 ""러시아 영공에서 발생한 비극적인 사건에 대해 사과하고 희생자 가족에게 다시 한번 깊고 진심 어린 애도를 표하며, 부상자들의 빠른 회복을 기원했다""고 했다. 이어 사고 여객기가 그로즈니에 착륙하려고 ""여러 번"" 시도했으나 ""당시 그로즈니·모즈독·블라디캅카스는 우크라이나 무인기의 공격을 받고 있었고, 러시아 방공망이 이를 격퇴하고 있었다""고 설명했다."
“새가 날개에 껴서 착륙 못하는 중” 사고 피해자 마지막 메시지 공개,29일 발생한 제주항공 여객기사고의 발생 원인이 ‘조류 충돌(버드 스트라이크)’일 수 있음을 추정케하는 사고 피해자와 유족간 대화내역이 공개됐다. 사고 유족인 20대 A씨는 이날 “부모님이 (사고 여객기를 통해) 방콕여행에서 돌아오시던 중 보내온 마지막 카카오톡 내용”이라며 해당 대화내역을 <경향신문>에 제공했다. 대화 내용을 보면 피해자는 오전 9시에 “잠깐 있어. 새가 날개에 껴서”라고 메시지를 보냈다. 사고 발생 시점(오전 9시3분쯤) 직전이다.
‘조류 충돌’ 경고 2분 뒤 “메이데이”…제주항공 긴급 조난신호,"제주항공 무안참사 과정에 무안국제공항 관제탑이 제주항공 사고 항공기에 착륙 직전 ‘조류 충돌’(버드 스트라이크)을 주의하라는 경고 신호를 보냈고, 불과 2분 뒤 조난신호인 “메이데이” 요청이 있었던 것으로 나타났다. 국토교통부는 29일 오후 정부세종청사에서 진행한 ‘무안 여객기 사고 관련 브리핑’에서 이 같은 사고 경위를 일부 공개했다. 주종완 항공정책실장에 따르면, 이날 오전 8시57분께 무안국제공항 관제탑은 사고기에 조류 충돌을 경고했고, 이어 2분 뒤인 59분에 사고기 기장이 긴급 조난신호인 ‘메이데이’를 요청한 것으로 나타났다. 이후 사고 여객기가 당초 착륙 예정이던 1번 활주로에서 방향을 반대로 바꿔 19번 활주로 방향으로 착륙을 시도했고, 이후부터 불과 3분 뒤인 9시3분께 랜딩기어 없이 착륙하다 충돌했다는 것이다. 국토부는 “활주로 01번 방향으로 착륙을 시도하다 관제탑에서 조류 충돌 주의 경보를 주자 얼마 안 있다가 조종사가 메이데이를 선언했다”며 “그 당시 관제탑에서 활주로 반대 방향으로 착륙 허가를 줘서 조종사가 수용하고 착륙하는 과정에서 활주로를 지나서 담벼락 충돌한 것으로 확인됐다”고 설명했다."
"""사고 당시 승객들 동체 밖으로..."" 형체도 알아볼 수 없는 상황 [Y녹취록]","■ 진행 : 박석원 앵커, 유다현 앵커 ■ 출연 : 백승주 한국열린사이버대 소방방재학과 교수 * 아래 텍스트는 실제 방송 내용과 차이가 있을 수 있으니 보다 정확한 내용은 방송으로 확인하시기 바랍니다. 인용 시 [YTN 뉴스와이드] 명시해주시기 바랍니다."
"""러, 우크라 포크로우스크 점령 임박…쿠르스크도 상당 부분 탈환""","(서울=뉴스1) 이창규 기자 = 올해로 우크라이나 전쟁이 3년째로 접어든 가운데 우크라이나는 러시아의 전방위적인 공세에 밀려 많은 영토를 내줬다. 개전 후 처음으로 러시아 국경을 넘어 쿠르스주를 점령하며 반격을 시도했으나 그마저도 현재로선 유지하기 쉽지 않은 모습이다.  키이우 인디펜던스에 따르면, 러시아는 올해 2월 동부 전선의 아우디우카(Avdiivka)를 점령하면서 도네츠크에 대한 공세를 시작해 올 여름 포르로우스크, 쿠라호베, 불레다르에 접근했다. 지난 10월엔 불레다르가 러시아 손에 떨어졌다. 러시아군은 포크로우스크에서 남쪽과 동쪽으로 3~4km 떨어진 곳까지 접근한 상태로 전문가들은 러시아가 포크로우스크도 곧 점령할 수 있을 것으로 전망했다. "
계엄 트라우마 3주째…“헬기 소리만 들려도 심장이 쿵”,"“비상계엄이 선포됐다는 소식을 듣고 그 늦은 시간에 90살이 다 된 동네 어머님들이 하나둘씩 찾아오셨어요. 어디로 숨어야 하느냐고 묻는데, 저도 사지가 떨리더라고요. 얼마나 무서운 일인지 우리는 아니까….” 1980년 5월17일 비상계엄 전국 확대 뒤 광주에서 계엄군의 폭력과 학살을 직접 목격한 양재혁 5·18 민주유공자유족회 회장은 지난 3일 또다시 그날의 악몽을 떠올렸다고 했다. 12·3 내란사태로 계엄군이 국회로 들어가는 모습을 생중계로 보며 “그 끔찍한 역사가 다시 펼쳐지리라고 상상도 못 했다”고 토로했다. 사태가 안긴 충격은 그로부터 20여일이 지난 24일에도 이어지고 있었다. 양 회장은 이날 한겨레에 “혹시나 헌법재판소에서 탄핵안이 인용되지 않을까 봐, 윤 대통령이 복귀해 2차 계엄을 할 수도 있다는 걱정에 심장이 벌렁거려 잠들기도 힘들다”고 말했다. 12·3 내란사태는, 5·18과 더불어 양 회장에게 한순간 충격을 넘어 지속적인 불안과 공포를 안기는 경험이 된 것이다. "
"""공무원 되기 전부터 생각""…지하철 무료 재승차, 이 남자 작품이었다",서울 강남구 삼성1동과 송파구 잠실1동을 연결하는 봉은교는 출퇴근 시간 상습적으로 차가 막힌다. 특이한 건 다리 한가운데 보도(步道)가 섬처럼 자리 잡고 있었다는 점이다. 강전남 서울시 기술지원팀장은 도로계획과 주무관 시절 중앙보도를 철거하고 좌회전 대기차로로 조성하는 아이디어를 냈다. 덕분에 출퇴근 시간에 자동차 정체가 덜해 대기 행렬이나 통행시간이 줄었다.      
'최전선서 1천㎞' 러 카잔에 우크라 드론 공격…항공 마비,"(모스크바=연합뉴스) 최인영 특파원 = 우크라이나가 러시아 최전선에서 약 1천㎞ 떨어진 타타르스탄공화국 카잔에 드론 공격을 가했다고 러시아 국방부가 21일(현지시간) 밝혔다.      타스, 로이터 통신 등에 따르면 러시아 국방부는 이날 오전 7시 40분부터 9시 20분까지 우크라이나 항공기형 드론이 카잔의 민간 시설을 세 차례에 걸쳐 공격했다고 주장했다.      카잔은 러시아와 우크라이나의 최전선에서 내륙으로 약 1천㎞, 러시아 수도 모스크바에서 동쪽으로 약 800㎞ 떨어져 있다. AP 통신은 ""우크라이나가 러시아 심장부에 전쟁을 불러왔다""고 지적했다."
"""언제든 고민 얘기해봐""…MZ들 속 털어놓는 상담사 '정체' [유지희의 ITMI]","Q. 전 남친에게 내 안에 있는 못 다 한 이야기를 다 해버리고 싶어 (20대 대학생 이 모씨) A. 그 마음 정말 이해해, 헤어진 사이에서도 못다 한 이야기가 있다면 그게 마음속에 계속 남아 답답하고 힘들 수밖에 없어. Q. 좋아하는 여자 어떻게 꼬실까? (30대 직장인 정 모씨)"
"퇴임 한 달 남은 바이든, 대만에 8300억원 규모 군사 원조","퇴임을 한 달 앞둔 조 바이든 미국 대통령이 21일 대만에 8천300억원 규모의 군사원조를 승인했다. 바이든 대통령은 이날 백악관 누리집에 올린 성명에서 대외원조법(FAA)에 따라 대만에 최대 5억7130만 달러(약 8300억원)의 군사원조를 지원하도록 조처했다고 밝혔다. 그는 “헌법과 법률이 대통령인 내게 부여한 권한에 따라 대만에 원조를 제공하기 위해 국방부의 방위 물품과 서비스, 군사교육, 훈련 예산 가운데 최대 5억7130만 달러를 인출하는 권한을 국무장관에게 위임한다”고 설명했다."
"우크라 “러, 전사한 북한군 신원 감추려고 시신 얼굴 불태워”",조 바이든 미국 행정부가 러시아와 우크라이나의 격전지인 러시아 남서부 쿠르스크주에 파병된 북한군이 최근 우크라이나군과 전투를 벌이다 수십 명의 사상자를 냈다고 16일 밝혔다. 미국 정부가 북한군의 사상자 발생을 공식 확인한 것은 처음이다.  볼로디미르 젤렌스키 우크라이나 대통령 또한 “이번 전쟁에서 북한인이 죽을 이유는 없다. 유일한 이유는 이 전쟁을 부채질한 푸틴의 광기 때문”이라며 블라디미르 푸틴 러시아 대통령을 비판했다. 
“좀비처럼 무모하게 접근”… 드론 훈련 못받은 북한군 속수무책 당해,"“공격 드론이 날아다니는데도 북한군이 좀비처럼 다가왔다. 이해할 수 없을 정도로 무모했다.” 러시아와 우크라이나의 격전지인 러시아 남서부 쿠르스크주에 에 파병된 북한군 사상자가 급증하고 있는 가운데, 대규모 인명 피해의 원인으로 우크라이나 무인기(드론)이 꼽히고 있다. 최신식 무기에 익숙하지 않고, 전투 경험도 부족한 북한군이 공격용 드론의 살상 위력에 대한 이해가 떨어져 속수무책으로 당했다는 의미다. 북한군의 인명 피해는 앞으로도 계속 늘어날 가능성이 크다. 다음달 20일 도널드 트럼프 미국 대통령 당선인의 취임식을 앞두고 러시아와 우크라이나 모두 현재 점령지가 새 국경선이 될 가능성에 대비하고 있기 때문이다. 당분간 양측 모두 큰 인명 피해를 감수하고서라도 조금이라도 더 영토를 확보하려는 전술을 펼칠 것으로 보인다."
"눈 덮인 쿠르스크 벌판에 드론 폭격...""북한군 50명 사망""","[앵커] 치열한 교전이 펼쳐지고 있는 러시아 쿠르스크 지역에서 우크라이나 군이 드론으로 공격하는 영상을 추가로 공개했습니다. 북한군을 공격했다며 공개한 영상인데, 이 공격으로 모두 50명이 숨지고 47명 이상이 다쳤다고 주장했습니다."
“북한군 수십명 사살” 우크라군 영상 공개,"화질 흐려 판별하기 어려워 우크라이나군이 러시아 남서부 쿠르스크에서 자국군과 교전 중 전사한 북한군 병사들의 시신을 찍은 동영상을 공개했다. 다만 영상 화질이 선명하지 않아 실제 북한군 시신인지는 영상만으로는 판별하기 어렵다. 15일 ‘마지아의 새들’로 불리는 우크라이나군의 ‘제414 공격 드론 연대’ 지휘관인 로버트 브로브디는 이날 텔레그램 채널에 시신 수십 구가 일렬로 눕혀져 있는 사진과 동영상을 올렸다. 브로브디는 사진과 동영상에서 보이는 수십 구의 시신에는 러시아군 외에 많은 수의 북한군이 포함됐다고 주장했다. 그는 우크라이나군 여러 여단의 1인칭 시점(FPV) 드론 조종사들과 해병대, 탱크 부대 등의 합동 작전에 당한 북한군이라고 설명했다. "
응원봉에 둘러싸인 77살 어르신 ‘뜨거운 눈물’…전 세계 울린 한마디 [영상],검은 야구 모자를 쓴 남성이 하늘을 보며 눈물을 흘린다. 모자 밖으로는 흰머리가 삐져나왔고 코끝은 추위로 붉게 물들었다. 걸그룹 소녀시대의 ‘다시 만난 세계’가 국회 앞에 큰 소리로 울려 퍼지자 그는 흐르는 눈물을 닦지도 않고 손을 머리 위로 들고 덩실덩실 몸을 흔들었다.  
"'민족정체성 강화' 키르기스, 國歌 변경 추진…""옛소련 연상돼""",(뉴델리=연합뉴스) 유창엽 특파원 = 민족 정체성 강화 작업을 진행해온 옛 소련 구성국 키르기스스탄이 옛 소련을 연상시킨다는 이유로 국가(國歌) 변경을 추진하고 있다.      15일(현지시간) AFP 통신 등에 따르면 키르기스스탄 국회는 최근 국가 변경을 위한 별도 위원회를 구성했으며 내년 4월까지 새 국가를 도입하기로 했다.     중앙아시아 키르기스스탄은 1991년 옛 소련 해체로 독립하면서 기존 곡을 토대로 가사만 바꾼 국가를 채택했다.
“북한군 수십명 사살” 우크라군 영상 공개,"화질 흐려 판별하기 어려워 우크라이나군이 러시아 남서부 쿠르스크에서 자국군과 교전 중 전사한 북한군 병사들의 시신을 찍은 동영상을 공개했다. 다만 영상 화질이 선명하지 않아 실제 북한군 시신인지는 영상만으로는 판별하기 어렵다. 15일 ‘마지아의 새들’로 불리는 우크라이나군의 ‘제414 공격 드론 연대’ 지휘관인 로버트 브로브디는 이날 텔레그램 채널에 시신 수십 구가 일렬로 눕혀져 있는 사진과 동영상을 올렸다. 브로브디는 사진과 동영상에서 보이는 수십 구의 시신에는 러시아군 외에 많은 수의 북한군이 포함됐다고 주장했다. 그는 우크라이나군 여러 여단의 1인칭 시점(FPV) 드론 조종사들과 해병대, 탱크 부대 등의 합동 작전에 당한 북한군이라고 설명했다. "
"‘前 계엄사령관’ 박안수, 영장심사 포기","‘12‧3 비상계엄’ 사태 당시 계엄사령관을 맡았던 박안수 육군 참모총장이 17일 구속영장 실질심사를 포기했다. 박 총장은 이날 중앙지역군사법원에서 오전 10시부터 열릴 예정이었던 구속영장 실질심사에 참석하지 않기로 했다. 이에 법원은 검찰 특별수사본부(본부장 박세현 서울고검장)가 제출한 기록 등을 검토해 이날 오후쯤 박 총장의 구속 여부를 정할 것으로 보인다. 박 총장은 윤석열 대통령이 지난 3일 비상계엄령을 선포했을 때 비상계엄 포고령 1호를 발표하고, 조지호 경찰청장(구속)에게 국회 시설 통제를 요청했다."
