{
    "sourceDataInfo": {
        "newsID": "SO_M06_884923",
        "newsCategory": "사회",
        "newsSubcategory": "사회,전국,영남권",
        "newsTitle": "부산 유흥업소 연관 11명 등 38명 추가 확진…3명은 유증상자 검사 행정명령으로 확진",
        "newsSubTitle": "유흥시설 종사자 1명, 접촉자 10명 추가 확진부산 누계 확진자 4,603명으로 늘어",
        "newsContent": "부산에서는 유흥시설 연관 11명을 포함해 38명이 신종코로나바이러스감염증(코로나19)에 추가 확진됐다.\n16일 부산시에 따르면 전날 오후 8명, 이날 오전 30명 등 모두 38명이 코로나19 양성 판정을 받았다.\n부산지역 누계 확진자는 4,603명으로 늘었다.\n추가 확진자 중 3명은 전날 시행된 유증상자에 대한 진단검사 행정명령에 따라 검사를 받고 확진됐다.\n행정명령에 따라 콧물, 인후통, 기침 등 호흡기 증상, 근육통 발열 오한 등 몸살 증상 또는 미각이나 후각이 둔해지는 등 의심증상이 있어 의료기관, 약국에서 검사 권고를 받은 시민들은 신속히 보건소 선별진료소를 방문해 검사를 받아야 한다.\n유흥시설 연관 종사자 1명과 접촉자 10명도 확진됐다.\n현재까지 종사자 80명, 이용자 97명, 접촉자 278명이 감염됐다.\n확진자 7명이 발생한 서구의 한 고등학교에서도 학생 1명이 추가 확진됐다.\n해당 학교는 전학년 온라인 수업을 실시 중이다.\n동래구의 복지관 주간보호센터를 이용한 1명이 자가격리 중 확진 판정을 받았다.\n해당 시설 확진자는 종사자 3명, 이용자 8명, 접촉자 1명 등 모두 12명으로 늘었다.\n앞서 주기적 검사에서 종사자가 확진된 북구 소재 주간보호센터는 운영이 중단됐다.\n종사자 18명, 이용자 47명에 대한 진단 검사 결과 추가 확진자는 발생하지 않았다.\n9명은 감염경로가 불분명해 보건당국이 역학조사 중이다.\n아랍에미레이트와 캐나다에서 입국한 2명도 확진 판정을 받았다.\n코로나19에 감염돼 입원 치료를 받던 확진자 1명이 숨졌다.\n누계 사망자는 121명으로 늘었다.",
        "partNum": "P2",
        "useType": 1,
        "processType": "A",
        "processPattern": "00",
        "processLevel": "하",
        "sentenceCount": 17,
        "processSentencenum": 0,
        "sentenceInfo": [
            {
                "sentenceNo": 1,
                "sentenceContent": "부산에서는 유흥시설 연관 11명을 포함해 38명이 신종코로나바이러스감염증(코로나19)에 추가 확진됐다.",
                "sentenceSize": 57
            },
            {
                "sentenceNo": 2,
                "sentenceContent": "16일 부산시에 따르면 전날 오후 8명, 이날 오전 30명 등 모두 38명이 코로나19 양성 판정을 받았다.",
                "sentenceSize": 60
            },
            {
                "sentenceNo": 3,
                "sentenceContent": "부산지역 누계 확진자는 4,603명으로 늘었다.",
                "sentenceSize": 26
            },
            {
                "sentenceNo": 4,
                "sentenceContent": "추가 확진자 중 3명은 전날 시행된 유증상자에 대한 진단검사 행정명령에 따라 검사를 받고 확진됐다.",
                "sentenceSize": 55
            },
            {
                "sentenceNo": 5,
                "sentenceContent": "행정명령에 따라 콧물, 인후통, 기침 등 호흡기 증상, 근육통 발열 오한 등 몸살 증상 또는 미각이나 후각이 둔해지는 등 의심증상이 있어 의료기관, 약국에서 검사 권고를 받은 시민들은 신속히 보건소 선별진료소를 방문해 검사를 받아야 한다.",
                "sentenceSize": 133
            },
            {
                "sentenceNo": 6,
                "sentenceContent": "유흥시설 연관 종사자 1명과 접촉자 10명도 확진됐다.",
                "sentenceSize": 30
            },
            {
                "sentenceNo": 7,
                "sentenceContent": "현재까지 종사자 80명, 이용자 97명, 접촉자 278명이 감염됐다.",
                "sentenceSize": 38
            },
            {
                "sentenceNo": 8,
                "sentenceContent": "확진자 7명이 발생한 서구의 한 고등학교에서도 학생 1명이 추가 확진됐다.",
                "sentenceSize": 41
            },
            {
                "sentenceNo": 9,
                "sentenceContent": "해당 학교는 전학년 온라인 수업을 실시 중이다.",
                "sentenceSize": 26
            },
            {
                "sentenceNo": 10,
                "sentenceContent": "동래구의 복지관 주간보호센터를 이용한 1명이 자가격리 중 확진 판정을 받았다.",
                "sentenceSize": 43
            },
            {
                "sentenceNo": 11,
                "sentenceContent": "해당 시설 확진자는 종사자 3명, 이용자 8명, 접촉자 1명 등 모두 12명으로 늘었다.",
                "sentenceSize": 49
            },
            {
                "sentenceNo": 12,
                "sentenceContent": "앞서 주기적 검사에서 종사자가 확진된 북구 소재 주간보호센터는 운영이 중단됐다.",
                "sentenceSize": 44
            },
            {
                "sentenceNo": 13,
                "sentenceContent": "종사자 18명, 이용자 47명에 대한 진단 검사 결과 추가 확진자는 발생하지 않았다.",
                "sentenceSize": 47
            },
            {
                "sentenceNo": 14,
                "sentenceContent": "9명은 감염경로가 불분명해 보건당국이 역학조사 중이다.",
                "sentenceSize": 30
            },
            {
                "sentenceNo": 15,
                "sentenceContent": "아랍에미레이트와 캐나다에서 입국한 2명도 확진 판정을 받았다.",
                "sentenceSize": 34
            },
            {
                "sentenceNo": 16,
                "sentenceContent": "코로나19에 감염돼 입원 치료를 받던 확진자 1명이 숨졌다.",
                "sentenceSize": 33
            },
            {
                "sentenceNo": 17,
                "sentenceContent": "누계 사망자는 121명으로 늘었다.",
                "sentenceSize": 19
            }
        ]
    }
}