{
    "sourceDataInfo": {
        "newsID": "SO_M06_881760",
        "newsCategory": "사회",
        "newsSubcategory": "사회,법조,법조",
        "newsTitle": "\\\"법 개정전 일어난 담합행위에 신법 적용 가능\\\"",
        "newsSubTitle": "대법, 원고 일부 승소 판결 파기",
        "newsContent": "답합 행위에 대한 처분 시효를 연장한 ‘독점규제 및 공정거래에 관한 법률’(공정거래법) 개정 전에 일어난 담합 행위에 대해 개정 법이 적용된다는 판결이 나왔다.\n28일 대법원 3부(주심 이동원 대법관)는 한진정보통신이 공정위를 상대로 낸 과징금 납부 명령 취소 소송 상고심에서 원고 일부 승소로 판결한 원심을 원고 패소 취지로 깨고 사건을 서울고법으로 돌려보냈다고 28일 밝혔다.\n한진정보통신은 국토지리정보원이 발주한 입찰에서 다른 업체와 3차례 투찰 가격 등을 담합한 혐의로 공정위로부터 6억2,000만원의 과징금 처분을 받았다.\n한진정보통신은 담합 3건 중 2010년과 2011년 1·2차 담합 행위는 ‘법 위반 행위 종료일로부터 5년’의 시효가 지나 취소해야 한다고 주장했다.\n공정위는 2016년 6월에 조사를 개시해 2018년 5월에 처분을 했다.\n따라서 2010년~2011년으로부터 5년이 지난 뒤 처분했으니 무효라는 게 한진정보통신의 주장이었다.\n공정위 측은 2012년 6월 ‘법 위반 행위에 대한 조사 개시일로부터 5년’과 ‘공정위가 조사를 개시하지 않았으면 위반 행위 종료일로부터 7년’로 개정된 법이 적용되기에 시효가 남았다고 주장했다.\n서울고법은 한진정보통신의 주장을 받아들여 6억2,000만원의 과징금 중 4억6,000만원을 취소하라고 판결했다.\n대법원은 2심 판결을 뒤집고 공정위 측의 손을 들어줬다.\n새 법에 따른 처분 시효를 적용할 수 있다고 본 것이다.\n재판부는 “구법에 따른 처분 시효 기간이 지나지 않은 상태에서 아직 피고의 조사가 개시되지 않은 상태에 있다는 사정만으로는 구법의 존속에 대한 신뢰를 보호할 가치가 크지 않다”고 판시했다.",
        "partNum": "P2",
        "useType": 1,
        "processType": "A",
        "processPattern": "00",
        "processLevel": "하",
        "sentenceCount": 11,
        "processSentencenum": 0,
        "sentenceInfo": [
            {
                "sentenceNo": 1,
                "sentenceContent": "답합 행위에 대한 처분 시효를 연장한 ‘독점규제 및 공정거래에 관한 법률’(공정거래법) 개정 전에 일어난 담합 행위에 대해 개정 법이 적용된다는 판결이 나왔다.",
                "sentenceSize": 89
            },
            {
                "sentenceNo": 2,
                "sentenceContent": "28일 대법원 3부(주심 이동원 대법관)는 한진정보통신이 공정위를 상대로 낸 과징금 납부 명령 취소 소송 상고심에서 원고 일부 승소로 판결한 원심을 원고 패소 취지로 깨고 사건을 서울고법으로 돌려보냈다고 28일 밝혔다.",
                "sentenceSize": 122
            },
            {
                "sentenceNo": 3,
                "sentenceContent": "한진정보통신은 국토지리정보원이 발주한 입찰에서 다른 업체와 3차례 투찰 가격 등을 담합한 혐의로 공정위로부터 6억2,000만원의 과징금 처분을 받았다.",
                "sentenceSize": 84
            },
            {
                "sentenceNo": 4,
                "sentenceContent": "한진정보통신은 담합 3건 중 2010년과 2011년 1·2차 담합 행위는 ‘법 위반 행위 종료일로부터 5년’의 시효가 지나 취소해야 한다고 주장했다.",
                "sentenceSize": 83
            },
            {
                "sentenceNo": 5,
                "sentenceContent": "공정위는 2016년 6월에 조사를 개시해 2018년 5월에 처분을 했다.",
                "sentenceSize": 40
            },
            {
                "sentenceNo": 6,
                "sentenceContent": "따라서 2010년~2011년으로부터 5년이 지난 뒤 처분했으니 무효라는 게 한진정보통신의 주장이었다.",
                "sentenceSize": 56
            },
            {
                "sentenceNo": 7,
                "sentenceContent": "공정위 측은 2012년 6월 ‘법 위반 행위에 대한 조사 개시일로부터 5년’과 ‘공정위가 조사를 개시하지 않았으면 위반 행위 종료일로부터 7년’로 개정된 법이 적용되기에 시효가 남았다고 주장했다.",
                "sentenceSize": 109
            },
            {
                "sentenceNo": 8,
                "sentenceContent": "서울고법은 한진정보통신의 주장을 받아들여 6억2,000만원의 과징금 중 4억6,000만원을 취소하라고 판결했다.",
                "sentenceSize": 62
            },
            {
                "sentenceNo": 9,
                "sentenceContent": "대법원은 2심 판결을 뒤집고 공정위 측의 손을 들어줬다.",
                "sentenceSize": 31
            },
            {
                "sentenceNo": 10,
                "sentenceContent": "새 법에 따른 처분 시효를 적용할 수 있다고 본 것이다.",
                "sentenceSize": 31
            },
            {
                "sentenceNo": 11,
                "sentenceContent": "재판부는 “구법에 따른 처분 시효 기간이 지나지 않은 상태에서 아직 피고의 조사가 개시되지 않은 상태에 있다는 사정만으로는 구법의 존속에 대한 신뢰를 보호할 가치가 크지 않다”고 판시했다.",
                "sentenceSize": 105
            }
        ]
    }
}