{
    "sourceDataInfo": {
        "newsID": "SO_M06_883589",
        "newsCategory": "사회",
        "newsSubcategory": "사회,전국,영남권",
        "newsTitle": "사단법인 부산컨벤션산업협회 창립총회 개최",
        "newsSubTitle": "30일 벡스코서 컨벤션산업 학계, 업계, 전문가 등 참석",
        "newsContent": "사단법인 부산컨벤션산업협회는 30일 오후 벡스코에서 ‘사단법인 부산컨벤션산업협회 창립총회’를 개최한다고 29일 밝혔다.\n협회는 지난달 22일 부산 컨벤션 산업 진흥을 위한 관련 단체 네트워크 구축, 기업육성, 콘텐츠 개발, 회원사의 권익보호 등 부산 컨벤션 산업발전을 위해 설립됐다.\n지역 PCO·PEO, 관광콘텐츠, 장치업체, 디자인, 수송 등 마이스 업계 90여 명으로 구성됐다.\n이번 창립총회는 부산의 컨벤션 산업 발전을 위해 애쓰는 관련 학계, 업계 및 전문가를 비롯한 회원사 등 100명 안팎 인원이 참석해 부산 컨벤션 산업의 건전한 발전을 격려할 예정이다.\n창립총회는 김민석 협회장 환영사, 주요내빈 축사, 협회 소개 및 사업계획 발표, 임원진 소개 및 자문위원단 위촉, 비전선포, 회원사 소개 순서로 진행된다.\n김 협회장은 “부산의 컨벤션 산업이 다양한 발전을 이끌어 낼 수 있는 중추적인 역할을 하겠다”고 말했다.\n부산시 관계자는 “컨벤션산업이 위기에서 더욱 성장할 수 있는 발판이 될 수 있도록 협회에서 구심점으로서의 역할을 해줄 것으로 기대한다”며 “컨벤션산업이 지속가능한 성장기반을 마련할 수 있도록 다각도로 지원하겠다”고 말했다.",
        "partNum": "P2",
        "useType": 1,
        "processType": "A",
        "processPattern": "00",
        "processLevel": "하",
        "sentenceCount": 7,
        "processSentencenum": 0,
        "sentenceInfo": [
            {
                "sentenceNo": 1,
                "sentenceContent": "사단법인 부산컨벤션산업협회는 30일 오후 벡스코에서 ‘사단법인 부산컨벤션산업협회 창립총회’를 개최한다고 29일 밝혔다.",
                "sentenceSize": 66
            },
            {
                "sentenceNo": 2,
                "sentenceContent": "협회는 지난달 22일 부산 컨벤션 산업 진흥을 위한 관련 단체 네트워크 구축, 기업육성, 콘텐츠 개발, 회원사의 권익보호 등 부산 컨벤션 산업발전을 위해 설립됐다.",
                "sentenceSize": 91
            },
            {
                "sentenceNo": 3,
                "sentenceContent": "지역 PCO·PEO, 관광콘텐츠, 장치업체, 디자인, 수송 등 마이스 업계 90여 명으로 구성됐다.",
                "sentenceSize": 55
            },
            {
                "sentenceNo": 4,
                "sentenceContent": "이번 창립총회는 부산의 컨벤션 산업 발전을 위해 애쓰는 관련 학계, 업계 및 전문가를 비롯한 회원사 등 100명 안팎 인원이 참석해 부산 컨벤션 산업의 건전한 발전을 격려할 예정이다.",
                "sentenceSize": 102
            },
            {
                "sentenceNo": 5,
                "sentenceContent": "창립총회는 김민석 협회장 환영사, 주요내빈 축사, 협회 소개 및 사업계획 발표, 임원진 소개 및 자문위원단 위촉, 비전선포, 회원사 소개 순서로 진행된다.",
                "sentenceSize": 86
            },
            {
                "sentenceNo": 6,
                "sentenceContent": "김 협회장은 “부산의 컨벤션 산업이 다양한 발전을 이끌어 낼 수 있는 중추적인 역할을 하겠다”고 말했다.",
                "sentenceSize": 58
            },
            {
                "sentenceNo": 7,
                "sentenceContent": "부산시 관계자는 “컨벤션산업이 위기에서 더욱 성장할 수 있는 발판이 될 수 있도록 협회에서 구심점으로서의 역할을 해줄 것으로 기대한다”며 “컨벤션산업이 지속가능한 성장기반을 마련할 수 있도록 다각도로 지원하겠다”고 말했다.",
                "sentenceSize": 124
            }
        ]
    }
}