{
    "sourceDataInfo": {
        "newsID": "SO_M06_880171",
        "newsCategory": "사회",
        "newsSubcategory": "사회,사건사고,사건사고",
        "newsTitle": "'우산 거슬려'…일면식 없는 행인에 '묻지마 칼부림'한 40대, 1심 징역 4년",
        "newsSubTitle": "재판부, 살인미수 대신 특수상해만 인정",
        "newsContent": "특별한 이유 없이 일면식도 없는 상대방에게 흉기를 휘둘러 상해를 입힌 40대가 실형을 선고받았다.\n서울중앙지법 형사합의24부(소병석 부장판사)는 3일 살인미수 혐의로 구속기소 된 A(44)씨에게 징역 4년을 선고했다.\nA씨는 지난해 9월 서울 중구의 한 도로에서 피해자 B(45)씨가 우산을 쓰고 앞을 지나가는 것이 거슬린다는 이유로 피해자의 목을 흉기로 그었다.\nA씨는 전치 2주의 상해를 입었으나 생명에는 지장이 없었다.\nA씨는 법정에서 \\\"살인·상해의 고의가 없었다\\\"며 혐의를 전면 부인했다.\n자신의 옷을 정리하려 짧은 칼을 꺼내는 도중 미끄러진 탓에 B씨의 목에 상처를 입혔다는 것이다.\n그러나 재판부는 폐쇄회로(CC)TV와 목격자 진술 등을 살펴봤을 때 A씨가 고의로 B씨를 겨냥해 범행을 저지른 사실이 인정된다고 판단했다.\n다만 재판부는 \\\"피고인이 사용한 흉기의 종류나 칼날 길이 등을 고려했을 때 살해의 의도를 가졌다면 강한 힘을 줘서 가격하거나 여러 차례 반복해서 행위를 벌였어야 했지만 그렇지 않았다\\\"며 살인미수 대신 특수상해만 인정했다.\n재판부는 또 \\\"피고인이 피해자에 대해 극도의 분노나 살해로 얻을 이득도 없었을 것으로 보인다\\\"고 설명했다.\n재판부는 \\\"특별한 이유 없이 일면식도 없는 불특정인을 상대로 흉기를 사용해 '묻지마 범행'을 저질러 일반 대중에게 극도의 공포감을 불러일으켰다\\\"며 양형 이유를 밝혔다.",
        "partNum": "P2",
        "useType": 1,
        "processType": "A",
        "processPattern": "00",
        "processLevel": "하",
        "sentenceCount": 10,
        "processSentencenum": 0,
        "sentenceInfo": [
            {
                "sentenceNo": 1,
                "sentenceContent": "특별한 이유 없이 일면식도 없는 상대방에게 흉기를 휘둘러 상해를 입힌 40대가 실형을 선고받았다.",
                "sentenceSize": 54
            },
            {
                "sentenceNo": 2,
                "sentenceContent": "서울중앙지법 형사합의24부(소병석 부장판사)는 3일 살인미수 혐의로 구속기소 된 A(44)씨에게 징역 4년을 선고했다.",
                "sentenceSize": 66
            },
            {
                "sentenceNo": 3,
                "sentenceContent": "A씨는 지난해 9월 서울 중구의 한 도로에서 피해자 B(45)씨가 우산을 쓰고 앞을 지나가는 것이 거슬린다는 이유로 피해자의 목을 흉기로 그었다.",
                "sentenceSize": 81
            },
            {
                "sentenceNo": 4,
                "sentenceContent": "A씨는 전치 2주의 상해를 입었으나 생명에는 지장이 없었다.",
                "sentenceSize": 33
            },
            {
                "sentenceNo": 5,
                "sentenceContent": "A씨는 법정에서 \\\"살인·상해의 고의가 없었다\\\"며 혐의를 전면 부인했다.",
                "sentenceSize": 41
            },
            {
                "sentenceNo": 6,
                "sentenceContent": "자신의 옷을 정리하려 짧은 칼을 꺼내는 도중 미끄러진 탓에 B씨의 목에 상처를 입혔다는 것이다.",
                "sentenceSize": 53
            },
            {
                "sentenceNo": 7,
                "sentenceContent": "그러나 재판부는 폐쇄회로(CC)TV와 목격자 진술 등을 살펴봤을 때 A씨가 고의로 B씨를 겨냥해 범행을 저지른 사실이 인정된다고 판단했다.",
                "sentenceSize": 77
            },
            {
                "sentenceNo": 8,
                "sentenceContent": "다만 재판부는 \\\"피고인이 사용한 흉기의 종류나 칼날 길이 등을 고려했을 때 살해의 의도를 가졌다면 강한 힘을 줘서 가격하거나 여러 차례 반복해서 행위를 벌였어야 했지만 그렇지 않았다\\\"며 살인미수 대신 특수상해만 인정했다.",
                "sentenceSize": 125
            },
            {
                "sentenceNo": 9,
                "sentenceContent": "재판부는 또 \\\"피고인이 피해자에 대해 극도의 분노나 살해로 얻을 이득도 없었을 것으로 보인다\\\"고 설명했다.",
                "sentenceSize": 61
            },
            {
                "sentenceNo": 10,
                "sentenceContent": "재판부는 \\\"특별한 이유 없이 일면식도 없는 불특정인을 상대로 흉기를 사용해 '묻지마 범행'을 저질러 일반 대중에게 극도의 공포감을 불러일으켰다\\\"며 양형 이유를 밝혔다.",
                "sentenceSize": 95
            }
        ]
    }
}