{
    "sourceDataInfo": {
        "newsID": "SO_M06_895236",
        "newsCategory": "사회",
        "newsSubcategory": "사회,전국,충청권",
        "newsTitle": "UST, 학생 연구기획 역량 강화 나선다",
        "newsSubTitle": "‘연구계획서 작성 경진대회-Proposal Challenge’ 개최",
        "newsContent": "UST(과학기술연합대학원대학교)는 2021년 ‘연구계획서 작성 경진대회-UST Proposal Challenge(Proposal Challenge)’를 개최한다고 14일 밝혔다.\n올해 처음 시작하는 Proposal Challenge는 학생들이 스스로 기획한 연구 아이디어를 우수한 연구계획서로 발전시킬 수 있는 기회를 제공하게 된다.\nUST 재학생 및 수료생이 1~3명으로 팀을 구성해 국가연구사업 지원을 가정해 자유롭게 연구 주제를 선택할 수 있다.\nProposal Challenge에 참가하는 모든 팀에게는 ‘연구계획서 작성법’사전 교육과 2회에 걸친 산학연 전문가 멘토링을 제공한다.\n최종 발표 평가를 통해 최우수 1팀(300만원), 우수 2팀(각 150만원), 장려 3팀(각 50만원)을 선정해 11월 포상할 예정이다.\nUST는 이번 경진대회를 통해 학생들의 연구기획 및 연구계획서 작성 능력 향상을 도모할 예정이다.\n이를 위해 연구 제안자의 핵심 평가 기준인 제안자 역량, 아이디어의 창의성 및 타당성, 연구계획의 적절성, 후속 발전 가능성을 기준으로 설정했다.\nUST 김이환 총장은 “공공, 산업계에 혁신을 일으킬 수 있는 학생들의 창의적인 아이디어를 기대한다”며 “그 아이디어가 기술 혁신으로 이어질 수 있도록 적극적으로 학생들을 지원하겠다”고 말했다.",
        "partNum": "P2",
        "useType": 1,
        "processType": "A",
        "processPattern": "00",
        "processLevel": "하",
        "sentenceCount": 8,
        "processSentencenum": 0,
        "sentenceInfo": [
            {
                "sentenceNo": 1,
                "sentenceContent": "UST(과학기술연합대학원대학교)는 2021년 ‘연구계획서 작성 경진대회-UST Proposal Challenge(Proposal Challenge)’를 개최한다고 14일 밝혔다.",
                "sentenceSize": 99
            },
            {
                "sentenceNo": 2,
                "sentenceContent": "올해 처음 시작하는 Proposal Challenge는 학생들이 스스로 기획한 연구 아이디어를 우수한 연구계획서로 발전시킬 수 있는 기회를 제공하게 된다.",
                "sentenceSize": 86
            },
            {
                "sentenceNo": 3,
                "sentenceContent": "UST 재학생 및 수료생이 1~3명으로 팀을 구성해 국가연구사업 지원을 가정해 자유롭게 연구 주제를 선택할 수 있다.",
                "sentenceSize": 65
            },
            {
                "sentenceNo": 4,
                "sentenceContent": "Proposal Challenge에 참가하는 모든 팀에게는 ‘연구계획서 작성법’사전 교육과 2회에 걸친 산학연 전문가 멘토링을 제공한다.",
                "sentenceSize": 76
            },
            {
                "sentenceNo": 5,
                "sentenceContent": "최종 발표 평가를 통해 최우수 1팀(300만원), 우수 2팀(각 150만원), 장려 3팀(각 50만원)을 선정해 11월 포상할 예정이다.",
                "sentenceSize": 76
            },
            {
                "sentenceNo": 6,
                "sentenceContent": "UST는 이번 경진대회를 통해 학생들의 연구기획 및 연구계획서 작성 능력 향상을 도모할 예정이다.",
                "sentenceSize": 54
            },
            {
                "sentenceNo": 7,
                "sentenceContent": "이를 위해 연구 제안자의 핵심 평가 기준인 제안자 역량, 아이디어의 창의성 및 타당성, 연구계획의 적절성, 후속 발전 가능성을 기준으로 설정했다.",
                "sentenceSize": 81
            },
            {
                "sentenceNo": 8,
                "sentenceContent": "UST 김이환 총장은 “공공, 산업계에 혁신을 일으킬 수 있는 학생들의 창의적인 아이디어를 기대한다”며 “그 아이디어가 기술 혁신으로 이어질 수 있도록 적극적으로 학생들을 지원하겠다”고 말했다.",
                "sentenceSize": 108
            }
        ]
    }
}