{
    "sourceDataInfo": {
        "newsID": "SO_M06_881672",
        "newsCategory": "사회",
        "newsSubcategory": "사회,전국,수도권",
        "newsTitle": "경기도, 뷰티산업 육성 도울 기관·단체 공모…연구개발·임상시험 등",
        "newsSubTitle": "null",
        "newsContent": "경기도는 고부가 가치 창출 산업인 ‘뷰티산업 육성 지원 사업’을 시행하기로 하고 수행할 기관(단체)를 다음달 5일까지 공모한다고 26일 밝혔다.\n공모 분야는 뷰티 연구개발 및 임상시험 지원 사업, 뷰티 디자인 개발 지원 사업 등 2개 사업이다.\n공모 지원대상은 최근 3년 이내 뷰티관련 사업을 추진한 경력이 있는 경기도에 있는 기관 또는 단체이다.\n1개 기관이 다수사업을 신청할 수 있으며, 컨소시엄을 구성해 참여하는 것도 가능하다.\n특히 임상시험 지원사업의 경우 업무 효율성과 전문성을 높이기 위해 최대 3개 이하의 기관(단체)과 컨소시엄을 구성할 수 있다.\n도는 사업 수행기관을 선정한 후 공모를 통해 화장품 제조업과 책임판매업으로 등록된 기업 중 수혜기업을 선발해 제품 연구개발, 임상시험, 디자인 개발을 위한 직접비를 지원할 계획이다.",
        "partNum": "P2",
        "useType": 1,
        "processType": "A",
        "processPattern": "00",
        "processLevel": "하",
        "sentenceCount": 6,
        "processSentencenum": 0,
        "sentenceInfo": [
            {
                "sentenceNo": 1,
                "sentenceContent": "경기도는 고부가 가치 창출 산업인 ‘뷰티산업 육성 지원 사업’을 시행하기로 하고 수행할 기관(단체)를 다음달 5일까지 공모한다고 26일 밝혔다.",
                "sentenceSize": 80
            },
            {
                "sentenceNo": 2,
                "sentenceContent": "공모 분야는 뷰티 연구개발 및 임상시험 지원 사업, 뷰티 디자인 개발 지원 사업 등 2개 사업이다.",
                "sentenceSize": 55
            },
            {
                "sentenceNo": 3,
                "sentenceContent": "공모 지원대상은 최근 3년 이내 뷰티관련 사업을 추진한 경력이 있는 경기도에 있는 기관 또는 단체이다.",
                "sentenceSize": 57
            },
            {
                "sentenceNo": 4,
                "sentenceContent": "1개 기관이 다수사업을 신청할 수 있으며, 컨소시엄을 구성해 참여하는 것도 가능하다.",
                "sentenceSize": 47
            },
            {
                "sentenceNo": 5,
                "sentenceContent": "특히 임상시험 지원사업의 경우 업무 효율성과 전문성을 높이기 위해 최대 3개 이하의 기관(단체)과 컨소시엄을 구성할 수 있다.",
                "sentenceSize": 70
            },
            {
                "sentenceNo": 6,
                "sentenceContent": "도는 사업 수행기관을 선정한 후 공모를 통해 화장품 제조업과 책임판매업으로 등록된 기업 중 수혜기업을 선발해 제품 연구개발, 임상시험, 디자인 개발을 위한 직접비를 지원할 계획이다.",
                "sentenceSize": 101
            }
        ]
    }
}