{
    "sourceDataInfo": {
        "newsID": "SO_M01_915328",
        "newsCategory": "사회",
        "newsSubcategory": "사회",
        "newsTitle": "KBS, G20 홍보방송 비판한 기자 중징계",
        "newsSubTitle": "‘미디어오늘’에 기고 김용진 기자 정직 4개월… “적반하장” 사내 반발",
        "newsContent": "KBS의 G20 정상회의 홍보방송이 도를 넘어 프로파간다에 이르렀다고 비판하는 글을 미디어오늘에 기고했던 김용진 KBS 울산방송국 기자(전 탐사보도팀장)에 대해 KBS가 정직 4개월이라는 중징계를 내려 파문이 일고 있다.\nKBS는 지난 22일 인사위원회를 열어 김 기자에 대해 성실과 품위유지 조항을 어겼다며 이같이 징계처분했다.\n한상덕 KBS 홍보주간은 \\\"국민의 방송으로서 처음 있는 G20 행사인데, 역사적 행사에 의미를 담아 보도하는 것이 국가기간방송의 역할이라고 보는데, 거기에 비판적인 시각을 갖고 사원으로서 '정권홍보 차원' 등을 언급해 이미지를 훼손시킨 부분이 있다\\\"며 \\\"사측의 의도와 동떨어진 시각을 갖고 그런 글을 기고해 물의를 일으켜 징계한 것\\\"이라고 말했다.\n김용진 기자는 이런 징계를 수용할 수 없다며 인사위원회 재심신청을 할 계획이다.\n김 기자는 24일 사내통신망에 올린 글을 통해 다시 한 번 KBS의 노골적인 G20 미화프로그램 사례를 들어 \\\"'자장면 61억5000만 그릇' '일자리 11만2000개 창출효과' 등 유치찬란한 선전문구로 가득 찼던 KBS 화면들을 나는 프로파간다라고 썼다\\\"며 \\\"나치방송과 조선중앙방송에나 나올 법한 유형의 선전들이 수신료로 공영방송 KBS에 버젓이 방송되도록 하는 것이야말로 성실과 품위유지를 어기는 행위\\\"라고 반박했다.\n김 기자는 28일 미디어오늘과 인터뷰에서 자신을 포함한 KBS의 무더기 징계 칼바람에 대해 \\\"나 뿐 아니라 마구잡이로 징계를 벌이려는 것은 정상적인 상태는 아니다\\\"라며 그래서 '망조'라는 표현을 쓴 것이라고 말했다.\n김 기자는 특히 뉴스 프로그램의 실상에 대해 저널리즘의 기본을 넘어 매일 방송법을 위반하고 있다고 비판하기도 했다.\n김 기자는 \\\"방송의 공정성과 공익성을 언급한 방송법 6조의 9항을 보면 '정부 정책이나 특정 단체의 입장에 대해서도 치우쳐서 보도하면 안된다'고 명문화돼있다\\\"며 \\\"그런데 KBS는 G20, 대북정책, UAE, 4대강 등에 대해 정부의 목소리 위주로 보도되고 있다. 방송법에 처벌조항이 없어서 그렇지 KBS 뉴스는 매일같이 법을 위반하고 있다고 할 수 있다\\\"고 비판했다.\n김 기자는 \\\"명문화된 조항도 안지키는데 굳이 저널리즘을 따지는 것은 사치스러운 일\\\"이라며 \\\"최소한 KBS의 뉴스 프로그램은 법의 취지에도 미치지 못하고 있는 것\\\"이라고 강조했다.",
        "partNum": "P2",
        "useType": 1,
        "processType": "A",
        "processPattern": "00",
        "processLevel": "하",
        "sentenceCount": 9,
        "processSentencenum": 0,
        "sentenceInfo": [
            {
                "sentenceNo": 1,
                "sentenceContent": "KBS의 G20 정상회의 홍보방송이 도를 넘어 프로파간다에 이르렀다고 비판하는 글을 미디어오늘에 기고했던 김용진 KBS 울산방송국 기자(전 탐사보도팀장)에 대해 KBS가 정직 4개월이라는 중징계를 내려 파문이 일고 있다.",
                "sentenceSize": 123
            },
            {
                "sentenceNo": 2,
                "sentenceContent": "KBS는 지난 22일 인사위원회를 열어 김 기자에 대해 성실과 품위유지 조항을 어겼다며 이같이 징계처분했다.",
                "sentenceSize": 60
            },
            {
                "sentenceNo": 3,
                "sentenceContent": "한상덕 KBS 홍보주간은 \\\"국민의 방송으로서 처음 있는 G20 행사인데, 역사적 행사에 의미를 담아 보도하는 것이 국가기간방송의 역할이라고 보는데, 거기에 비판적인 시각을 갖고 사원으로서 '정권홍보 차원' 등을 언급해 이미지를 훼손시킨 부분이 있다\\\"며 \\\"사측의 의도와 동떨어진 시각을 갖고 그런 글을 기고해 물의를 일으켜 징계한 것\\\"이라고 말했다.",
                "sentenceSize": 198
            },
            {
                "sentenceNo": 4,
                "sentenceContent": "김용진 기자는 이런 징계를 수용할 수 없다며 인사위원회 재심신청을 할 계획이다.",
                "sentenceSize": 44
            },
            {
                "sentenceNo": 5,
                "sentenceContent": "김 기자는 24일 사내통신망에 올린 글을 통해 다시 한 번 KBS의 노골적인 G20 미화프로그램 사례를 들어 \\\"'자장면 61억5000만 그릇' '일자리 11만2000개 창출효과' 등 유치찬란한 선전문구로 가득 찼던 KBS 화면들을 나는 프로파간다라고 썼다\\\"며 \\\"나치방송과 조선중앙방송에나 나올 법한 유형의 선전들이 수신료로 공영방송 KBS에 버젓이 방송되도록 하는 것이야말로 성실과 품위유지를 어기는 행위\\\"라고 반박했다.",
                "sentenceSize": 239
            },
            {
                "sentenceNo": 6,
                "sentenceContent": "김 기자는 28일 미디어오늘과 인터뷰에서 자신을 포함한 KBS의 무더기 징계 칼바람에 대해 \\\"나 뿐 아니라 마구잡이로 징계를 벌이려는 것은 정상적인 상태는 아니다\\\"라며 그래서 '망조'라는 표현을 쓴 것이라고 말했다.",
                "sentenceSize": 122
            },
            {
                "sentenceNo": 7,
                "sentenceContent": "김 기자는 특히 뉴스 프로그램의 실상에 대해 저널리즘의 기본을 넘어 매일 방송법을 위반하고 있다고 비판하기도 했다.",
                "sentenceSize": 64
            },
            {
                "sentenceNo": 8,
                "sentenceContent": "김 기자는 \\\"방송의 공정성과 공익성을 언급한 방송법 6조의 9항을 보면 '정부 정책이나 특정 단체의 입장에 대해서도 치우쳐서 보도하면 안된다'고 명문화돼있다\\\"며 \\\"그런데 KBS는 G20, 대북정책, UAE, 4대강 등에 대해 정부의 목소리 위주로 보도되고 있다. 방송법에 처벌조항이 없어서 그렇지 KBS 뉴스는 매일같이 법을 위반하고 있다고 할 수 있다\\\"고 비판했다.",
                "sentenceSize": 209
            },
            {
                "sentenceNo": 9,
                "sentenceContent": "김 기자는 \\\"명문화된 조항도 안지키는데 굳이 저널리즘을 따지는 것은 사치스러운 일\\\"이라며 \\\"최소한 KBS의 뉴스 프로그램은 법의 취지에도 미치지 못하고 있는 것\\\"이라고 강조했다.",
                "sentenceSize": 103
            }
        ]
    }
}