{
    "sourceDataInfo": {
        "newsID": "SO_M06_899491",
        "newsCategory": "사회",
        "newsSubcategory": "사회,사회일반,사회일반",
        "newsTitle": "아파트 주차장서 '쿵쿵쿵'…차량 3대 들이받은 음주운전 경찰관",
        "newsSubTitle": "차량 3대 파손·50대 1명 경상혈중알코올농도 면허취소 수준경찰 “징계위 열어 조처할 방침”",
        "newsContent": "서울 노원구의 한 아파트 지하 주차장에서 만취 상태로 차를 몰다가 다른 차 3대를 들이받는 교통사고를 낸 20대 현직 경찰관이 검찰에 넘겨졌다.\n18일 서울 중랑경찰서는 도로교통법 위반(음주운전) 및 특정범죄가중처벌등에 관한 법률 위반(위험운전치상) 등의 혐의로 노원경찰서 산하 지구대에 재직 중인 A(29)순경을 지난 1일 검찰에 불구속 송치했다고 밝혔다.\nA순경은 지난달 11일 밤 11시 20분쯤 서울 노원구 상계동의 한 아파트 지하주차장에서 술에 취한 채 차량을 몰다 주차장 안에 있는 차량 3대를 들이받은 혐의를 받는다.\n이 사고로 피해 차량 중 1대에 타고 있던 50대 여성이 경상을 입은 것으로 확인됐다.\n조사 결과 당시 A순경의 혈중알코올농도 수치는 면허 취소 수준인 0.08% 이상으로 측정됐다.\nA순경은 3개월 직무배제 조처를 받았다.\n경찰 관계자는 “A씨에 대한 감찰 조사는 마무리했다”며 “A씨에 대한 수사가 현재 진행 중인 상태이므로 수사 결과에 따라 징계 수위가 달라질 수 있어 징계위원회는 아직 열리지 않았다”고 밝혔다.\n이어 “수사 결과에 따라 징계가 내려지기 때문에 아직 A씨에 대한 해임 가능성을 말하긴 어렵다”고 덧붙였다.",
        "partNum": "P2",
        "useType": 1,
        "processType": "A",
        "processPattern": "00",
        "processLevel": "하",
        "sentenceCount": 8,
        "processSentencenum": 0,
        "sentenceInfo": [
            {
                "sentenceNo": 1,
                "sentenceContent": "서울 노원구의 한 아파트 지하 주차장에서 만취 상태로 차를 몰다가 다른 차 3대를 들이받는 교통사고를 낸 20대 현직 경찰관이 검찰에 넘겨졌다.",
                "sentenceSize": 80
            },
            {
                "sentenceNo": 2,
                "sentenceContent": "18일 서울 중랑경찰서는 도로교통법 위반(음주운전) 및 특정범죄가중처벌등에 관한 법률 위반(위험운전치상) 등의 혐의로 노원경찰서 산하 지구대에 재직 중인 A(29)순경을 지난 1일 검찰에 불구속 송치했다고 밝혔다.",
                "sentenceSize": 119
            },
            {
                "sentenceNo": 3,
                "sentenceContent": "A순경은 지난달 11일 밤 11시 20분쯤 서울 노원구 상계동의 한 아파트 지하주차장에서 술에 취한 채 차량을 몰다 주차장 안에 있는 차량 3대를 들이받은 혐의를 받는다.",
                "sentenceSize": 95
            },
            {
                "sentenceNo": 4,
                "sentenceContent": "이 사고로 피해 차량 중 1대에 타고 있던 50대 여성이 경상을 입은 것으로 확인됐다.",
                "sentenceSize": 48
            },
            {
                "sentenceNo": 5,
                "sentenceContent": "조사 결과 당시 A순경의 혈중알코올농도 수치는 면허 취소 수준인 0.08% 이상으로 측정됐다.",
                "sentenceSize": 52
            },
            {
                "sentenceNo": 6,
                "sentenceContent": "A순경은 3개월 직무배제 조처를 받았다.",
                "sentenceSize": 22
            },
            {
                "sentenceNo": 7,
                "sentenceContent": "경찰 관계자는 “A씨에 대한 감찰 조사는 마무리했다”며 “A씨에 대한 수사가 현재 진행 중인 상태이므로 수사 결과에 따라 징계 수위가 달라질 수 있어 징계위원회는 아직 열리지 않았다”고 밝혔다.",
                "sentenceSize": 108
            },
            {
                "sentenceNo": 8,
                "sentenceContent": "이어 “수사 결과에 따라 징계가 내려지기 때문에 아직 A씨에 대한 해임 가능성을 말하긴 어렵다”고 덧붙였다.",
                "sentenceSize": 60
            }
        ]
    }
}