{
    "sourceDataInfo": {
        "newsID": "SO_M06_910484",
        "newsCategory": "사회",
        "newsSubcategory": "사회,전국,영남권",
        "newsTitle": "상주시 낙동강수상투어버스 운행",
        "newsSubTitle": "null",
        "newsContent": "경북 상주시가 5월 1일부터 낙동강 수상투어버스 운행을 시작했다.\n낙동강 일원을 물 위에서 즐기고 주변 관광지를 구경할 수 있는 낙동강 수상버스는 관광객들의 새로운 이동 수단이 될 것으로 기대된다.\n그동안 상주시가 자랑하는 경천대과 경천섬 등의 관광지가 서로 떨어져 있어 관광객들에게 불편한점이 많았다.\n이 불편함을 해소하기 위해 상주시는 지난 4월 종합점검을 마치고 경천섬~회상나루~상주보 수상레저센터~경천대 관광지를 순환하는 수상버스 사업을 준비했다.\n낙동강 수상투어버스는 오전10시 ~ 오후5시50분까지 유료시범 운영한 뒤, 5월 9일부터 본격 운영에 들어간다.\n요금은 1구간은 5000원이며 2구간 이상은 1만원이다.",
        "partNum": "P2",
        "useType": 1,
        "processType": "A",
        "processPattern": "00",
        "processLevel": "하",
        "sentenceCount": 6,
        "processSentencenum": 0,
        "sentenceInfo": [
            {
                "sentenceNo": 1,
                "sentenceContent": "경북 상주시가 5월 1일부터 낙동강 수상투어버스 운행을 시작했다.",
                "sentenceSize": 36
            },
            {
                "sentenceNo": 2,
                "sentenceContent": "낙동강 일원을 물 위에서 즐기고 주변 관광지를 구경할 수 있는 낙동강 수상버스는 관광객들의 새로운 이동 수단이 될 것으로 기대된다.",
                "sentenceSize": 73
            },
            {
                "sentenceNo": 3,
                "sentenceContent": "그동안 상주시가 자랑하는 경천대과 경천섬 등의 관광지가 서로 떨어져 있어 관광객들에게 불편한점이 많았다.",
                "sentenceSize": 58
            },
            {
                "sentenceNo": 4,
                "sentenceContent": "이 불편함을 해소하기 위해 상주시는 지난 4월 종합점검을 마치고 경천섬~회상나루~상주보 수상레저센터~경천대 관광지를 순환하는 수상버스 사업을 준비했다.",
                "sentenceSize": 84
            },
            {
                "sentenceNo": 5,
                "sentenceContent": "낙동강 수상투어버스는 오전10시 ~ 오후5시50분까지 유료시범 운영한 뒤, 5월 9일부터 본격 운영에 들어간다.",
                "sentenceSize": 62
            },
            {
                "sentenceNo": 6,
                "sentenceContent": "요금은 1구간은 5000원이며 2구간 이상은 1만원이다.",
                "sentenceSize": 31
            }
        ]
    }
}