{
    "sourceDataInfo": {
        "newsID": "SO_M06_879738",
        "newsCategory": "사회",
        "newsSubcategory": "사회,노동·고용·취업,노동",
        "newsTitle": "택배노조 29일부터 총파업 …설 앞두고 '물류 차질' 우려",
        "newsSubTitle": "null",
        "newsContent": "민주노총 산하 전국택배연합노동조합이 29일부터 무기한 총파업에 돌입하기로 했다.\n파업 규모는 전체 택배 기사의 10%가량으로 설 연휴 택배 배송에 일정 부분 차질을 빚을 것으로 보인다.\n택배노조는 27일 서울 중구 한진택배 본사 앞에서 기자회견을 열고 “29일부터 무기한 전면 총파업에 돌입한다”며 “지난 20∼21일 양일간 진행한 택배노조 총파업 조합원 찬반 투표 결과 전체 조합원 중 97%의 투표율과 91% 찬성률로 가결됐다”고 밝혔다.\n택배사 측이 ‘사회적 합의’를 어기고 택배 분류 인력을 제대로 충원하지 않아 과로사 등의 문제가 풀리지 않고 있다는 게 노조 측 주장이다.\n이에 따라 CJ대한통운·롯데택배·한진택배 등 민간 택배사와 우체국본부 조합원을 합쳐 5,450명가량의 조합원이 파업에 참가할 것으로 예상된다.\n지난해 기준 전국 택배 기사 약 5만 4,000명의 10%에 해당한다.\n이 중 우체국본부 조합원 2,650명은 분류 작업이 안 됐을 경우 배송 작업을 거부하는 식으로 파업에 동참하기로 했다.\n택배노조는 단체협약 체결을 파업 철회 조건으로 내걸었다.\n택배사들이 특수근로형태종사자 신분인 택배 기사 노조를 교섭 대상으로 인정하고 노사가 분류 인력 충원 문제를 직접 협의하자는 것이다.\n이날 김태완 택배노조 위원장은 “현장에서는 바뀐 것이 없다는 목소리가 높다”며 “재벌 택배사가 국민과 택배 노동자를 기만하고 우롱한 것”이라고 말했다.",
        "partNum": "P2",
        "useType": 1,
        "processType": "A",
        "processPattern": "00",
        "processLevel": "하",
        "sentenceCount": 10,
        "processSentencenum": 0,
        "sentenceInfo": [
            {
                "sentenceNo": 1,
                "sentenceContent": "민주노총 산하 전국택배연합노동조합이 29일부터 무기한 총파업에 돌입하기로 했다.",
                "sentenceSize": 44
            },
            {
                "sentenceNo": 2,
                "sentenceContent": "파업 규모는 전체 택배 기사의 10%가량으로 설 연휴 택배 배송에 일정 부분 차질을 빚을 것으로 보인다.",
                "sentenceSize": 58
            },
            {
                "sentenceNo": 3,
                "sentenceContent": "택배노조는 27일 서울 중구 한진택배 본사 앞에서 기자회견을 열고 “29일부터 무기한 전면 총파업에 돌입한다”며 “지난 20∼21일 양일간 진행한 택배노조 총파업 조합원 찬반 투표 결과 전체 조합원 중 97%의 투표율과 91% 찬성률로 가결됐다”고 밝혔다.",
                "sentenceSize": 143
            },
            {
                "sentenceNo": 4,
                "sentenceContent": "택배사 측이 ‘사회적 합의’를 어기고 택배 분류 인력을 제대로 충원하지 않아 과로사 등의 문제가 풀리지 않고 있다는 게 노조 측 주장이다.",
                "sentenceSize": 77
            },
            {
                "sentenceNo": 5,
                "sentenceContent": "이에 따라 CJ대한통운·롯데택배·한진택배 등 민간 택배사와 우체국본부 조합원을 합쳐 5,450명가량의 조합원이 파업에 참가할 것으로 예상된다.",
                "sentenceSize": 79
            },
            {
                "sentenceNo": 6,
                "sentenceContent": "지난해 기준 전국 택배 기사 약 5만 4,000명의 10%에 해당한다.",
                "sentenceSize": 39
            },
            {
                "sentenceNo": 7,
                "sentenceContent": "이 중 우체국본부 조합원 2,650명은 분류 작업이 안 됐을 경우 배송 작업을 거부하는 식으로 파업에 동참하기로 했다.",
                "sentenceSize": 66
            },
            {
                "sentenceNo": 8,
                "sentenceContent": "택배노조는 단체협약 체결을 파업 철회 조건으로 내걸었다.",
                "sentenceSize": 31
            },
            {
                "sentenceNo": 9,
                "sentenceContent": "택배사들이 특수근로형태종사자 신분인 택배 기사 노조를 교섭 대상으로 인정하고 노사가 분류 인력 충원 문제를 직접 협의하자는 것이다.",
                "sentenceSize": 73
            },
            {
                "sentenceNo": 10,
                "sentenceContent": "이날 김태완 택배노조 위원장은 “현장에서는 바뀐 것이 없다는 목소리가 높다”며 “재벌 택배사가 국민과 택배 노동자를 기만하고 우롱한 것”이라고 말했다.",
                "sentenceSize": 84
            }
        ]
    }
}