{
    "sourceDataInfo": {
        "newsID": "SO_M06_885559",
        "newsCategory": "사회",
        "newsSubcategory": "사회,전국,충청권",
        "newsTitle": "산림청, 임산물 생산?가공시설 규모화·현대화 지원",
        "newsSubTitle": "임산물생산 및 가공?유통분야, 6월 25일까지 접수",
        "newsContent": "산림청은 산지 등에 임산물 생산?가공시설 규모화·현대화를 지원하는 2022년 산림소득사업을 공모한다고 26일 밝혔다.\n접수 기간은 임산물 생산 분야는 4월 26일부터, 임산물 유통·가공분야는 4월 30일부터 오는 6월 25일까지이다.\n공모 사업은 임산물 소득원의 지원 대상 품목(약용·약초류, 산나물류, 버섯류, 관상산림식물류 등)을 생산하고 있는 전문임업인(임업후계자, 독림가, 신지식임업인) 및 생산자 단체를 대상으로 한다.\n지원 분야는 산림작물생산단지 조성사업, 산림복합경영단지 조성사업, 산지종합유통센터, 임산물가공산업활성화 등이며 지원 규모는 총사업비 기준 545억원이다.\n지원을 희망하는 임가는 사업 대상지가 속해있는 시·군·구에 사업계획서를 포함해 신청할 수 있고 제출된 사업 내용에 대하여 전문위원들의 검토?심의를 거쳐 선정된다.\n그 결과에 따라 2022년도에 보조금을 지원받게 된다.\n산림청 김인천 사유림경영소득과장은 “2022년도 산림소득 분야 공모사업에 임업인들의 많은 관심과 참여를 바란다”며 “앞으로도 임업인들의 안정된 소득 창출과 경쟁력 강화를 위해 다양한 지원 방안을 마련할 예정이며 새로운 규제 개선사항의 발굴을 위해 적극 노력하겠다”고 말했다.",
        "partNum": "P2",
        "useType": 1,
        "processType": "A",
        "processPattern": "00",
        "processLevel": "하",
        "sentenceCount": 7,
        "processSentencenum": 0,
        "sentenceInfo": [
            {
                "sentenceNo": 1,
                "sentenceContent": "산림청은 산지 등에 임산물 생산?가공시설 규모화·현대화를 지원하는 2022년 산림소득사업을 공모한다고 26일 밝혔다.",
                "sentenceSize": 65
            },
            {
                "sentenceNo": 2,
                "sentenceContent": "접수 기간은 임산물 생산 분야는 4월 26일부터, 임산물 유통·가공분야는 4월 30일부터 오는 6월 25일까지이다.",
                "sentenceSize": 64
            },
            {
                "sentenceNo": 3,
                "sentenceContent": "공모 사업은 임산물 소득원의 지원 대상 품목(약용·약초류, 산나물류, 버섯류, 관상산림식물류 등)을 생산하고 있는 전문임업인(임업후계자, 독림가, 신지식임업인) 및 생산자 단체를 대상으로 한다.",
                "sentenceSize": 108
            },
            {
                "sentenceNo": 4,
                "sentenceContent": "지원 분야는 산림작물생산단지 조성사업, 산림복합경영단지 조성사업, 산지종합유통센터, 임산물가공산업활성화 등이며 지원 규모는 총사업비 기준 545억원이다.",
                "sentenceSize": 85
            },
            {
                "sentenceNo": 5,
                "sentenceContent": "지원을 희망하는 임가는 사업 대상지가 속해있는 시·군·구에 사업계획서를 포함해 신청할 수 있고 제출된 사업 내용에 대하여 전문위원들의 검토?심의를 거쳐 선정된다.",
                "sentenceSize": 90
            },
            {
                "sentenceNo": 6,
                "sentenceContent": "그 결과에 따라 2022년도에 보조금을 지원받게 된다.",
                "sentenceSize": 30
            },
            {
                "sentenceNo": 7,
                "sentenceContent": "산림청 김인천 사유림경영소득과장은 “2022년도 산림소득 분야 공모사업에 임업인들의 많은 관심과 참여를 바란다”며 “앞으로도 임업인들의 안정된 소득 창출과 경쟁력 강화를 위해 다양한 지원 방안을 마련할 예정이며 새로운 규제 개선사항의 발굴을 위해 적극 노력하겠다”고 말했다.",
                "sentenceSize": 153
            }
        ]
    }
}