{
    "sourceDataInfo": {
        "newsID": "SO_M06_910257",
        "newsCategory": "사회",
        "newsSubcategory": "사회,사회일반,사회일반",
        "newsTitle": "올리브영, 한국관광공사와 외국인 관광객 유치 나선다",
        "newsSubTitle": "null",
        "newsContent": "CJ올리브영은 한국관광공사와 K-뷰티 세계화 및 방한 관광 활성화를 위한 업무협약을 체결했다고 3일 밝혔다.\n양사는 최근 해외 입국자에 대한 자가격리 면제로 한국 여행에 대한 관심이 높아지는 가운데 K-뷰티를 앞세워 외국인 관광객을 유치하고, 국내 화장품 시장을 활성화하기로 뜻을 모았다.\n이에 오는 24일까지 올리브영 자체 역직구 플랫폼 글로벌몰과 한국관광공사 공식 홈페이지에서 여행을 테마로한 K-뷰티 기획전을 진행한다.\n기획전은 '한국의 색과 향'을 주제로 한국관광공사가 선정한 국내 대표 관광지 12곳과 이와 연계해 올리브영이 추천하는 K-뷰티 대표 상품을 판매한다.\n보성 다원은 녹차 추출물을 활용한 세럼, 가평 아침고요수목원은 화사한 메이크업 연출이 가능한 블러셔와 함께 소개하는 방식이다.\n이와 함께 매일 룰렛 이벤트를 통해 올리브영 글로벌몰에서 사용 가능한 2만원 상당의 할인 쿠폰을 지급할 계획이다.\n올리브영과 한국관광공사는 이번 기획전을 시작으로 외국인 관광객 유치를 위한 파트너십을 단계적으로 확대해나간다는 방침이다.\n올리브영 관계자는 \\\"이번 업무협약이 코로나 엔데믹과 맞물려 국내 화장품 시장의 새로운 활력이 될 것으로 기대한다\\\"고 말했다.",
        "partNum": "P2",
        "useType": 1,
        "processType": "A",
        "processPattern": "00",
        "processLevel": "하",
        "sentenceCount": 8,
        "processSentencenum": 0,
        "sentenceInfo": [
            {
                "sentenceNo": 1,
                "sentenceContent": "CJ올리브영은 한국관광공사와 K-뷰티 세계화 및 방한 관광 활성화를 위한 업무협약을 체결했다고 3일 밝혔다.",
                "sentenceSize": 60
            },
            {
                "sentenceNo": 2,
                "sentenceContent": "양사는 최근 해외 입국자에 대한 자가격리 면제로 한국 여행에 대한 관심이 높아지는 가운데 K-뷰티를 앞세워 외국인 관광객을 유치하고, 국내 화장품 시장을 활성화하기로 뜻을 모았다.",
                "sentenceSize": 100
            },
            {
                "sentenceNo": 3,
                "sentenceContent": "이에 오는 24일까지 올리브영 자체 역직구 플랫폼 글로벌몰과 한국관광공사 공식 홈페이지에서 여행을 테마로한 K-뷰티 기획전을 진행한다.",
                "sentenceSize": 75
            },
            {
                "sentenceNo": 4,
                "sentenceContent": "기획전은 '한국의 색과 향'을 주제로 한국관광공사가 선정한 국내 대표 관광지 12곳과 이와 연계해 올리브영이 추천하는 K-뷰티 대표 상품을 판매한다.",
                "sentenceSize": 83
            },
            {
                "sentenceNo": 5,
                "sentenceContent": "보성 다원은 녹차 추출물을 활용한 세럼, 가평 아침고요수목원은 화사한 메이크업 연출이 가능한 블러셔와 함께 소개하는 방식이다.",
                "sentenceSize": 70
            },
            {
                "sentenceNo": 6,
                "sentenceContent": "이와 함께 매일 룰렛 이벤트를 통해 올리브영 글로벌몰에서 사용 가능한 2만원 상당의 할인 쿠폰을 지급할 계획이다.",
                "sentenceSize": 63
            },
            {
                "sentenceNo": 7,
                "sentenceContent": "올리브영과 한국관광공사는 이번 기획전을 시작으로 외국인 관광객 유치를 위한 파트너십을 단계적으로 확대해나간다는 방침이다.",
                "sentenceSize": 67
            },
            {
                "sentenceNo": 8,
                "sentenceContent": "올리브영 관계자는 \\\"이번 업무협약이 코로나 엔데믹과 맞물려 국내 화장품 시장의 새로운 활력이 될 것으로 기대한다\\\"고 말했다.",
                "sentenceSize": 71
            }
        ]
    }
}