{
    "sourceDataInfo": {
        "newsID": "SO_M06_889215",
        "newsCategory": "사회",
        "newsSubcategory": "사회,전국,수도권",
        "newsTitle": "화성시, ‘동탄트램 시민추진단 회의’…2024년 착공 예정",
        "newsSubTitle": "null",
        "newsContent": "화성시가 이달 동탄트램 기본계획 수립에 앞서 시민추진단 회의를 개최했다.\n16일 동탄출장소에서 열린 이 날 회의는 대중교통혁신추진단장, 철도트램과장, 트램전문가와 시민대표 등 시민추진단 22명이 참석했다.\n회의에 앞서 안정화 한국교통연구원 박사가 초빙돼‘도시의 품격 트램에서’를 주제로 트램차량시스템을 소개했다.\n안 박사는 친환경 대중교통수단으로 꼽히는 무가선 트램의 경우 배터리, 슈퍼커패시티, 바닥급전, 수소연료 방식 등 각 시스템이 가지고 있는 한계와 장단점을 확인 후 도시 내 노선 특성을 함께 고려해야 한다고 강조했다.\n이어 시는 동탄트램 기본계획 수립 방향을 소개하고 향후 사업 추진일정을 시민추진단과 공유했다.\n서철모 화성시장은 “동탄트램은 지속가능한 미래를 위한 신교통수단”이라며 “화성시민의 자랑이 될 수 있도록 사업 추진에 최선을 다하겠다”고 말했다.\n동탄 도시철도(트램)은 총 9,773억원을 들여 망포~오산(16.4㎞), 병점역~동탄 2신도시(17.8㎞), 2개 노선 총연장 34.2㎞의 노면전차(트램)를 건설하는 사업으로 이달 중 기본계획 수립 후 타당성 조사 및 투자심사를 거쳐 오는 2024년 착공될 예정이다.",
        "partNum": "P2",
        "useType": 1,
        "processType": "A",
        "processPattern": "00",
        "processLevel": "하",
        "sentenceCount": 7,
        "processSentencenum": 0,
        "sentenceInfo": [
            {
                "sentenceNo": 1,
                "sentenceContent": "화성시가 이달 동탄트램 기본계획 수립에 앞서 시민추진단 회의를 개최했다.",
                "sentenceSize": 40
            },
            {
                "sentenceNo": 2,
                "sentenceContent": "16일 동탄출장소에서 열린 이 날 회의는 대중교통혁신추진단장, 철도트램과장, 트램전문가와 시민대표 등 시민추진단 22명이 참석했다.",
                "sentenceSize": 73
            },
            {
                "sentenceNo": 3,
                "sentenceContent": "회의에 앞서 안정화 한국교통연구원 박사가 초빙돼‘도시의 품격 트램에서’를 주제로 트램차량시스템을 소개했다.",
                "sentenceSize": 59
            },
            {
                "sentenceNo": 4,
                "sentenceContent": "안 박사는 친환경 대중교통수단으로 꼽히는 무가선 트램의 경우 배터리, 슈퍼커패시티, 바닥급전, 수소연료 방식 등 각 시스템이 가지고 있는 한계와 장단점을 확인 후 도시 내 노선 특성을 함께 고려해야 한다고 강조했다.",
                "sentenceSize": 120
            },
            {
                "sentenceNo": 5,
                "sentenceContent": "이어 시는 동탄트램 기본계획 수립 방향을 소개하고 향후 사업 추진일정을 시민추진단과 공유했다.",
                "sentenceSize": 52
            },
            {
                "sentenceNo": 6,
                "sentenceContent": "서철모 화성시장은 “동탄트램은 지속가능한 미래를 위한 신교통수단”이라며 “화성시민의 자랑이 될 수 있도록 사업 추진에 최선을 다하겠다”고 말했다.",
                "sentenceSize": 81
            },
            {
                "sentenceNo": 7,
                "sentenceContent": "동탄 도시철도(트램)은 총 9,773억원을 들여 망포~오산(16.4㎞), 병점역~동탄 2신도시(17.8㎞), 2개 노선 총연장 34.2㎞의 노면전차(트램)를 건설하는 사업으로 이달 중 기본계획 수립 후 타당성 조사 및 투자심사를 거쳐 오는 2024년 착공될 예정이다.",
                "sentenceSize": 149
            }
        ]
    }
}