{
    "sourceDataInfo": {
        "newsID": "SO_M06_906100",
        "newsCategory": "사회",
        "newsSubcategory": "사회,전국,충청권",
        "newsTitle": "산림청, 봄철 숲가꾸기 사업장 안전관리 특별 지시",
        "newsSubTitle": "작업원간 안전거리 유지, 방향 베기 철저, 벌목작업 시 위험 방지 등",
        "newsContent": "산림청은 중대재해처벌법이 시행됨에 따라 전국 산림부서를 대상으로 숲가꾸기 사업장 안전사고 예방을 위한 관리 강화를 다시 한번 강조하고 3월 7일부터 11일까지 전국 숲가꾸기 사업장에 대한 안전 분야 특별점검을 실시한다고 3일 밝혔다.\n특히 봄철 해빙기에 숲가꾸기 사업장은 경사지 미끄러짐 등의 안전사고 발생 우려가 커 안전사고 예방관리에 더욱 특별한 주의가 필요하다고 강조했다.\n최근 3년간 임업 분야 산업재해 통계자료에 따르면 전체 산재 근로자 3088명 중 47명(1.5%)이 사망했다.\n주요 사망사고 유형으로 깔림 24명(51.0%), 낙하 5명(10.6%), 말벌 등 독충 5명(10.6%)이 전체 사망자의 72.2%를 차지했다.\n산림청은 지난달 22일 전국 27개 국유림관리소장 및 소속기관장이 참석한 안전보건관리체계 이행현황 점검회의를 실시해 숲가꾸기 사업장에서 발생할 수 있는 안전사고 예방을 위해 안전보건관리체계 구축 및 안전보건관련 법적 의무사항 등을 점검한 바 있다.\n산림청은 숲가꾸기 사업장 내 유해·위험요인을 확인해 개선하는 업무절차와 안전보건에 대한 근로자 의견 청취 및 중대 재해 발생 위험에 대비한 재해 조치 지침을 마련하도록 특별 지시했다.\n또한 특별점검 기간 동안 안전 관리계획을 수립하지 않거나 안전점검을 하지 않은 경우에는 과태료를 부과하고 안전 관리대책 소홀 등 주요 부실이 적발될 때에는 산림사업시행업자 및 산림기술자에게 벌점을 부과할 계획이다.\n전덕하 산림청 산림자원과장은 “숲가꾸기 사업장 근로자의 안전사고 예방을 위해 지속해서 안전점검을 실시하고 사업장 관리에 만전을 기해 건강하고 안전한 일터를 만들겠다”고 밝혔다.",
        "partNum": "P2",
        "useType": 1,
        "processType": "A",
        "processPattern": "00",
        "processLevel": "하",
        "sentenceCount": 8,
        "processSentencenum": 0,
        "sentenceInfo": [
            {
                "sentenceNo": 1,
                "sentenceContent": "산림청은 중대재해처벌법이 시행됨에 따라 전국 산림부서를 대상으로 숲가꾸기 사업장 안전사고 예방을 위한 관리 강화를 다시 한번 강조하고 3월 7일부터 11일까지 전국 숲가꾸기 사업장에 대한 안전 분야 특별점검을 실시한다고 3일 밝혔다.",
                "sentenceSize": 130
            },
            {
                "sentenceNo": 2,
                "sentenceContent": "특히 봄철 해빙기에 숲가꾸기 사업장은 경사지 미끄러짐 등의 안전사고 발생 우려가 커 안전사고 예방관리에 더욱 특별한 주의가 필요하다고 강조했다.",
                "sentenceSize": 80
            },
            {
                "sentenceNo": 3,
                "sentenceContent": "최근 3년간 임업 분야 산업재해 통계자료에 따르면 전체 산재 근로자 3088명 중 47명(1.5%)이 사망했다.",
                "sentenceSize": 62
            },
            {
                "sentenceNo": 4,
                "sentenceContent": "주요 사망사고 유형으로 깔림 24명(51.0%), 낙하 5명(10.6%), 말벌 등 독충 5명(10.6%)이 전체 사망자의 72.2%를 차지했다.",
                "sentenceSize": 81
            },
            {
                "sentenceNo": 5,
                "sentenceContent": "산림청은 지난달 22일 전국 27개 국유림관리소장 및 소속기관장이 참석한 안전보건관리체계 이행현황 점검회의를 실시해 숲가꾸기 사업장에서 발생할 수 있는 안전사고 예방을 위해 안전보건관리체계 구축 및 안전보건관련 법적 의무사항 등을 점검한 바 있다.",
                "sentenceSize": 138
            },
            {
                "sentenceNo": 6,
                "sentenceContent": "산림청은 숲가꾸기 사업장 내 유해·위험요인을 확인해 개선하는 업무절차와 안전보건에 대한 근로자 의견 청취 및 중대 재해 발생 위험에 대비한 재해 조치 지침을 마련하도록 특별 지시했다.",
                "sentenceSize": 102
            },
            {
                "sentenceNo": 7,
                "sentenceContent": "또한 특별점검 기간 동안 안전 관리계획을 수립하지 않거나 안전점검을 하지 않은 경우에는 과태료를 부과하고 안전 관리대책 소홀 등 주요 부실이 적발될 때에는 산림사업시행업자 및 산림기술자에게 벌점을 부과할 계획이다.",
                "sentenceSize": 119
            },
            {
                "sentenceNo": 8,
                "sentenceContent": "전덕하 산림청 산림자원과장은 “숲가꾸기 사업장 근로자의 안전사고 예방을 위해 지속해서 안전점검을 실시하고 사업장 관리에 만전을 기해 건강하고 안전한 일터를 만들겠다”고 밝혔다.",
                "sentenceSize": 98
            }
        ]
    }
}