{
    "sourceDataInfo": {
        "newsID": "SO_M06_895666",
        "newsCategory": "사회",
        "newsSubcategory": "사회,전국,영남권",
        "newsTitle": "울산, 추석 연휴 5일간 109명 확진(종합)",
        "newsSubTitle": "집단감염 주춤···기존 확진자 접촉 다수감염경로 불분명 '조사 중' 27명···지역사회 감염 여전연휴기간 검사자 수 평소 60% 수준으로 줄어···연휴 후 증가 우려",
        "newsContent": "울산에서는 추석 연휴 5일 동안(17일 오후 6시~22일 오후 6시) 코로나19 확진자가 109명 발생했다.\n22일 울산시에 따르면 연휴 첫 날인 18일(전날 오후 6시~당일 오후 6시) 35명이었던 확진자는 19일 17명, 20일 16명, 21일 20명, 22일 21명으로 다소 줄어드는 듯 했지만 꾸준히 이어졌다.\n검사자 수는 연휴 전날인 17일까지 5,000명대를 유지했으나 18일부터는 3,000명 전후로 줄었다.\n21일엔 다시 5,000명대로 복귀했다.\n연휴 후 확진자 증가가 우려된다.\n확진자를 지역별로 보면 중구 25명, 남구 38명, 동구 16명, 북구 16명, 울주군 14명이다.\n이들은 울산 4881~4989번으로 분류됐다.\n신규 확진자 가운데 감염자 집단은 문중 벌초 모임 관련 확진자가 4명 추가됐다.\n임요양병원 관련 확진자도 1명 추가됐다.\n이 외 기존 집단감염이 이어졌던 목욕탕, 주점, 식당, 직장 모임 등에선 추가 확진자가 나오지 않았다.\n해외 입국자는 카자흐스탄과 우즈베키스탄, 네팔 등에서 각각 1명씩 발생했다.\n나머지 확진자 다수는 기존 확진자의 접촉자였다.\n특히 연휴 막바지인 21일부터는 서울과 충남 당진, 경북 영천, 인천 등 타 지역 확진자의 n차 감염 사례가 일부 확인됐다.\n감염경로가 불분명한 ‘조사 중’ 확진자도 27명으로 지역사회 감염이 여전한 것으로 확인됐다.\n사망자는 1명 늘었다.\n앞서 임요양병원 입원 중에 지난 9일 확진된 80대 여성이 지난 18일 사망했다.\n사망자는 요양병원 환자 전용 코로나19 치료병원인 양지요양병원에 10일 입원해 치료를 받아왔다.\n울산에서 코로나19 확진으로 사망자가 발생한 것은 지난 15일 이후 나흘 만이다.\n코로나19로 인한 울산지역 누적 사망자는 46명이 됐다.\n울산시는 신규 확진자의 거주지를 방역 소독하고, 추가 이동동선과 접촉자를 파악하는 등 역학조사를 벌이고 있다.\n한편, 울산은 21일 오후 5시 기준 코로나19 백신 접종률은 대상자 대비 1차 84.5%, 완료 49.6%를 보이고 있다.\n인구 대비 접종률은 1차 68.9%, 완료 40.4%를 보이고 있다.",
        "partNum": "P2",
        "useType": 1,
        "processType": "A",
        "processPattern": "00",
        "processLevel": "하",
        "sentenceCount": 22,
        "processSentencenum": 0,
        "sentenceInfo": [
            {
                "sentenceNo": 1,
                "sentenceContent": "울산에서는 추석 연휴 5일 동안(17일 오후 6시~22일 오후 6시) 코로나19 확진자가 109명 발생했다.",
                "sentenceSize": 60
            },
            {
                "sentenceNo": 2,
                "sentenceContent": "22일 울산시에 따르면 연휴 첫 날인 18일(전날 오후 6시~당일 오후 6시) 35명이었던 확진자는 19일 17명, 20일 16명, 21일 20명, 22일 21명으로 다소 줄어드는 듯 했지만 꾸준히 이어졌다.",
                "sentenceSize": 116
            },
            {
                "sentenceNo": 3,
                "sentenceContent": "검사자 수는 연휴 전날인 17일까지 5,000명대를 유지했으나 18일부터는 3,000명 전후로 줄었다.",
                "sentenceSize": 57
            },
            {
                "sentenceNo": 4,
                "sentenceContent": "21일엔 다시 5,000명대로 복귀했다.",
                "sentenceSize": 22
            },
            {
                "sentenceNo": 5,
                "sentenceContent": "연휴 후 확진자 증가가 우려된다.",
                "sentenceSize": 18
            },
            {
                "sentenceNo": 6,
                "sentenceContent": "확진자를 지역별로 보면 중구 25명, 남구 38명, 동구 16명, 북구 16명, 울주군 14명이다.",
                "sentenceSize": 55
            },
            {
                "sentenceNo": 7,
                "sentenceContent": "이들은 울산 4881~4989번으로 분류됐다.",
                "sentenceSize": 25
            },
            {
                "sentenceNo": 8,
                "sentenceContent": "신규 확진자 가운데 감염자 집단은 문중 벌초 모임 관련 확진자가 4명 추가됐다.",
                "sentenceSize": 44
            },
            {
                "sentenceNo": 9,
                "sentenceContent": "임요양병원 관련 확진자도 1명 추가됐다.",
                "sentenceSize": 22
            },
            {
                "sentenceNo": 10,
                "sentenceContent": "이 외 기존 집단감염이 이어졌던 목욕탕, 주점, 식당, 직장 모임 등에선 추가 확진자가 나오지 않았다.",
                "sentenceSize": 57
            },
            {
                "sentenceNo": 11,
                "sentenceContent": "해외 입국자는 카자흐스탄과 우즈베키스탄, 네팔 등에서 각각 1명씩 발생했다.",
                "sentenceSize": 42
            },
            {
                "sentenceNo": 12,
                "sentenceContent": "나머지 확진자 다수는 기존 확진자의 접촉자였다.",
                "sentenceSize": 26
            },
            {
                "sentenceNo": 13,
                "sentenceContent": "특히 연휴 막바지인 21일부터는 서울과 충남 당진, 경북 영천, 인천 등 타 지역 확진자의 n차 감염 사례가 일부 확인됐다.",
                "sentenceSize": 69
            },
            {
                "sentenceNo": 14,
                "sentenceContent": "감염경로가 불분명한 ‘조사 중’ 확진자도 27명으로 지역사회 감염이 여전한 것으로 확인됐다.",
                "sentenceSize": 51
            },
            {
                "sentenceNo": 15,
                "sentenceContent": "사망자는 1명 늘었다.",
                "sentenceSize": 12
            },
            {
                "sentenceNo": 16,
                "sentenceContent": "앞서 임요양병원 입원 중에 지난 9일 확진된 80대 여성이 지난 18일 사망했다.",
                "sentenceSize": 45
            },
            {
                "sentenceNo": 17,
                "sentenceContent": "사망자는 요양병원 환자 전용 코로나19 치료병원인 양지요양병원에 10일 입원해 치료를 받아왔다.",
                "sentenceSize": 53
            },
            {
                "sentenceNo": 18,
                "sentenceContent": "울산에서 코로나19 확진으로 사망자가 발생한 것은 지난 15일 이후 나흘 만이다.",
                "sentenceSize": 45
            },
            {
                "sentenceNo": 19,
                "sentenceContent": "코로나19로 인한 울산지역 누적 사망자는 46명이 됐다.",
                "sentenceSize": 31
            },
            {
                "sentenceNo": 20,
                "sentenceContent": "울산시는 신규 확진자의 거주지를 방역 소독하고, 추가 이동동선과 접촉자를 파악하는 등 역학조사를 벌이고 있다.",
                "sentenceSize": 61
            },
            {
                "sentenceNo": 21,
                "sentenceContent": "한편, 울산은 21일 오후 5시 기준 코로나19 백신 접종률은 대상자 대비 1차 84.5%, 완료 49.6%를 보이고 있다.",
                "sentenceSize": 69
            },
            {
                "sentenceNo": 22,
                "sentenceContent": "인구 대비 접종률은 1차 68.9%, 완료 40.4%를 보이고 있다.",
                "sentenceSize": 38
            }
        ]
    }
}