{
    "sourceDataInfo": {
        "newsID": "SO_M06_900742",
        "newsCategory": "사회",
        "newsSubcategory": "사회,행정·지자체,행정",
        "newsTitle": "코로나19 검사 대기 불편 줄인다…서울시, 잠실운동장 등 권역별 4곳 검사소 운영",
        "newsSubTitle": "10일부터 평일·주말 오후 1∼9시 운영",
        "newsContent": "서울시는 코로나19 검사소를 시내 권역별 4곳에 새로 설치해 10일부터 운영한다고 9일 밝혔다.\n시가 직접 운영하는 거점형 검사소는 △창동역 공영주차장 △잠실종합운동장 제2주차장 △월드컵공원 평화광장 △목동운동장 남문 주차장에 설치됐다.\n평일과 주말 모두 오후 1∼9시 운영한다.\n기존 검사 시설과 별도로 직영 검사 시설을 추가 운영해 검사량을 늘리면서 시민 불편과 보건소 부담은 줄인다는 게 서울시의 목표다.\n이를 위해 시는 대규모 인원을 안전하게 검사할 수 있는 개방된 공간과 바람이 많은 자연환경, 도보와 자차 이용 접근성이 좋은 곳, 4개 권역을 고려한 지역 안배 등을 종합 검토해 장소를 확정하고 전문 민간업체와 협력해 운영한다고 설명했다.\n검사소마다 의료진 보호와 안전한 검사를 위해 '글로브 월' 방식으로 4개 부스를 설치해 운영한다.\n검사는 문진(QR 또는 수기)→접수→검체 채취 순으로 이뤄진다.\n결과는 24시간 내 통지받을 수 있다.\n시는 신속한 확진자 대응을 위해 시스템 신고와 실거주지(다른 시·도 포함) 보건소 통보가 즉시 이뤄질 수 있는 체계를 구축·가동하기로 했다.\n박유미 서울시 시민건강국장은 \\\"앞으로도 신속한 검사와 진료에 최선을 다하겠다\\\"고 말했다.",
        "partNum": "P2",
        "useType": 1,
        "processType": "A",
        "processPattern": "00",
        "processLevel": "하",
        "sentenceCount": 10,
        "processSentencenum": 0,
        "sentenceInfo": [
            {
                "sentenceNo": 1,
                "sentenceContent": "서울시는 코로나19 검사소를 시내 권역별 4곳에 새로 설치해 10일부터 운영한다고 9일 밝혔다.",
                "sentenceSize": 53
            },
            {
                "sentenceNo": 2,
                "sentenceContent": "시가 직접 운영하는 거점형 검사소는 △창동역 공영주차장 △잠실종합운동장 제2주차장 △월드컵공원 평화광장 △목동운동장 남문 주차장에 설치됐다.",
                "sentenceSize": 78
            },
            {
                "sentenceNo": 3,
                "sentenceContent": "평일과 주말 모두 오후 1∼9시 운영한다.",
                "sentenceSize": 23
            },
            {
                "sentenceNo": 4,
                "sentenceContent": "기존 검사 시설과 별도로 직영 검사 시설을 추가 운영해 검사량을 늘리면서 시민 불편과 보건소 부담은 줄인다는 게 서울시의 목표다.",
                "sentenceSize": 72
            },
            {
                "sentenceNo": 5,
                "sentenceContent": "이를 위해 시는 대규모 인원을 안전하게 검사할 수 있는 개방된 공간과 바람이 많은 자연환경, 도보와 자차 이용 접근성이 좋은 곳, 4개 권역을 고려한 지역 안배 등을 종합 검토해 장소를 확정하고 전문 민간업체와 협력해 운영한다고 설명했다.",
                "sentenceSize": 133
            },
            {
                "sentenceNo": 6,
                "sentenceContent": "검사소마다 의료진 보호와 안전한 검사를 위해 '글로브 월' 방식으로 4개 부스를 설치해 운영한다.",
                "sentenceSize": 54
            },
            {
                "sentenceNo": 7,
                "sentenceContent": "검사는 문진(QR 또는 수기)→접수→검체 채취 순으로 이뤄진다.",
                "sentenceSize": 35
            },
            {
                "sentenceNo": 8,
                "sentenceContent": "결과는 24시간 내 통지받을 수 있다.",
                "sentenceSize": 21
            },
            {
                "sentenceNo": 9,
                "sentenceContent": "시는 신속한 확진자 대응을 위해 시스템 신고와 실거주지(다른 시·도 포함) 보건소 통보가 즉시 이뤄질 수 있는 체계를 구축·가동하기로 했다.",
                "sentenceSize": 78
            },
            {
                "sentenceNo": 10,
                "sentenceContent": "박유미 서울시 시민건강국장은 \\\"앞으로도 신속한 검사와 진료에 최선을 다하겠다\\\"고 말했다.",
                "sentenceSize": 51
            }
        ]
    }
}