{
    "sourceDataInfo": {
        "newsID": "SO_M06_895220",
        "newsCategory": "사회",
        "newsSubcategory": "사회,사회일반,사회일반",
        "newsTitle": "성추행 피해 극단 선택…청주 여중생 유족 \\\"철저한 수사\\\" 촉구",
        "newsSubTitle": "성폭행 피해 후 두 달여 견디다 결국 극단 선택유족 \\\"수사기관이 증거만 제대로 확인했어도\\\"",
        "newsContent": "지난 5월 발생한 ‘청주 여중생 사건’ 피해자 여중생 2명이 조사를 받던 중 극단적 선택한 사건과 관련해 한 학생의 유족이 13일 검찰의 철저한 수사를 재차 촉구했다.\n피해자인 A양 유족은 이날 청주지검에 추가 증거자료가 담긴 수사의견서를 제출하면서 기자회견을 통해 이같이 말했다.\n유족은 \\\"성폭행 피해를 당한 두 아이는 수사기관이 증거를 찾지 못하던 두 달의 시간을 견디다 결국 극단적 선택을 했다\\\"며 \\\"수사기관이 A양의 진술서만 제대로 읽고, 어머니가 제공한 캡처 사진만 제대로 확인했어도 이 사건의 결정적 증거를 찾을 수 있었을 것\\\"이라고 지적했다.\n유족은 또 \\\"이 사건 고소를 한 지 무려 114일이 지났다\\\"며 \\\"그동안 유족들은 어른임에도 하루하루 지옥 같은 나날이었는데, 생을 마감하기 전 두 아이가 얼마나 힘들었을지 수사기관은 상상이나 할 수 있겠느냐\\\"고 말했다.\n이어 \\\"가해자들이 아이를 학대하고, 증거를 인멸하도록 지시한 정황이 있는데 이를 수사하지 않는다면 대한민국의 정의는 없는 것\\\"이라며 \\\"청와대 국민청원의 답변처럼 철저한 수사를 해 달라\\\"고 강조했다.\n앞서 A양은 성범죄 피해 신고 후 경찰 조사가 이뤄지던 지난 5월 12일 친구 B양과 함께 청주시 오창읍의 한 아파트에서 극단적 선택을 했다.\n가해자로 지목된 사람은 B양의 의붓아버지 C씨다.\n경찰 조사 과정에서 B양도 계부로부터 성폭행과 학대를 당한 정황이 밝혀졌다.\n하지만 C씨는 피해자들이 숨진 뒤에야 구속 기소됐다.\n현재 그는 A양과 의붓딸 B양에게 술을 마시게 한 혐의(아동학대)만 인정하며 성범죄 혐의는 전면 부인하고 있다.\nC씨에 대한 다음 재판은 오는 15일 열린다.\n※우울감 등 말하기 어려운 고민으로 전문가의 도움이 필요한 경우 자살예방 핫라인 ☎1577-0199, 희망의 전화 ☎129, 생명의 전화 ☎1588-9191, 청소년 전화 ☎1388 등에 전화하면 24시간 전문가 상담을 받을 수 있습니다.",
        "partNum": "P2",
        "useType": 1,
        "processType": "A",
        "processPattern": "00",
        "processLevel": "하",
        "sentenceCount": 12,
        "processSentencenum": 0,
        "sentenceInfo": [
            {
                "sentenceNo": 1,
                "sentenceContent": "지난 5월 발생한 ‘청주 여중생 사건’ 피해자 여중생 2명이 조사를 받던 중 극단적 선택한 사건과 관련해 한 학생의 유족이 13일 검찰의 철저한 수사를 재차 촉구했다.",
                "sentenceSize": 93
            },
            {
                "sentenceNo": 2,
                "sentenceContent": "피해자인 A양 유족은 이날 청주지검에 추가 증거자료가 담긴 수사의견서를 제출하면서 기자회견을 통해 이같이 말했다.",
                "sentenceSize": 63
            },
            {
                "sentenceNo": 3,
                "sentenceContent": "유족은 \\\"성폭행 피해를 당한 두 아이는 수사기관이 증거를 찾지 못하던 두 달의 시간을 견디다 결국 극단적 선택을 했다\\\"며 \\\"수사기관이 A양의 진술서만 제대로 읽고, 어머니가 제공한 캡처 사진만 제대로 확인했어도 이 사건의 결정적 증거를 찾을 수 있었을 것\\\"이라고 지적했다.",
                "sentenceSize": 156
            },
            {
                "sentenceNo": 4,
                "sentenceContent": "유족은 또 \\\"이 사건 고소를 한 지 무려 114일이 지났다\\\"며 \\\"그동안 유족들은 어른임에도 하루하루 지옥 같은 나날이었는데, 생을 마감하기 전 두 아이가 얼마나 힘들었을지 수사기관은 상상이나 할 수 있겠느냐\\\"고 말했다.",
                "sentenceSize": 126
            },
            {
                "sentenceNo": 5,
                "sentenceContent": "이어 \\\"가해자들이 아이를 학대하고, 증거를 인멸하도록 지시한 정황이 있는데 이를 수사하지 않는다면 대한민국의 정의는 없는 것\\\"이라며 \\\"청와대 국민청원의 답변처럼 철저한 수사를 해 달라\\\"고 강조했다.",
                "sentenceSize": 114
            },
            {
                "sentenceNo": 6,
                "sentenceContent": "앞서 A양은 성범죄 피해 신고 후 경찰 조사가 이뤄지던 지난 5월 12일 친구 B양과 함께 청주시 오창읍의 한 아파트에서 극단적 선택을 했다.",
                "sentenceSize": 79
            },
            {
                "sentenceNo": 7,
                "sentenceContent": "가해자로 지목된 사람은 B양의 의붓아버지 C씨다.",
                "sentenceSize": 27
            },
            {
                "sentenceNo": 8,
                "sentenceContent": "경찰 조사 과정에서 B양도 계부로부터 성폭행과 학대를 당한 정황이 밝혀졌다.",
                "sentenceSize": 42
            },
            {
                "sentenceNo": 9,
                "sentenceContent": "하지만 C씨는 피해자들이 숨진 뒤에야 구속 기소됐다.",
                "sentenceSize": 29
            },
            {
                "sentenceNo": 10,
                "sentenceContent": "현재 그는 A양과 의붓딸 B양에게 술을 마시게 한 혐의(아동학대)만 인정하며 성범죄 혐의는 전면 부인하고 있다.",
                "sentenceSize": 62
            },
            {
                "sentenceNo": 11,
                "sentenceContent": "C씨에 대한 다음 재판은 오는 15일 열린다.",
                "sentenceSize": 25
            },
            {
                "sentenceNo": 12,
                "sentenceContent": "※우울감 등 말하기 어려운 고민으로 전문가의 도움이 필요한 경우 자살예방 핫라인 ☎1577-0199, 희망의 전화 ☎129, 생명의 전화 ☎1588-9191, 청소년 전화 ☎1388 등에 전화하면 24시간 전문가 상담을 받을 수 있습니다.",
                "sentenceSize": 133
            }
        ]
    }
}