{
    "sourceDataInfo": {
        "newsID": "SO_M06_898392",
        "newsCategory": "사회",
        "newsSubcategory": "사회,전국,영남권",
        "newsTitle": "부산시, 대학생 학자금 대출이자 지원…19일까지 접수",
        "newsSubTitle": "2021년도 발생한 1년 치 학자금 대출이자 지원6,000여 명에게 총 4억6,000만 원 지원 예정",
        "newsContent": "부산시는 19일까지 ‘학자금 대출이자 지원사업’ 대상자를 모집한다고 3일 밝혔다.\n2016년부터 시행된 학자금 대출이자 지원사업은 작년부터 지원대상자를 대학원생과 졸업생까지 확대했다.\n작년에는 5,528명에게 총 4억1,000여만 원을 지원했고 올해는 6,000여 명에게 4억6,000여만 원을 지원할 계획이다.\n지원대상은 2016년 이후 학자금 대출을 받은 부산지역 소재 대학의 재학 또는 휴학 중인 대학생 및 대학원생, 미취업 졸업생(2019년 11월 1일 이후 졸업)이다.\n자세한 지원대상 요건은 부산시 누리집의 부산청년플랫폼(학자금대출이자지원)을 참조하면 된다.\n부산시는 신청자별 대학(원) 재학 등 여부, 졸업일, 소득분위, 대출정보 등 신청 자격 확인을 거쳐 대상자를 확정하고 12월 중 대출이자를 지원한다.\n지원금액은 2021년도에 발생한 1년 치 학자금 대출이자 금액이며 부산시에서 한국장학재단으로 직접 상환 처리한다.\n이자 상환 여부는 한국장학재단 누리집에서 확인할 수 있고 12월 중 문자메시지로도 개인별 통보할 예정이다.",
        "partNum": "P2",
        "useType": 1,
        "processType": "A",
        "processPattern": "00",
        "processLevel": "하",
        "sentenceCount": 8,
        "processSentencenum": 0,
        "sentenceInfo": [
            {
                "sentenceNo": 1,
                "sentenceContent": "부산시는 19일까지 ‘학자금 대출이자 지원사업’ 대상자를 모집한다고 3일 밝혔다.",
                "sentenceSize": 45
            },
            {
                "sentenceNo": 2,
                "sentenceContent": "2016년부터 시행된 학자금 대출이자 지원사업은 작년부터 지원대상자를 대학원생과 졸업생까지 확대했다.",
                "sentenceSize": 56
            },
            {
                "sentenceNo": 3,
                "sentenceContent": "작년에는 5,528명에게 총 4억1,000여만 원을 지원했고 올해는 6,000여 명에게 4억6,000여만 원을 지원할 계획이다.",
                "sentenceSize": 71
            },
            {
                "sentenceNo": 4,
                "sentenceContent": "지원대상은 2016년 이후 학자금 대출을 받은 부산지역 소재 대학의 재학 또는 휴학 중인 대학생 및 대학원생, 미취업 졸업생(2019년 11월 1일 이후 졸업)이다.",
                "sentenceSize": 92
            },
            {
                "sentenceNo": 5,
                "sentenceContent": "자세한 지원대상 요건은 부산시 누리집의 부산청년플랫폼(학자금대출이자지원)을 참조하면 된다.",
                "sentenceSize": 50
            },
            {
                "sentenceNo": 6,
                "sentenceContent": "부산시는 신청자별 대학(원) 재학 등 여부, 졸업일, 소득분위, 대출정보 등 신청 자격 확인을 거쳐 대상자를 확정하고 12월 중 대출이자를 지원한다.",
                "sentenceSize": 83
            },
            {
                "sentenceNo": 7,
                "sentenceContent": "지원금액은 2021년도에 발생한 1년 치 학자금 대출이자 금액이며 부산시에서 한국장학재단으로 직접 상환 처리한다.",
                "sentenceSize": 63
            },
            {
                "sentenceNo": 8,
                "sentenceContent": "이자 상환 여부는 한국장학재단 누리집에서 확인할 수 있고 12월 중 문자메시지로도 개인별 통보할 예정이다.",
                "sentenceSize": 59
            }
        ]
    }
}