{
    "sourceDataInfo": {
        "newsID": "SO_M06_903181",
        "newsCategory": "사회",
        "newsSubcategory": "사회,전국,영남권",
        "newsTitle": "동대구역세권 법원·검찰청 후적지 개발 구상 착수…영남권 비즈니스 중심지 뜬다",
        "newsSubTitle": "동부소방서 및 법원·검찰청 후적지 개발 기본계획 수립용역 착수지식기반산업 중심지 등 동대구벤처밸리 기능 강화 지향",
        "newsContent": "대구시가 동대구역세권에 위치한 동부소방서 및 법원·검찰청 후적지 개발 기본계획에 착수함에 따라 결과에 관심이 집중되고 있다.\n동부소방서 및 법원·검찰청이 이전하고 남게 될 이곳이 앞으로 도시공간 혁신을 통해 영남권 비즈니스의 중심지로 거듭날 것으로 예상되기 때문이다.\n17일 대구시에 따르면 시는 이날 ‘동부소방서 및 법원·검찰청 후적지 개발 기본계획 수립용역’ 착수보고회를 개최한다.\n동부소방서는 오는 2024년 동구 혁신도시로, 법원·검찰정은 2027년 수성구 연호지구로 각각 이전할 예정이다.\n따라서 3,097㎡ 규모의 동부소방서 후적지와 4만3,998㎡ 규모의 법원·검찰정 후적지가 남게 된다.\n시는 이들 후적지에는 개발의 파급력과 실행력을 강화하기 위해 개별적인 접근이 아닌 동대구역세권 활성화 전략에 따라 종합적인 관점에서 개발 방향을 설정한다는 계획이다.\n특히 벤처·창업 등 지식기반산업의 중심지이자 신성장 동력으로서 역할을 수행할 수 있도록 동대구벤처밸리의 기능을 강화하기 위한 개발을 지향한다.\n건강한 창업생태계 형성을 위한 거점으로 조성해 수도권과 남부권을 잇는 영남권 비즈니스 중심지 형성을 지원하겠다는 것이 큰 방향이다.\n정해용 대구시 경제부시장은 “동대구역세권은 대구의 벤처·창업의 전진기지이자 도시철도 엑스코선 건설 등 주요 여건 변화가 예상되는 만큼 실현 가능한 최적의 전략과 개발 계획을 마련해 신산업 발전을 위한 거점으로 발전시켜 나가겠다”고 말했다.",
        "partNum": "P2",
        "useType": 1,
        "processType": "A",
        "processPattern": "00",
        "processLevel": "하",
        "sentenceCount": 9,
        "processSentencenum": 0,
        "sentenceInfo": [
            {
                "sentenceNo": 1,
                "sentenceContent": "대구시가 동대구역세권에 위치한 동부소방서 및 법원·검찰청 후적지 개발 기본계획에 착수함에 따라 결과에 관심이 집중되고 있다.",
                "sentenceSize": 69
            },
            {
                "sentenceNo": 2,
                "sentenceContent": "동부소방서 및 법원·검찰청이 이전하고 남게 될 이곳이 앞으로 도시공간 혁신을 통해 영남권 비즈니스의 중심지로 거듭날 것으로 예상되기 때문이다.",
                "sentenceSize": 79
            },
            {
                "sentenceNo": 3,
                "sentenceContent": "17일 대구시에 따르면 시는 이날 ‘동부소방서 및 법원·검찰청 후적지 개발 기본계획 수립용역’ 착수보고회를 개최한다.",
                "sentenceSize": 65
            },
            {
                "sentenceNo": 4,
                "sentenceContent": "동부소방서는 오는 2024년 동구 혁신도시로, 법원·검찰정은 2027년 수성구 연호지구로 각각 이전할 예정이다.",
                "sentenceSize": 62
            },
            {
                "sentenceNo": 5,
                "sentenceContent": "따라서 3,097㎡ 규모의 동부소방서 후적지와 4만3,998㎡ 규모의 법원·검찰정 후적지가 남게 된다.",
                "sentenceSize": 57
            },
            {
                "sentenceNo": 6,
                "sentenceContent": "시는 이들 후적지에는 개발의 파급력과 실행력을 강화하기 위해 개별적인 접근이 아닌 동대구역세권 활성화 전략에 따라 종합적인 관점에서 개발 방향을 설정한다는 계획이다.",
                "sentenceSize": 92
            },
            {
                "sentenceNo": 7,
                "sentenceContent": "특히 벤처·창업 등 지식기반산업의 중심지이자 신성장 동력으로서 역할을 수행할 수 있도록 동대구벤처밸리의 기능을 강화하기 위한 개발을 지향한다.",
                "sentenceSize": 79
            },
            {
                "sentenceNo": 8,
                "sentenceContent": "건강한 창업생태계 형성을 위한 거점으로 조성해 수도권과 남부권을 잇는 영남권 비즈니스 중심지 형성을 지원하겠다는 것이 큰 방향이다.",
                "sentenceSize": 73
            },
            {
                "sentenceNo": 9,
                "sentenceContent": "정해용 대구시 경제부시장은 “동대구역세권은 대구의 벤처·창업의 전진기지이자 도시철도 엑스코선 건설 등 주요 여건 변화가 예상되는 만큼 실현 가능한 최적의 전략과 개발 계획을 마련해 신산업 발전을 위한 거점으로 발전시켜 나가겠다”고 말했다.",
                "sentenceSize": 133
            }
        ]
    }
}