{
    "sourceDataInfo": {
        "newsID": "SO_M06_899080",
        "newsCategory": "사회",
        "newsSubcategory": "사회,사회일반,사회일반",
        "newsTitle": "만취 상태 질주로 60대 노동자 숨지게 한 운전자 1심서 징역 7년 선고",
        "newsSubTitle": "null",
        "newsContent": "심야 시간 만취 상태로 차를 몰다 도로에서 작업 중이던 노동자를 치어 숨지게 한 여성이 1심에서 징역 7년을 선고받았다.\n서울동부지법 형사7단독 박소연 판사는 12일 특정범죄 가중처벌 등에 관한 법률 위반(위험운전치사) 등 혐의로 기소된 권모(30)씨에게 징역 7년을 선고했다.\n재판부는 \\\"피해자가 극히 참혹한 상태에서 사망에 이르렀다\\\"며 \\\"피해자와 그 가족들이 받았을, 그리고 앞으로도 겪게 될 상처와 충격이 크다\\\"고 양형 이유를 밝혔다.\n또 \\\"피해자와 가족들로부터 용서를 받지도 못했다\\\"며 \\\"음주운전으로 인한 벌금형 전력도 있어 엄중한 처벌이 불가피하다\\\"고 판시했다.\n재판부는 다만 \\\"위험운전치사죄가 살인죄에 비견될 정도이긴 하나, 살인죄는 고의 범죄인 반면 치사죄는 과실 범죄에 해당한다\\\"며 \\\"피고인이 깊이 반성하고 있고 이런 참회가 거짓되어 보이지 않는다\\\"고 덧붙였다.\n권씨는 지난 5월 24일 오전 2시께 서울 성동구 뚝섬역 인근 도로에서 지하철 방음벽을 철거 중이던 일용직 노동자 A(60)씨를 자신의 벤츠 승용차로 들이받아 숨지게 한 혐의로 재판에 넘겨졌다.\n사고 당시 권씨는 차량을 시속 148㎞로 몰고 있었으며, 혈중알코올농도는 0.188％로 면허 취소 수준이었다.\n그는 지난해 8월에도 음주운전으로 벌금 400만원의 약식 명령을 선고받은 것으로 파악됐다.\n검찰은 지난 9월 열린 결심공판에서 \\\"유가족은 수의조차 입힐 수 없는 피해자 모습에 비통함을 금하지 못하고 있다\\\"며 권씨에게 징역 12년을 구형했다.\n당시 권씨는 \\\"무책임하게 술에 취해 인간으로서 못 할 짓을 저질렀다. 유가족에게 너무 죄송하다\\\"고 사과했다.\n권씨는 자신의 혐의를 인정하며 이날까지 총 17차례에 걸쳐 반성문을 제출했다.",
        "partNum": "P2",
        "useType": 1,
        "processType": "A",
        "processPattern": "00",
        "processLevel": "하",
        "sentenceCount": 11,
        "processSentencenum": 0,
        "sentenceInfo": [
            {
                "sentenceNo": 1,
                "sentenceContent": "심야 시간 만취 상태로 차를 몰다 도로에서 작업 중이던 노동자를 치어 숨지게 한 여성이 1심에서 징역 7년을 선고받았다.",
                "sentenceSize": 67
            },
            {
                "sentenceNo": 2,
                "sentenceContent": "서울동부지법 형사7단독 박소연 판사는 12일 특정범죄 가중처벌 등에 관한 법률 위반(위험운전치사) 등 혐의로 기소된 권모(30)씨에게 징역 7년을 선고했다.",
                "sentenceSize": 87
            },
            {
                "sentenceNo": 3,
                "sentenceContent": "재판부는 \\\"피해자가 극히 참혹한 상태에서 사망에 이르렀다\\\"며 \\\"피해자와 그 가족들이 받았을, 그리고 앞으로도 겪게 될 상처와 충격이 크다\\\"고 양형 이유를 밝혔다.",
                "sentenceSize": 94
            },
            {
                "sentenceNo": 4,
                "sentenceContent": "또 \\\"피해자와 가족들로부터 용서를 받지도 못했다\\\"며 \\\"음주운전으로 인한 벌금형 전력도 있어 엄중한 처벌이 불가피하다\\\"고 판시했다.",
                "sentenceSize": 76
            },
            {
                "sentenceNo": 5,
                "sentenceContent": "재판부는 다만 \\\"위험운전치사죄가 살인죄에 비견될 정도이긴 하나, 살인죄는 고의 범죄인 반면 치사죄는 과실 범죄에 해당한다\\\"며 \\\"피고인이 깊이 반성하고 있고 이런 참회가 거짓되어 보이지 않는다\\\"고 덧붙였다.",
                "sentenceSize": 118
            },
            {
                "sentenceNo": 6,
                "sentenceContent": "권씨는 지난 5월 24일 오전 2시께 서울 성동구 뚝섬역 인근 도로에서 지하철 방음벽을 철거 중이던 일용직 노동자 A(60)씨를 자신의 벤츠 승용차로 들이받아 숨지게 한 혐의로 재판에 넘겨졌다.",
                "sentenceSize": 108
            },
            {
                "sentenceNo": 7,
                "sentenceContent": "사고 당시 권씨는 차량을 시속 148㎞로 몰고 있었으며, 혈중알코올농도는 0.188％로 면허 취소 수준이었다.",
                "sentenceSize": 61
            },
            {
                "sentenceNo": 8,
                "sentenceContent": "그는 지난해 8월에도 음주운전으로 벌금 400만원의 약식 명령을 선고받은 것으로 파악됐다.",
                "sentenceSize": 50
            },
            {
                "sentenceNo": 9,
                "sentenceContent": "검찰은 지난 9월 열린 결심공판에서 \\\"유가족은 수의조차 입힐 수 없는 피해자 모습에 비통함을 금하지 못하고 있다\\\"며 권씨에게 징역 12년을 구형했다.",
                "sentenceSize": 85
            },
            {
                "sentenceNo": 10,
                "sentenceContent": "당시 권씨는 \\\"무책임하게 술에 취해 인간으로서 못 할 짓을 저질렀다. 유가족에게 너무 죄송하다\\\"고 사과했다.",
                "sentenceSize": 62
            },
            {
                "sentenceNo": 11,
                "sentenceContent": "권씨는 자신의 혐의를 인정하며 이날까지 총 17차례에 걸쳐 반성문을 제출했다.",
                "sentenceSize": 43
            }
        ]
    }
}