{
    "sourceDataInfo": {
        "newsID": "SO_M06_898941",
        "newsCategory": "사회",
        "newsSubcategory": "사회,전국,영남권",
        "newsTitle": "부산시, 개발제한구역 주민지원사업 역대 최대 국비 97억 원 확보",
        "newsSubTitle": "지방비 포함 전체 사업비는 123억 원 수준임석천·반송 누리길 조성사업 등 추진",
        "newsContent": "부산시는 내년도 국토교통부 ‘개발제한구역 주민지원사업’ 국비를 역대 최대인 97억 원을 확보했다고 11일 밝혔다.\n이 사업은 개발제한구역 내 열악한 주거환경을 정비하고 복지증진시설을 확충해 지역 주민들의 생활환경을 개선하는 사업이다.\n시는 올해 국비 지원액 86억 원보다 11억 원이 증액된 97억 원을 국토부로부터 확보했다.\n이는 지난 2001년 주민지원사업 시행 이후 최대 금액이다.\n또 2022년 사업 중 환경문화분야 국비 지원액은 55억 원으로 전국에서 최대 금액이다.\n시는 확보한 국비와 지방비를 통해 임석천 누리길 조성사업(12억 원)과 금정산 누리길 조성사업(2차)(9억 원), 석대 쓰레기매립장 제방 여가녹지 조성사업(6억 원), 반송 누리길 조성사업(5억 원), 두구동 두구교 일원 도로확장(2차)(12억 원) 등을 추진한다.\n국비 97억 원에 매칭 지방비 26억 원을 포함하면 내년도 개발제한구역 주민지원사업비는 총 123억 원 수준이다.\n이와 별개로 시는 주민지원사업 우수기관으로도 선정돼 별도의 인센티브 사업비 5억 원까지 추가로 확보할 전망이다.\n이번에 확보한 내년도 국비는 12월 국회에서 예산안 의결을 받아 내년 1월 지자체로 배정될 예정이다.\n시 관계자는 “이번 사업 선정으로 열악한 주거 환경을 개선하고 미흡한 도시기반시설, 부족한 복지 시설 등을 확충해 개발제한구역 내 주민 불편을 해소하고 거주민들의 소득증대 및 복지향상에 크게 도움 될 것으로 기대한다”고 말했다.",
        "partNum": "P2",
        "useType": 1,
        "processType": "A",
        "processPattern": "00",
        "processLevel": "하",
        "sentenceCount": 10,
        "processSentencenum": 0,
        "sentenceInfo": [
            {
                "sentenceNo": 1,
                "sentenceContent": "부산시는 내년도 국토교통부 ‘개발제한구역 주민지원사업’ 국비를 역대 최대인 97억 원을 확보했다고 11일 밝혔다.",
                "sentenceSize": 63
            },
            {
                "sentenceNo": 2,
                "sentenceContent": "이 사업은 개발제한구역 내 열악한 주거환경을 정비하고 복지증진시설을 확충해 지역 주민들의 생활환경을 개선하는 사업이다.",
                "sentenceSize": 66
            },
            {
                "sentenceNo": 3,
                "sentenceContent": "시는 올해 국비 지원액 86억 원보다 11억 원이 증액된 97억 원을 국토부로부터 확보했다.",
                "sentenceSize": 51
            },
            {
                "sentenceNo": 4,
                "sentenceContent": "이는 지난 2001년 주민지원사업 시행 이후 최대 금액이다.",
                "sentenceSize": 33
            },
            {
                "sentenceNo": 5,
                "sentenceContent": "또 2022년 사업 중 환경문화분야 국비 지원액은 55억 원으로 전국에서 최대 금액이다.",
                "sentenceSize": 49
            },
            {
                "sentenceNo": 6,
                "sentenceContent": "시는 확보한 국비와 지방비를 통해 임석천 누리길 조성사업(12억 원)과 금정산 누리길 조성사업(2차)(9억 원), 석대 쓰레기매립장 제방 여가녹지 조성사업(6억 원), 반송 누리길 조성사업(5억 원), 두구동 두구교 일원 도로확장(2차)(12억 원) 등을 추진한다.",
                "sentenceSize": 148
            },
            {
                "sentenceNo": 7,
                "sentenceContent": "국비 97억 원에 매칭 지방비 26억 원을 포함하면 내년도 개발제한구역 주민지원사업비는 총 123억 원 수준이다.",
                "sentenceSize": 63
            },
            {
                "sentenceNo": 8,
                "sentenceContent": "이와 별개로 시는 주민지원사업 우수기관으로도 선정돼 별도의 인센티브 사업비 5억 원까지 추가로 확보할 전망이다.",
                "sentenceSize": 62
            },
            {
                "sentenceNo": 9,
                "sentenceContent": "이번에 확보한 내년도 국비는 12월 국회에서 예산안 의결을 받아 내년 1월 지자체로 배정될 예정이다.",
                "sentenceSize": 56
            },
            {
                "sentenceNo": 10,
                "sentenceContent": "시 관계자는 “이번 사업 선정으로 열악한 주거 환경을 개선하고 미흡한 도시기반시설, 부족한 복지 시설 등을 확충해 개발제한구역 내 주민 불편을 해소하고 거주민들의 소득증대 및 복지향상에 크게 도움 될 것으로 기대한다”고 말했다.",
                "sentenceSize": 127
            }
        ]
    }
}