{
    "sourceDataInfo": {
        "newsID": "SO_M06_899429",
        "newsCategory": "사회",
        "newsSubcategory": "사회,전국,수도권",
        "newsTitle": "이재정 경기도 교육감, 2022학년도 수능 현장 방문해 격려",
        "newsSubTitle": "null",
        "newsContent": "이재정 경기도교육감은 18일 새벽 동두천양주교육지원청을 찾아 2022학년도 대학수학능력시험 문답지가 지구 내 시험장으로 이송되는 상황을 지켜보고 관계자들을 격려했다.\n이후 양주에 있는 덕현고등학교로 이동해 시험 현장 경찰, 교직원들에게 직접 감사의 마음을 전하고 입실하는 수험생을 응원했다.\n또 수능 감독관들을 격려하면서 수험생들이 부정행위로 간주되는 안타까운 일 없이 모두가 무사히 시험을 마칠 수 있도록 해 달라고 당부했다.\n이 교육감은 “작년에 이어 올해도 코로나19 상황에서 확진자와 자가격리자를 위한 시험장까지 운영하며 수능 준비에 최선을 다했다”며 “수험생 한 명 한 명이 안전하고 편안하게 수능을 치를 수 있도록 애써주시는 종사 요원 여러분의 희생과 노고에 감사드린다”고 말했다.\n한편 경기도 수험생 14만3,942명이 19개 지구 349개 시험장에서 2022학년도 대학수학능력시험에 응시한다.\n수험생 가운데 확진자는 병원시험장 3곳, 자가격리자는 26개 별도시험장에서 시험을 치른다.",
        "partNum": "P2",
        "useType": 1,
        "processType": "A",
        "processPattern": "00",
        "processLevel": "하",
        "sentenceCount": 6,
        "processSentencenum": 0,
        "sentenceInfo": [
            {
                "sentenceNo": 1,
                "sentenceContent": "이재정 경기도교육감은 18일 새벽 동두천양주교육지원청을 찾아 2022학년도 대학수학능력시험 문답지가 지구 내 시험장으로 이송되는 상황을 지켜보고 관계자들을 격려했다.",
                "sentenceSize": 92
            },
            {
                "sentenceNo": 2,
                "sentenceContent": "이후 양주에 있는 덕현고등학교로 이동해 시험 현장 경찰, 교직원들에게 직접 감사의 마음을 전하고 입실하는 수험생을 응원했다.",
                "sentenceSize": 69
            },
            {
                "sentenceNo": 3,
                "sentenceContent": "또 수능 감독관들을 격려하면서 수험생들이 부정행위로 간주되는 안타까운 일 없이 모두가 무사히 시험을 마칠 수 있도록 해 달라고 당부했다.",
                "sentenceSize": 76
            },
            {
                "sentenceNo": 4,
                "sentenceContent": "이 교육감은 “작년에 이어 올해도 코로나19 상황에서 확진자와 자가격리자를 위한 시험장까지 운영하며 수능 준비에 최선을 다했다”며 “수험생 한 명 한 명이 안전하고 편안하게 수능을 치를 수 있도록 애써주시는 종사 요원 여러분의 희생과 노고에 감사드린다”고 말했다.",
                "sentenceSize": 147
            },
            {
                "sentenceNo": 5,
                "sentenceContent": "한편 경기도 수험생 14만3,942명이 19개 지구 349개 시험장에서 2022학년도 대학수학능력시험에 응시한다.",
                "sentenceSize": 63
            },
            {
                "sentenceNo": 6,
                "sentenceContent": "수험생 가운데 확진자는 병원시험장 3곳, 자가격리자는 26개 별도시험장에서 시험을 치른다.",
                "sentenceSize": 50
            }
        ]
    }
}