{
    "sourceDataInfo": {
        "newsID": "SO_M06_882727",
        "newsCategory": "사회",
        "newsSubcategory": "사회,사건사고,사건사고",
        "newsTitle": "\\\"출산 안했다\\\"는 구미 여아 친모…거짓말탐지기는 \\\"거짓\\\"",
        "newsSubTitle": "'아이 낳았나' '친부는 누구' 등 5개 안팎 질문일부 질문에는 횡설수설 '판단 유보' 나오기도경찰, 프로파일러 3명 투입해 심리 분석",
        "newsContent": "경북 구미의 한 빌라에서 숨진 채 발견된 3세 여아의 ‘친모’ A(48)씨의 발언들이 거짓말 탐지기 검사에서 상당수 ‘거짓’으로 나왔다.\nA씨는 그간 아이를 낳지 않았다고 부인해 왔다.\n15일 구미경찰서 등에 따르면, 경북지방청 과학수사과는 지난 주말 A씨를 대상으로 심리생리(거짓말 탐지기) 검사를 진행했다.\n당시 경찰은 A씨에게 ‘아이를 낳은 사실이 있는가’, ‘아이의 친부는 누구인가’, ‘딸의 아이는 어디 있는가’를 포함해 5개 안팎의 질문을 한 것으로 전해졌다.\n핵심질문에는 ‘거짓’ 반응이 나왔고, 일부 질문에는 횡설수설해 ‘판단 유보’ 결과가 나왔다.\n다만 경찰은 거짓 반응이 나온 핵심질문에 대해서는 밝히지 않았다.\n경찰은 1주일 가까이 프로파일러 3명을 투입해 A씨의 심리를 분석하고 있다.\n이에 경찰 관계자는 “상식적이고 정상적인 생각으로는 이 사건을 풀 수 없다”며 “전혀 새로운 각도에서 바라봐야 단서를 잡을 수 있을 것”이라고 설명했다.\n앞서 지난달 10일 오후 구미시 상모사곡동의 한 빌라에서 3세 여아가 숨져 있는 것을 A씨가 발견해 신고했다.\n당시 A씨는 숨진 여아의 외할머니로 파악됐다.\n그러나 유전자 검사 결과, 숨진 아이는 A씨의 친딸로 밝혀졌다.\n엄마로 알려졌던 B씨(22)는 엄마가 아니라 숨진 여아의 친언니인 것이다.\n하지만 A씨는 “나는 아이를 낳은 적이 없다. 딸이 낳은 아기다”라며 출산 자체를 강력히 부인했다.\nA씨의 남편과 딸의 전남편도 숨진 여아의 친부가 아닌 것으로 파악됐다.\n경찰은 A씨와 친분이 있는 남성 2명의 신병을 확보해 DNA 검사를 했지만, 그들 역시 친부가 아니었다.\n경찰은 아이의 친부를 찾는 것을 사건 해결의 중요 단서로 판단하고 민간 산파와 위탁모 수소문에 수사력을 집중하고 있다.\n경찰 관계자는 “민간 산파와 위탁모 등은 아이의 사망 사건과 직접적인 관련이 없으니 적극적인 신고를 바란다”고 요청했다.",
        "partNum": "P2",
        "useType": 1,
        "processType": "A",
        "processPattern": "00",
        "processLevel": "하",
        "sentenceCount": 17,
        "processSentencenum": 0,
        "sentenceInfo": [
            {
                "sentenceNo": 1,
                "sentenceContent": "경북 구미의 한 빌라에서 숨진 채 발견된 3세 여아의 ‘친모’ A(48)씨의 발언들이 거짓말 탐지기 검사에서 상당수 ‘거짓’으로 나왔다.",
                "sentenceSize": 76
            },
            {
                "sentenceNo": 2,
                "sentenceContent": "A씨는 그간 아이를 낳지 않았다고 부인해 왔다.",
                "sentenceSize": 26
            },
            {
                "sentenceNo": 3,
                "sentenceContent": "15일 구미경찰서 등에 따르면, 경북지방청 과학수사과는 지난 주말 A씨를 대상으로 심리생리(거짓말 탐지기) 검사를 진행했다.",
                "sentenceSize": 69
            },
            {
                "sentenceNo": 4,
                "sentenceContent": "당시 경찰은 A씨에게 ‘아이를 낳은 사실이 있는가’, ‘아이의 친부는 누구인가’, ‘딸의 아이는 어디 있는가’를 포함해 5개 안팎의 질문을 한 것으로 전해졌다.",
                "sentenceSize": 89
            },
            {
                "sentenceNo": 5,
                "sentenceContent": "핵심질문에는 ‘거짓’ 반응이 나왔고, 일부 질문에는 횡설수설해 ‘판단 유보’ 결과가 나왔다.",
                "sentenceSize": 51
            },
            {
                "sentenceNo": 6,
                "sentenceContent": "다만 경찰은 거짓 반응이 나온 핵심질문에 대해서는 밝히지 않았다.",
                "sentenceSize": 36
            },
            {
                "sentenceNo": 7,
                "sentenceContent": "경찰은 1주일 가까이 프로파일러 3명을 투입해 A씨의 심리를 분석하고 있다.",
                "sentenceSize": 42
            },
            {
                "sentenceNo": 8,
                "sentenceContent": "이에 경찰 관계자는 “상식적이고 정상적인 생각으로는 이 사건을 풀 수 없다”며 “전혀 새로운 각도에서 바라봐야 단서를 잡을 수 있을 것”이라고 설명했다.",
                "sentenceSize": 85
            },
            {
                "sentenceNo": 9,
                "sentenceContent": "앞서 지난달 10일 오후 구미시 상모사곡동의 한 빌라에서 3세 여아가 숨져 있는 것을 A씨가 발견해 신고했다.",
                "sentenceSize": 61
            },
            {
                "sentenceNo": 10,
                "sentenceContent": "당시 A씨는 숨진 여아의 외할머니로 파악됐다.",
                "sentenceSize": 25
            },
            {
                "sentenceNo": 11,
                "sentenceContent": "그러나 유전자 검사 결과, 숨진 아이는 A씨의 친딸로 밝혀졌다.",
                "sentenceSize": 35
            },
            {
                "sentenceNo": 12,
                "sentenceContent": "엄마로 알려졌던 B씨(22)는 엄마가 아니라 숨진 여아의 친언니인 것이다.",
                "sentenceSize": 41
            },
            {
                "sentenceNo": 13,
                "sentenceContent": "하지만 A씨는 “나는 아이를 낳은 적이 없다. 딸이 낳은 아기다”라며 출산 자체를 강력히 부인했다.",
                "sentenceSize": 55
            },
            {
                "sentenceNo": 14,
                "sentenceContent": "A씨의 남편과 딸의 전남편도 숨진 여아의 친부가 아닌 것으로 파악됐다.",
                "sentenceSize": 39
            },
            {
                "sentenceNo": 15,
                "sentenceContent": "경찰은 A씨와 친분이 있는 남성 2명의 신병을 확보해 DNA 검사를 했지만, 그들 역시 친부가 아니었다.",
                "sentenceSize": 58
            },
            {
                "sentenceNo": 16,
                "sentenceContent": "경찰은 아이의 친부를 찾는 것을 사건 해결의 중요 단서로 판단하고 민간 산파와 위탁모 수소문에 수사력을 집중하고 있다.",
                "sentenceSize": 66
            },
            {
                "sentenceNo": 17,
                "sentenceContent": "경찰 관계자는 “민간 산파와 위탁모 등은 아이의 사망 사건과 직접적인 관련이 없으니 적극적인 신고를 바란다”고 요청했다.",
                "sentenceSize": 67
            }
        ]
    }
}