{
    "sourceDataInfo": {
        "newsID": "SO_M06_885518",
        "newsCategory": "사회",
        "newsSubcategory": "사회,전국,영남권",
        "newsTitle": "부산시, 분별해체 의무화로 건설폐기물 재활용 강화",
        "newsSubTitle": "일정 규모 이상 사업장에 분별해체·재생아스콘 사용 의무화",
        "newsContent": "부산시는 건설폐기물의 발생을 원천적으로 줄이고 재활용을 극대화하기 위해 일정 규모 이상의 건축물 철거공사 발주 시 분별 해체를 의무화한다고 26일 밝혔다.\n분별해체란 건축물을 철거하는 과정에서 재활용이 어려운 폐합성수지, 폐보드류 등을 사전에 제거해 재활용이 가능한 폐콘크리트 등과 혼합되지 않도록 분리 배출하는 방법이다.\n건설폐기물은 재활용 및 소각 가능성, 매립 필요성 여부 등에 따라 종류별로 분리 배출해야 하지만 그동안 혼합배출되면서 분리·선별 비용이 추가로 발생하고 순환골재 품질이 저하되는 등 문제점이 있었다.\n이에 일정 규모 이상의 공공구조물을 철거하는 경우에는 분별해체를 의무화하도록 ‘건설폐기물의 재활용촉진에 관한 법률’이 개정됐으며 지난 17일부터 시행 중이다.\n적용대상은 국가, 지자체 및 공공기관에서 발주하는 연면적 500㎡ 이상 건축물 철거공사로 건설폐기물을 종류별로 분리해 해체한 후 배출해야 한다.\n향후 민간건축물에도 확대 시행하기 위한 방안으로, 부산시는 환경영향평가대상사업 협의 시 폐기물처리대책에 분별해체 계획을 포함하도록 권고할 계획이다.\n이와 함께 건설폐기물 재활용을 강화하기 위해 재생아스콘 사용을 활성화하도록 지난 1월 ‘건설공사 설계지침서’를 개정한 바 있다.\n절삭 아스콘 500t 이상 발생 사업장은 폐아스콘과 폐콘크리트를 분리발주하고 재생아스콘을 의무적으로 사용해야 한다.\n부산시는 오는 2025년까지 분리발주 및 의무사용대상을 확대해 나갈 방침이다.\n부산시 관계자는 “분별해체가 의무화되면서 건설폐기물의 재활용을 저해하는 혼합배출을 차단해 소각과 매립을 최소화하고 순환골재의 품질도 향상될 것으로 기대된다”며 “앞으로도 건설폐기물 재활용을 확대할 수 있도록 노력하겠다”고 말했다.",
        "partNum": "P2",
        "useType": 1,
        "processType": "A",
        "processPattern": "00",
        "processLevel": "하",
        "sentenceCount": 10,
        "processSentencenum": 0,
        "sentenceInfo": [
            {
                "sentenceNo": 1,
                "sentenceContent": "부산시는 건설폐기물의 발생을 원천적으로 줄이고 재활용을 극대화하기 위해 일정 규모 이상의 건축물 철거공사 발주 시 분별 해체를 의무화한다고 26일 밝혔다.",
                "sentenceSize": 86
            },
            {
                "sentenceNo": 2,
                "sentenceContent": "분별해체란 건축물을 철거하는 과정에서 재활용이 어려운 폐합성수지, 폐보드류 등을 사전에 제거해 재활용이 가능한 폐콘크리트 등과 혼합되지 않도록 분리 배출하는 방법이다.",
                "sentenceSize": 93
            },
            {
                "sentenceNo": 3,
                "sentenceContent": "건설폐기물은 재활용 및 소각 가능성, 매립 필요성 여부 등에 따라 종류별로 분리 배출해야 하지만 그동안 혼합배출되면서 분리·선별 비용이 추가로 발생하고 순환골재 품질이 저하되는 등 문제점이 있었다.",
                "sentenceSize": 110
            },
            {
                "sentenceNo": 4,
                "sentenceContent": "이에 일정 규모 이상의 공공구조물을 철거하는 경우에는 분별해체를 의무화하도록 ‘건설폐기물의 재활용촉진에 관한 법률’이 개정됐으며 지난 17일부터 시행 중이다.",
                "sentenceSize": 88
            },
            {
                "sentenceNo": 5,
                "sentenceContent": "적용대상은 국가, 지자체 및 공공기관에서 발주하는 연면적 500㎡ 이상 건축물 철거공사로 건설폐기물을 종류별로 분리해 해체한 후 배출해야 한다.",
                "sentenceSize": 80
            },
            {
                "sentenceNo": 6,
                "sentenceContent": "향후 민간건축물에도 확대 시행하기 위한 방안으로, 부산시는 환경영향평가대상사업 협의 시 폐기물처리대책에 분별해체 계획을 포함하도록 권고할 계획이다.",
                "sentenceSize": 82
            },
            {
                "sentenceNo": 7,
                "sentenceContent": "이와 함께 건설폐기물 재활용을 강화하기 위해 재생아스콘 사용을 활성화하도록 지난 1월 ‘건설공사 설계지침서’를 개정한 바 있다.",
                "sentenceSize": 71
            },
            {
                "sentenceNo": 8,
                "sentenceContent": "절삭 아스콘 500t 이상 발생 사업장은 폐아스콘과 폐콘크리트를 분리발주하고 재생아스콘을 의무적으로 사용해야 한다.",
                "sentenceSize": 64
            },
            {
                "sentenceNo": 9,
                "sentenceContent": "부산시는 오는 2025년까지 분리발주 및 의무사용대상을 확대해 나갈 방침이다.",
                "sentenceSize": 43
            },
            {
                "sentenceNo": 10,
                "sentenceContent": "부산시 관계자는 “분별해체가 의무화되면서 건설폐기물의 재활용을 저해하는 혼합배출을 차단해 소각과 매립을 최소화하고 순환골재의 품질도 향상될 것으로 기대된다”며 “앞으로도 건설폐기물 재활용을 확대할 수 있도록 노력하겠다”고 말했다.",
                "sentenceSize": 128
            }
        ]
    }
}