{
    "sourceDataInfo": {
        "newsID": "SO_M06_898900",
        "newsCategory": "사회",
        "newsSubcategory": "사회,전국,수도권",
        "newsTitle": "경기남부경찰청, 이륜차 법규위반 7만1,000건 단속…'신호위반'이 가장 많아",
        "newsSubTitle": "null",
        "newsContent": "이륜차들이 가장 많이 위반하는 교통법규는 ‘신호 위반’으로 나타났다.\n경기남부경찰청은 지난 8월부터 10월까지 이륜차 법규위반 집중단속을 벌여 총 7만1,594건을 적발했다고 10일 밝혔다.\n위반 유형은 신호위반이 전체 적발 건수의 31.9%인 2만2,807건으로 가장 많았고, 보도 통행이 8,383건, 보행자 보호의무 위반이 5,518건, 중앙선 침범이 2,132건 등으로 뒤를 이었다.\n월평균 적발건수는 2만3,865건으로, 전년 동월 평균 1만1,714건에 비해 103.7% 폭증했다.\n올해 1∼7월 평균인 1만2,530건보다도 91% 늘었다.\n경찰은 코로나19 영향으로 배달문화가 확산하면서 이륜차들의 법규위반 사례도 함께 늘어나는 것으로 보고 있다.\n경기 남부지역에서는 올 들어 지난달까지 이륜차 교통사고 3,359건이 발생해 51명이 숨졌다.\n지난해 같은 기간(3,023건, 63명 사망)에 비해 발생 건수는 11.1% 늘었으나 사망자 수는 19% 줄었다.",
        "partNum": "P2",
        "useType": 1,
        "processType": "A",
        "processPattern": "00",
        "processLevel": "하",
        "sentenceCount": 8,
        "processSentencenum": 0,
        "sentenceInfo": [
            {
                "sentenceNo": 1,
                "sentenceContent": "이륜차들이 가장 많이 위반하는 교통법규는 ‘신호 위반’으로 나타났다.",
                "sentenceSize": 38
            },
            {
                "sentenceNo": 2,
                "sentenceContent": "경기남부경찰청은 지난 8월부터 10월까지 이륜차 법규위반 집중단속을 벌여 총 7만1,594건을 적발했다고 10일 밝혔다.",
                "sentenceSize": 67
            },
            {
                "sentenceNo": 3,
                "sentenceContent": "위반 유형은 신호위반이 전체 적발 건수의 31.9%인 2만2,807건으로 가장 많았고, 보도 통행이 8,383건, 보행자 보호의무 위반이 5,518건, 중앙선 침범이 2,132건 등으로 뒤를 이었다.",
                "sentenceSize": 111
            },
            {
                "sentenceNo": 4,
                "sentenceContent": "월평균 적발건수는 2만3,865건으로, 전년 동월 평균 1만1,714건에 비해 103.7% 폭증했다.",
                "sentenceSize": 56
            },
            {
                "sentenceNo": 5,
                "sentenceContent": "올해 1∼7월 평균인 1만2,530건보다도 91% 늘었다.",
                "sentenceSize": 32
            },
            {
                "sentenceNo": 6,
                "sentenceContent": "경찰은 코로나19 영향으로 배달문화가 확산하면서 이륜차들의 법규위반 사례도 함께 늘어나는 것으로 보고 있다.",
                "sentenceSize": 60
            },
            {
                "sentenceNo": 7,
                "sentenceContent": "경기 남부지역에서는 올 들어 지난달까지 이륜차 교통사고 3,359건이 발생해 51명이 숨졌다.",
                "sentenceSize": 52
            },
            {
                "sentenceNo": 8,
                "sentenceContent": "지난해 같은 기간(3,023건, 63명 사망)에 비해 발생 건수는 11.1% 늘었으나 사망자 수는 19% 줄었다.",
                "sentenceSize": 63
            }
        ]
    }
}