{
    "sourceDataInfo": {
        "newsID": "SO_M06_911387",
        "newsCategory": "사회",
        "newsSubcategory": "사회,행정·지자체,행정",
        "newsTitle": "서울 금천구, 하반기 안심일자리 사업 참여자 모집",
        "newsSubTitle": "null",
        "newsContent": "서울 금천구는 23일부터 31일까지 2022년 하반기 서울시민 안심일자리 사업 참여자 총 225명을 모집한다.\n실업자와 취약계층에게 직접 일자리를 제공해 생계를 지원하고 자립을 돕기 위해 추진하는 것으로 최종 선발자는 청렴해피콜, 공원 정비, 안양천 둔치 정비 사업 등 65개 사업에 참여하게 된다.\n신청 자격은 올 7월 1일 기준 만 18세 이상인 금천구민으로서 실업자 또는 정기소득이 없는 일용근로자이고, 신청자 본인 및 배우자, 가족 합산 재산이 4억 원 이하여야 한다.\n단 실업급여 수급자, 소득이 기준 중위소득 70%를 초과하는 가구 등은 참여할 수 없다.\n최종 합격자는7월 1일부터 12월 20일까지 금천구청, 복지관, 도서관 등 다양한 곳에서 근무하게 된다.\n1일 5시간씩 주 5일 근무하며 1일 임금은 간식비 포함 5만 1000 원이다.\n단 만 65세 이상 참여자는 1일 3시간씩 주 5일 근무, 간식비 포함 임금 3만 3000 원을 받는다.",
        "partNum": "P2",
        "useType": 1,
        "processType": "A",
        "processPattern": "00",
        "processLevel": "하",
        "sentenceCount": 7,
        "processSentencenum": 0,
        "sentenceInfo": [
            {
                "sentenceNo": 1,
                "sentenceContent": "서울 금천구는 23일부터 31일까지 2022년 하반기 서울시민 안심일자리 사업 참여자 총 225명을 모집한다.",
                "sentenceSize": 61
            },
            {
                "sentenceNo": 2,
                "sentenceContent": "실업자와 취약계층에게 직접 일자리를 제공해 생계를 지원하고 자립을 돕기 위해 추진하는 것으로 최종 선발자는 청렴해피콜, 공원 정비, 안양천 둔치 정비 사업 등 65개 사업에 참여하게 된다.",
                "sentenceSize": 105
            },
            {
                "sentenceNo": 3,
                "sentenceContent": "신청 자격은 올 7월 1일 기준 만 18세 이상인 금천구민으로서 실업자 또는 정기소득이 없는 일용근로자이고, 신청자 본인 및 배우자, 가족 합산 재산이 4억 원 이하여야 한다.",
                "sentenceSize": 98
            },
            {
                "sentenceNo": 4,
                "sentenceContent": "단 실업급여 수급자, 소득이 기준 중위소득 70%를 초과하는 가구 등은 참여할 수 없다.",
                "sentenceSize": 49
            },
            {
                "sentenceNo": 5,
                "sentenceContent": "최종 합격자는7월 1일부터 12월 20일까지 금천구청, 복지관, 도서관 등 다양한 곳에서 근무하게 된다.",
                "sentenceSize": 58
            },
            {
                "sentenceNo": 6,
                "sentenceContent": "1일 5시간씩 주 5일 근무하며 1일 임금은 간식비 포함 5만 1000 원이다.",
                "sentenceSize": 44
            },
            {
                "sentenceNo": 7,
                "sentenceContent": "단 만 65세 이상 참여자는 1일 3시간씩 주 5일 근무, 간식비 포함 임금 3만 3000 원을 받는다.",
                "sentenceSize": 58
            }
        ]
    }
}