{
    "sourceDataInfo": {
        "newsID": "SO_M06_907603",
        "newsCategory": "사회",
        "newsSubcategory": "사회,사건사고,사건사고",
        "newsTitle": "오후 9시까지 전국서 30만6334명 확진…어제보다 2만2575명 적어",
        "newsSubTitle": "null",
        "newsContent": "오미크론 변이 유행이 지속하면서 25일 오후 9시까지 전국에서 30만명이 넘는 코로나19 확진자가 나왔다.\n서울시 등 각 지방자치단체에 따르면 이날 0시부터 오후 9시까지 전국 17개 시도에서 코로나19 확진 판정을 받은 사람은 30만6334명으로 집계됐다.\n전날 같은 시간 집계치인 32만8909명보다 2만2575명 적다. 1주 전인 지난 18일 동시간대 집계치(36만3118명)와 비교하면 5만6784명 적고, 2주 전인 11일(34만4712명)보다는 3만8378명 감소했다.\n집계를 마감하는 자정까지 시간이 남은 만큼 26일에 발표될 신규 확진자 수는 이보다 더 많을 것으로 전망된다.\n국내 오미크론 유행은 정점 구간에 진입한 것으로 파악되며, 최근 확진자 증가세가 둔화하고 있다.\n다만 사회적 거리두기 조치 완화 등의 영향이 추가로 반영되면서 유행이 감소세로 전환했는지는 좀 더 지켜봐야 한다.\n이날 오후 6시 기준 신규 확진자는 수도권에서 14만8377명(48.4%), 비수도권에서 15만7957명(51.6%)이 나왔다.\n지역별로는 경기 6만8537명, 서울 6만4099명, 경남 2만1624명, 인천 1만5741명, 경북 1만5194명, 대구 1만4058명, 충남 1만3166명, 전남 1만2849명, 부산 1만2732명, 전북 1만2204명, 충북 1만1609명, 대전 1만202명, 강원 1만64명, 광주 9850명, 울산 7451명, 제주 3947명, 세종 3천7명 등이다.\n지난 19일부터 1주간 일일 신규 확진자 수는 38만1413명→33만4653명→20만9139명→35만3936명→49만844명→39만5597명→33만9514명이며 주간 일평균 확진자는 35만7871명이다.",
        "partNum": "P2",
        "useType": 1,
        "processType": "A",
        "processPattern": "00",
        "processLevel": "하",
        "sentenceCount": 9,
        "processSentencenum": 0,
        "sentenceInfo": [
            {
                "sentenceNo": 1,
                "sentenceContent": "오미크론 변이 유행이 지속하면서 25일 오후 9시까지 전국에서 30만명이 넘는 코로나19 확진자가 나왔다.",
                "sentenceSize": 59
            },
            {
                "sentenceNo": 2,
                "sentenceContent": "서울시 등 각 지방자치단체에 따르면 이날 0시부터 오후 9시까지 전국 17개 시도에서 코로나19 확진 판정을 받은 사람은 30만6334명으로 집계됐다.",
                "sentenceSize": 84
            },
            {
                "sentenceNo": 3,
                "sentenceContent": "전날 같은 시간 집계치인 32만8909명보다 2만2575명 적다. 1주 전인 지난 18일 동시간대 집계치(36만3118명)와 비교하면 5만6784명 적고, 2주 전인 11일(34만4712명)보다는 3만8378명 감소했다.",
                "sentenceSize": 123
            },
            {
                "sentenceNo": 4,
                "sentenceContent": "집계를 마감하는 자정까지 시간이 남은 만큼 26일에 발표될 신규 확진자 수는 이보다 더 많을 것으로 전망된다.",
                "sentenceSize": 61
            },
            {
                "sentenceNo": 5,
                "sentenceContent": "국내 오미크론 유행은 정점 구간에 진입한 것으로 파악되며, 최근 확진자 증가세가 둔화하고 있다.",
                "sentenceSize": 53
            },
            {
                "sentenceNo": 6,
                "sentenceContent": "다만 사회적 거리두기 조치 완화 등의 영향이 추가로 반영되면서 유행이 감소세로 전환했는지는 좀 더 지켜봐야 한다.",
                "sentenceSize": 63
            },
            {
                "sentenceNo": 7,
                "sentenceContent": "이날 오후 6시 기준 신규 확진자는 수도권에서 14만8377명(48.4%), 비수도권에서 15만7957명(51.6%)이 나왔다.",
                "sentenceSize": 71
            },
            {
                "sentenceNo": 8,
                "sentenceContent": "지역별로는 경기 6만8537명, 서울 6만4099명, 경남 2만1624명, 인천 1만5741명, 경북 1만5194명, 대구 1만4058명, 충남 1만3166명, 전남 1만2849명, 부산 1만2732명, 전북 1만2204명, 충북 1만1609명, 대전 1만202명, 강원 1만64명, 광주 9850명, 울산 7451명, 제주 3947명, 세종 3천7명 등이다.",
                "sentenceSize": 201
            },
            {
                "sentenceNo": 9,
                "sentenceContent": "지난 19일부터 1주간 일일 신규 확진자 수는 38만1413명→33만4653명→20만9139명→35만3936명→49만844명→39만5597명→33만9514명이며 주간 일평균 확진자는 35만7871명이다.",
                "sentenceSize": 113
            }
        ]
    }
}