{
    "sourceDataInfo": {
        "newsID": "SO_M06_885220",
        "newsCategory": "사회",
        "newsSubcategory": "사회,행정·지자체,행정",
        "newsTitle": "서울시, 용산 미군기지 내 옛 방위사업청 부지 반세기 만에 공개",
        "newsSubTitle": "서울광장 7배 이르는 군사시설초대 해병대사령부 원형 보존",
        "newsContent": "한국전쟁 직후인 1955년 초대 해병대사령부가 들어섰던 서울 용산구 미군기지 내 옛 방위사업청 부지가 반세기 만에 일반에게 최초로 공개된다.\n해당 부지는 서울광장 면적의 7배에 이르는 약 8만6,890㎡ 규모의 군사시설로 앞으로 용산공원으로 개발된다.\n서울시는 옛 방위사업청 부지를 오는 23일부터 25일까지 300명의 ‘용산공원 국민참여단’에 공개한다고 밝혔다.\n시가 2019년부터 운영하고 있는 ‘용산기지 둘레길 산책’ 프로그램과 연계해 진행된다.\n옛 방위사업청 부지는 용산 미군기지 북측에 위치하고 있다.\n용산공원 조성지구와 경계가 맞닿아 있어 지난해 12월 용산공원으로 새롭게 포함됐다.\n1955년 건립된 해병대사령부 건물과 당시 우리 군이 구축한 방공호 등 한국전쟁 이후 군사시설이 원형 그대로 남아 있다.\n현재는 방위사업청이 2017년 경기 과천시로 이전하면서 국방홍보원, 해병대기념관, 국군복지단 등의 일부 시설만 있다.‘용산공원 국민참여단은‘용산기지 둘레길 산책 8개 구간 중 녹사평 구간과 옛 방위사업청 부지 총 약 3.8km를 2시간에 걸쳐 걷는다.\n전문 해설사가 주변의 다양한 삶의 모습과 역사·문화에 대해 설명한다.\n녹사평역에서 시작해 경리단 입구와 해방촌을 지나 옛 방위사업청 부지에서 마무리된다.\n용산공원 내에 존치 예정인 옛 해병대사령부 본관 내부와 방공호를 직접 보고 부지 내 다른 시설들도 외부에서 볼 수 있다.\n용산 미군기지에 남아 있는 군사시설은 대부분 외세에 의해 건립된 시설이지만 이번에 공개하는 옛 해병대사령부 본관, 해병대 초대교회, 방공호는 우리 군이 건설한 것이라 의미가 남다르다.\n이정화 서울시 도시계획국장은 “국토부·국방부·해병대사령부와의 협력으로 군사시설이 원형 그대로 남아 있는 옛 방위사업청 부지를 민간에 처음으로 공개하게 됐다”며 “용산공원 국민참여단을 시작으로 향후 용산기지 둘레길 산책 프로그램을 통해 일반시민들에게도 문을 열겠다”고 말했다.",
        "partNum": "P2",
        "useType": 1,
        "processType": "A",
        "processPattern": "00",
        "processLevel": "하",
        "sentenceCount": 13,
        "processSentencenum": 0,
        "sentenceInfo": [
            {
                "sentenceNo": 1,
                "sentenceContent": "한국전쟁 직후인 1955년 초대 해병대사령부가 들어섰던 서울 용산구 미군기지 내 옛 방위사업청 부지가 반세기 만에 일반에게 최초로 공개된다.",
                "sentenceSize": 78
            },
            {
                "sentenceNo": 2,
                "sentenceContent": "해당 부지는 서울광장 면적의 7배에 이르는 약 8만6,890㎡ 규모의 군사시설로 앞으로 용산공원으로 개발된다.",
                "sentenceSize": 61
            },
            {
                "sentenceNo": 3,
                "sentenceContent": "서울시는 옛 방위사업청 부지를 오는 23일부터 25일까지 300명의 ‘용산공원 국민참여단’에 공개한다고 밝혔다.",
                "sentenceSize": 62
            },
            {
                "sentenceNo": 4,
                "sentenceContent": "시가 2019년부터 운영하고 있는 ‘용산기지 둘레길 산책’ 프로그램과 연계해 진행된다.",
                "sentenceSize": 48
            },
            {
                "sentenceNo": 5,
                "sentenceContent": "옛 방위사업청 부지는 용산 미군기지 북측에 위치하고 있다.",
                "sentenceSize": 32
            },
            {
                "sentenceNo": 6,
                "sentenceContent": "용산공원 조성지구와 경계가 맞닿아 있어 지난해 12월 용산공원으로 새롭게 포함됐다.",
                "sentenceSize": 46
            },
            {
                "sentenceNo": 7,
                "sentenceContent": "1955년 건립된 해병대사령부 건물과 당시 우리 군이 구축한 방공호 등 한국전쟁 이후 군사시설이 원형 그대로 남아 있다.",
                "sentenceSize": 67
            },
            {
                "sentenceNo": 8,
                "sentenceContent": "현재는 방위사업청이 2017년 경기 과천시로 이전하면서 국방홍보원, 해병대기념관, 국군복지단 등의 일부 시설만 있다.‘용산공원 국민참여단은‘용산기지 둘레길 산책 8개 구간 중 녹사평 구간과 옛 방위사업청 부지 총 약 3.8km를 2시간에 걸쳐 걷는다.",
                "sentenceSize": 140
            },
            {
                "sentenceNo": 9,
                "sentenceContent": "전문 해설사가 주변의 다양한 삶의 모습과 역사·문화에 대해 설명한다.",
                "sentenceSize": 38
            },
            {
                "sentenceNo": 10,
                "sentenceContent": "녹사평역에서 시작해 경리단 입구와 해방촌을 지나 옛 방위사업청 부지에서 마무리된다.",
                "sentenceSize": 46
            },
            {
                "sentenceNo": 11,
                "sentenceContent": "용산공원 내에 존치 예정인 옛 해병대사령부 본관 내부와 방공호를 직접 보고 부지 내 다른 시설들도 외부에서 볼 수 있다.",
                "sentenceSize": 67
            },
            {
                "sentenceNo": 12,
                "sentenceContent": "용산 미군기지에 남아 있는 군사시설은 대부분 외세에 의해 건립된 시설이지만 이번에 공개하는 옛 해병대사령부 본관, 해병대 초대교회, 방공호는 우리 군이 건설한 것이라 의미가 남다르다.",
                "sentenceSize": 102
            },
            {
                "sentenceNo": 13,
                "sentenceContent": "이정화 서울시 도시계획국장은 “국토부·국방부·해병대사령부와의 협력으로 군사시설이 원형 그대로 남아 있는 옛 방위사업청 부지를 민간에 처음으로 공개하게 됐다”며 “용산공원 국민참여단을 시작으로 향후 용산기지 둘레길 산책 프로그램을 통해 일반시민들에게도 문을 열겠다”고 말했다.",
                "sentenceSize": 153
            }
        ]
    }
}