{
    "sourceDataInfo": {
        "newsID": "SO_M06_899645",
        "newsCategory": "사회",
        "newsSubcategory": "사회,전국,수도권",
        "newsTitle": "경기도소방학교, ‘공공 HRD 콘테스트’ 본선…두 개 분야 1위 석권",
        "newsSubTitle": "교수학습 분야 이용구 교수 대통령상, 연구개발 분야 강석화 교수 인사혁신처장상 수상",
        "newsContent": "경기도소방학교는 지난 17~18일 국가공무원인재개발원에서 열린 ‘제39회 공공 HRD콘테스트 본선대회’에서 교수학습 분야와 연구개발 분야 모두 1위를 수상했다고 22일 밝혔다.\n공공 HRD 콘테스트는 매년 국가인재개발원이 주관해 교수학습 분야와 연구개발 분야로 나눠 공공기관 교육훈련기관에서 근무하는 교수와 행정요원을 발굴하는 대회다.\n모두 12개 팀이 참가한 교수학습 분야에서 경기도소방학교 이용구 교수는 ‘비상호흡법, 생각하며 호흡하라!’는 주제로 열띤 강연을 펼쳐 1위에 올라 대통령상을 받았다.\n교수학습 분야는 지난해에 이어 2년 연속 대통령상 수상을 차지했다.\n또 치열한 예선을 거쳐 10명이 참가한 연구개발 분야에서는 경기도소방학교 강석화 교수가 ‘가상현실(VR) 기반 소방교육훈련의 지휘역량 강화 영향요인 실증분석’이라는 주제로 작성한 연구논문을 발표, 1위에 올라 인사혁신처장상을 수상했다.\n이용구 경기도소방학교 교수는 “공공 HRD콘테스트 두 개 분야에서 모두 1위를 석권한 것은 경기도소방학교의 교육 운영 및 프로그램, 그리고 교수진의 우수성을 인정받은 것”이라며 “이번 수상을 계기로 더 연구하는 것은 물론 연구한 결과를 교육에 녹여낼 수 있는 교수가 되겠다”고 수상 소감을 말했다.",
        "partNum": "P2",
        "useType": 1,
        "processType": "A",
        "processPattern": "00",
        "processLevel": "하",
        "sentenceCount": 6,
        "processSentencenum": 0,
        "sentenceInfo": [
            {
                "sentenceNo": 1,
                "sentenceContent": "경기도소방학교는 지난 17~18일 국가공무원인재개발원에서 열린 ‘제39회 공공 HRD콘테스트 본선대회’에서 교수학습 분야와 연구개발 분야 모두 1위를 수상했다고 22일 밝혔다.",
                "sentenceSize": 98
            },
            {
                "sentenceNo": 2,
                "sentenceContent": "공공 HRD 콘테스트는 매년 국가인재개발원이 주관해 교수학습 분야와 연구개발 분야로 나눠 공공기관 교육훈련기관에서 근무하는 교수와 행정요원을 발굴하는 대회다.",
                "sentenceSize": 88
            },
            {
                "sentenceNo": 3,
                "sentenceContent": "모두 12개 팀이 참가한 교수학습 분야에서 경기도소방학교 이용구 교수는 ‘비상호흡법, 생각하며 호흡하라!’는 주제로 열띤 강연을 펼쳐 1위에 올라 대통령상을 받았다.",
                "sentenceSize": 92
            },
            {
                "sentenceNo": 4,
                "sentenceContent": "교수학습 분야는 지난해에 이어 2년 연속 대통령상 수상을 차지했다.",
                "sentenceSize": 37
            },
            {
                "sentenceNo": 5,
                "sentenceContent": "또 치열한 예선을 거쳐 10명이 참가한 연구개발 분야에서는 경기도소방학교 강석화 교수가 ‘가상현실(VR) 기반 소방교육훈련의 지휘역량 강화 영향요인 실증분석’이라는 주제로 작성한 연구논문을 발표, 1위에 올라 인사혁신처장상을 수상했다.",
                "sentenceSize": 131
            },
            {
                "sentenceNo": 6,
                "sentenceContent": "이용구 경기도소방학교 교수는 “공공 HRD콘테스트 두 개 분야에서 모두 1위를 석권한 것은 경기도소방학교의 교육 운영 및 프로그램, 그리고 교수진의 우수성을 인정받은 것”이라며 “이번 수상을 계기로 더 연구하는 것은 물론 연구한 결과를 교육에 녹여낼 수 있는 교수가 되겠다”고 수상 소감을 말했다.",
                "sentenceSize": 166
            }
        ]
    }
}