{
    "sourceDataInfo": {
        "newsID": "SO_M06_896549",
        "newsCategory": "사회",
        "newsSubcategory": "사회,전국,수도권",
        "newsTitle": "경기도내 대형 복합건축물 3곳 중 1곳 소방시설 불량",
        "newsSubTitle": "null",
        "newsContent": "주상복합 등 경기 도내 대형 복합건축물 3곳 중 1곳꼴로 소방시설이 불량한 것으로 나타났다.\n경기도 소방재난본부는 지난달 30일 경기지역 초고층, 지하연계 대형 복합건축물 등 176곳을 대상으로 ‘3대 불법행위’ 일제단속을 실시한 결과 불량한 53곳(30%)을 적발했다고 6일 밝혔다.\n도 소방재난본부는 53곳에 대해 입건 2건, 과태료 처분 21건, 조치명령 42건 등 총 69건을 조치했다.\n3대 불법행위는 소방시설 차단, 피난방화시설 폐쇄·훼손, 불법 주·정차를 말한다.\n도내 A복합건축물은 화재수신기를 차단한 기록이 확인돼 적발됐고, B주상복합 건축물은 소화펌프 등 소방시설을 고장난 상태로 방치해 단속에 걸렸다.\nC복합건축물은 피난계단에 장애물을 설치하고 비상구 앞에 물건을 쌓아놔 적발됐다.",
        "partNum": "P2",
        "useType": 1,
        "processType": "A",
        "processPattern": "00",
        "processLevel": "하",
        "sentenceCount": 6,
        "processSentencenum": 0,
        "sentenceInfo": [
            {
                "sentenceNo": 1,
                "sentenceContent": "주상복합 등 경기 도내 대형 복합건축물 3곳 중 1곳꼴로 소방시설이 불량한 것으로 나타났다.",
                "sentenceSize": 51
            },
            {
                "sentenceNo": 2,
                "sentenceContent": "경기도 소방재난본부는 지난달 30일 경기지역 초고층, 지하연계 대형 복합건축물 등 176곳을 대상으로 ‘3대 불법행위’ 일제단속을 실시한 결과 불량한 53곳(30%)을 적발했다고 6일 밝혔다.",
                "sentenceSize": 107
            },
            {
                "sentenceNo": 3,
                "sentenceContent": "도 소방재난본부는 53곳에 대해 입건 2건, 과태료 처분 21건, 조치명령 42건 등 총 69건을 조치했다.",
                "sentenceSize": 60
            },
            {
                "sentenceNo": 4,
                "sentenceContent": "3대 불법행위는 소방시설 차단, 피난방화시설 폐쇄·훼손, 불법 주·정차를 말한다.",
                "sentenceSize": 45
            },
            {
                "sentenceNo": 5,
                "sentenceContent": "도내 A복합건축물은 화재수신기를 차단한 기록이 확인돼 적발됐고, B주상복합 건축물은 소화펌프 등 소방시설을 고장난 상태로 방치해 단속에 걸렸다.",
                "sentenceSize": 80
            },
            {
                "sentenceNo": 6,
                "sentenceContent": "C복합건축물은 피난계단에 장애물을 설치하고 비상구 앞에 물건을 쌓아놔 적발됐다.",
                "sentenceSize": 44
            }
        ]
    }
}