{
    "sourceDataInfo": {
        "newsID": "SO_M06_902006",
        "newsCategory": "사회",
        "newsSubcategory": "사회,전국,영남권",
        "newsTitle": "울산시, 일상회복 지원금 '1인당 10만원' 지급",
        "newsSubTitle": "선불카드 8만원·온누리상품권 2만원 지급···지역 소상공인 업종 사용 가능내년 1월 5일부터 순차적 지급···5월 31일까지 사용 가능",
        "newsContent": "울산시가 코로나19 재확산으로 침체된 지역경제를 활성화하고, 시민들의 일상회복을 지원하기 위해 희망지원금을 지급한다.\n울산시는 가계소비 진작을 통한 지역경제 활성하를 위해 시민 1인당 10만원씩 지급한다고 29일 밝혔다.\n지급 대상은 지난 11월 30일 기준 울산시에 주민등록을 두고 있는 시민이다.\n대상은 112만2,495명이다.\n시민들은 1월 5일부터 신분증을 지참하고 읍면동 행정복지센터를 방문해 신청해야 한다.\n세대주 등 대리 신청이 가능하다.\n출생연도 끝자리를 기준으로 10부제를 시행한다.\n지급 첫째 날인 1월 5일에 출생연도 끝자리가 1인 시민부터 시작해 10일째인 18일에는 끝자리가 0인 시민들이 순서대로 신청할 수 있다. 19일부터는 출생연도와 상관없이 신청할 수 있다.\n동거가족이 없는 거동 불편자는 찾아가는 신청도 가능하다.\n기초생활수급자는 계좌로 입금된다.\n무기명 선불카드 8만원과 온누리상품권 2만원으로 지급된다.\n선불카드 사용처는 울산지역 내 전통시장, 동네마트, 음식점, 미용실 등 소상공인 업종이다.\n온누리상품권은 전통시장 등 가맹점에서 사용 가능하다.\n백화점과 대형마트, 유흥업소, 사행업소, 온라인 쇼핑몰, 배달앱 등에선 사용하지 못한다.\n사용기간은 2022년 5월 31일까지다.\n장수완 행정부시장은 “시민들께서는 기간 내에 한 분도 빠짐없이 신청하셔서 지역경제에 힘을 보태주실 것을 당부드린다”며 “공동체의 안전을 위해 오랜 어려움과 고통을 감내해 주신 시민께 감사드린다”고 말했다.",
        "partNum": "P2",
        "useType": 1,
        "processType": "A",
        "processPattern": "00",
        "processLevel": "하",
        "sentenceCount": 16,
        "processSentencenum": 0,
        "sentenceInfo": [
            {
                "sentenceNo": 1,
                "sentenceContent": "울산시가 코로나19 재확산으로 침체된 지역경제를 활성화하고, 시민들의 일상회복을 지원하기 위해 희망지원금을 지급한다.",
                "sentenceSize": 65
            },
            {
                "sentenceNo": 2,
                "sentenceContent": "울산시는 가계소비 진작을 통한 지역경제 활성하를 위해 시민 1인당 10만원씩 지급한다고 29일 밝혔다.",
                "sentenceSize": 57
            },
            {
                "sentenceNo": 3,
                "sentenceContent": "지급 대상은 지난 11월 30일 기준 울산시에 주민등록을 두고 있는 시민이다.",
                "sentenceSize": 43
            },
            {
                "sentenceNo": 4,
                "sentenceContent": "대상은 112만2,495명이다.",
                "sentenceSize": 17
            },
            {
                "sentenceNo": 5,
                "sentenceContent": "시민들은 1월 5일부터 신분증을 지참하고 읍면동 행정복지센터를 방문해 신청해야 한다.",
                "sentenceSize": 47
            },
            {
                "sentenceNo": 6,
                "sentenceContent": "세대주 등 대리 신청이 가능하다.",
                "sentenceSize": 18
            },
            {
                "sentenceNo": 7,
                "sentenceContent": "출생연도 끝자리를 기준으로 10부제를 시행한다.",
                "sentenceSize": 26
            },
            {
                "sentenceNo": 8,
                "sentenceContent": "지급 첫째 날인 1월 5일에 출생연도 끝자리가 1인 시민부터 시작해 10일째인 18일에는 끝자리가 0인 시민들이 순서대로 신청할 수 있다. 19일부터는 출생연도와 상관없이 신청할 수 있다.",
                "sentenceSize": 105
            },
            {
                "sentenceNo": 9,
                "sentenceContent": "동거가족이 없는 거동 불편자는 찾아가는 신청도 가능하다.",
                "sentenceSize": 31
            },
            {
                "sentenceNo": 10,
                "sentenceContent": "기초생활수급자는 계좌로 입금된다.",
                "sentenceSize": 18
            },
            {
                "sentenceNo": 11,
                "sentenceContent": "무기명 선불카드 8만원과 온누리상품권 2만원으로 지급된다.",
                "sentenceSize": 32
            },
            {
                "sentenceNo": 12,
                "sentenceContent": "선불카드 사용처는 울산지역 내 전통시장, 동네마트, 음식점, 미용실 등 소상공인 업종이다.",
                "sentenceSize": 50
            },
            {
                "sentenceNo": 13,
                "sentenceContent": "온누리상품권은 전통시장 등 가맹점에서 사용 가능하다.",
                "sentenceSize": 29
            },
            {
                "sentenceNo": 14,
                "sentenceContent": "백화점과 대형마트, 유흥업소, 사행업소, 온라인 쇼핑몰, 배달앱 등에선 사용하지 못한다.",
                "sentenceSize": 49
            },
            {
                "sentenceNo": 15,
                "sentenceContent": "사용기간은 2022년 5월 31일까지다.",
                "sentenceSize": 22
            },
            {
                "sentenceNo": 16,
                "sentenceContent": "장수완 행정부시장은 “시민들께서는 기간 내에 한 분도 빠짐없이 신청하셔서 지역경제에 힘을 보태주실 것을 당부드린다”며 “공동체의 안전을 위해 오랜 어려움과 고통을 감내해 주신 시민께 감사드린다”고 말했다.",
                "sentenceSize": 114
            }
        ]
    }
}