{
    "sourceDataInfo": {
        "newsID": "SO_M01_915797",
        "newsCategory": "사회",
        "newsSubcategory": "사회",
        "newsTitle": "김문환 이사장 \\\"대통령 패션 보도 더 강조돼야 한다\\\"",
        "newsSubTitle": "[방송문화진흥회 국감] 여당의원도 이사장 ‘불성실 태도’ 질타… 한선교 위원장 “거짓말 하면 처벌받는다”",
        "newsContent": "국회 국정감사 대상 기관이자 MBC 대주주인 방송문화진흥회(방문진)가 국회의 자료 제출 요청을 수차례 거부하자 의원들로부터 질타가 쏟아졌다.\n국회 미래창조과학방송통신위원회(미방위) 소속 의원들은 방문진 국정감사가 이뤄진 29일, 김문환 방문진 이사장의 '국회 무시 태도'를 지적하는 보도자료를 냈다.\n국회 미래위 소속 민주당 최민희 의원에 따르면 방문진에 지난 2월과 5월 방문진 '9기 이사회 회의록 및 속기록'을 요구했다.\n하지만 방문진이 \\\"아직 회의록이 정리되지 않았다\\\"고 거부하자 최 의원은 미방위 위원 3분의 1 이상의 서명을 받아 다시 요청하자 21일 지난해 11월 8일까지의 회의록을 제출했고, 국감 하루 전날인 28일 올해 5월2일까지의 회의록을 제출했다.\n무소속 강동원 의원은 지난 4월 말부터 방문진에 공직자 재산신고 현황, 업무추진비 예산 및 지출액 현황 자료, 결산자료 등을 요구했지만, 받지 못하다가 최근에서야 받았다고 밝혔다.\n하지만 방문진이 제출한 자료에는 법인카드 사용 액수만 있었을 뿐, 장소를 비롯한 구체적인 내역은 없었다.\n강 의원은 \\\"국회 미방위 소속 70여개 산하기관 가운데 계속해서 자료제출을 거부한 기관은 방송문화진흥회가 유일한 곳\\\"이라고 지적했다.\n강 의원에 따르면 방문진은 업무추진비 및 법인카드 사용 내역 요청에는 '검토확인중', 김재철 전 사장의 법인카드와 관련한 MBC 감사결과 보고서는 '대외비'라는 이유로 거부했다.\n국감장에서도 이 문제에 대한 의원들의 지적이 이어졌다.\n국회 미방위 소속 민주당 간사인 유승희 의원은 국감이 시작되자 방문진 측에게 취임이후 속기록 원본, 법인카드 사용 내역, 이사들의 해외출장 현황, 각종 행사 참가 현황, 김종국 사장 면접시 일부 자료 등을 오전 질의가 끝날 때까지 제출하라고 요구했다.\n하지만 이에 대해 김 이사장이 불성실한 답변으로 일관하자, 새누리당 소속의 한선교 국회 미방위 위원장까지 나서서 이 문제를 지적하고 나섰다.\n김 이사장은 속기록 제출 요구에 대해 \\\"속기록이 있는데 3개월이 지나면 페기한다고 한다\\\"고 말하자 최 의원은 \\\"공공기록물법 적용을 받는 공공기관인데 3개월만에 폐기한다는 건 말이 안 된다. 폐기는 거짓말\\\"이라고 반박했다.\n그러자 한 위원장은 \\\"(속기록 폐기가)거짓말이면 처벌받는다\\\"라고 했다.\n김 이사장은 업무추진비 관련 구체적인 내역을 내라는 요구에도 \\\"MBC 같으면 내지도 않는다\\\", \\\"업무 동선이 다 드러나면 업무에 지장이 있다\\\"고 거부했다가, 의원들이 비판하자 \\\"오후까지 내겠다\\\"고 했다.\n질의를 듣던 한 위원장은 \\\"(자료 제출하지 못한 이유로)정식 직원이 적다는 핑계는 대지 말라. 그리고 말씀 중에 업무추진비와 관련해 'MBC 같으면 내지도 않았다'는 그런 말은 하면 안된다\\\"고 했다.\n새누리당 권은희 의원은 지난주 김 이사장이 해외 출장을 갔다온 일을 언급하며 \\\"국감이 더 중요한 일이다. 국감에 대한 준비도 철저히 해야 한다\\\"고 지적하기도 했다.\n한편 김 이사장은 최근 MBC의 보도를 적극적으로 옹호하는 발언을 했다.\n서울신문 정치부장 출신인 새누리당 박대출 의원이 \\\"대통령 동정은 국정운영 방향을 읽을 수 있고 국민의 관심이 크기 때문에 이를 적극적으로 보도하는 것은 언론의 책무라고 생각한다\\\"고 말하자 김 이사장은 \\\"동의한다\\\"고 답했다.\n이어 박 의원이 \\\"대통령 패션에 관해 과잉보도가 이뤄지고 있다는 주장이 나오는데 동의하나\\\"고 묻자 \\\"그렇게 생각하지 않는다\\\"고 말했다.\n이어 \\\"너무 경직된 것보다는 타협, 조화가 필요하다. 대통령 패션 보도가 더 강조되는 것이 좋지 않나 생각한다\\\"고 했다.",
        "partNum": "P2",
        "useType": 1,
        "processType": "A",
        "processPattern": "00",
        "processLevel": "하",
        "sentenceCount": 20,
        "processSentencenum": 0,
        "sentenceInfo": [
            {
                "sentenceNo": 1,
                "sentenceContent": "국회 국정감사 대상 기관이자 MBC 대주주인 방송문화진흥회(방문진)가 국회의 자료 제출 요청을 수차례 거부하자 의원들로부터 질타가 쏟아졌다.",
                "sentenceSize": 78
            },
            {
                "sentenceNo": 2,
                "sentenceContent": "국회 미래창조과학방송통신위원회(미방위) 소속 의원들은 방문진 국정감사가 이뤄진 29일, 김문환 방문진 이사장의 '국회 무시 태도'를 지적하는 보도자료를 냈다.",
                "sentenceSize": 88
            },
            {
                "sentenceNo": 3,
                "sentenceContent": "국회 미래위 소속 민주당 최민희 의원에 따르면 방문진에 지난 2월과 5월 방문진 '9기 이사회 회의록 및 속기록'을 요구했다.",
                "sentenceSize": 70
            },
            {
                "sentenceNo": 4,
                "sentenceContent": "하지만 방문진이 \\\"아직 회의록이 정리되지 않았다\\\"고 거부하자 최 의원은 미방위 위원 3분의 1 이상의 서명을 받아 다시 요청하자 21일 지난해 11월 8일까지의 회의록을 제출했고, 국감 하루 전날인 28일 올해 5월2일까지의 회의록을 제출했다.",
                "sentenceSize": 138
            },
            {
                "sentenceNo": 5,
                "sentenceContent": "무소속 강동원 의원은 지난 4월 말부터 방문진에 공직자 재산신고 현황, 업무추진비 예산 및 지출액 현황 자료, 결산자료 등을 요구했지만, 받지 못하다가 최근에서야 받았다고 밝혔다.",
                "sentenceSize": 100
            },
            {
                "sentenceNo": 6,
                "sentenceContent": "하지만 방문진이 제출한 자료에는 법인카드 사용 액수만 있었을 뿐, 장소를 비롯한 구체적인 내역은 없었다.",
                "sentenceSize": 58
            },
            {
                "sentenceNo": 7,
                "sentenceContent": "강 의원은 \\\"국회 미방위 소속 70여개 산하기관 가운데 계속해서 자료제출을 거부한 기관은 방송문화진흥회가 유일한 곳\\\"이라고 지적했다.",
                "sentenceSize": 76
            },
            {
                "sentenceNo": 8,
                "sentenceContent": "강 의원에 따르면 방문진은 업무추진비 및 법인카드 사용 내역 요청에는 '검토확인중', 김재철 전 사장의 법인카드와 관련한 MBC 감사결과 보고서는 '대외비'라는 이유로 거부했다.",
                "sentenceSize": 99
            },
            {
                "sentenceNo": 9,
                "sentenceContent": "국감장에서도 이 문제에 대한 의원들의 지적이 이어졌다.",
                "sentenceSize": 30
            },
            {
                "sentenceNo": 10,
                "sentenceContent": "국회 미방위 소속 민주당 간사인 유승희 의원은 국감이 시작되자 방문진 측에게 취임이후 속기록 원본, 법인카드 사용 내역, 이사들의 해외출장 현황, 각종 행사 참가 현황, 김종국 사장 면접시 일부 자료 등을 오전 질의가 끝날 때까지 제출하라고 요구했다.",
                "sentenceSize": 140
            },
            {
                "sentenceNo": 11,
                "sentenceContent": "하지만 이에 대해 김 이사장이 불성실한 답변으로 일관하자, 새누리당 소속의 한선교 국회 미방위 위원장까지 나서서 이 문제를 지적하고 나섰다.",
                "sentenceSize": 78
            },
            {
                "sentenceNo": 12,
                "sentenceContent": "김 이사장은 속기록 제출 요구에 대해 \\\"속기록이 있는데 3개월이 지나면 페기한다고 한다\\\"고 말하자 최 의원은 \\\"공공기록물법 적용을 받는 공공기관인데 3개월만에 폐기한다는 건 말이 안 된다. 폐기는 거짓말\\\"이라고 반박했다.",
                "sentenceSize": 127
            },
            {
                "sentenceNo": 13,
                "sentenceContent": "그러자 한 위원장은 \\\"(속기록 폐기가)거짓말이면 처벌받는다\\\"라고 했다.",
                "sentenceSize": 41
            },
            {
                "sentenceNo": 14,
                "sentenceContent": "김 이사장은 업무추진비 관련 구체적인 내역을 내라는 요구에도 \\\"MBC 같으면 내지도 않는다\\\", \\\"업무 동선이 다 드러나면 업무에 지장이 있다\\\"고 거부했다가, 의원들이 비판하자 \\\"오후까지 내겠다\\\"고 했다.",
                "sentenceSize": 119
            },
            {
                "sentenceNo": 15,
                "sentenceContent": "질의를 듣던 한 위원장은 \\\"(자료 제출하지 못한 이유로)정식 직원이 적다는 핑계는 대지 말라. 그리고 말씀 중에 업무추진비와 관련해 'MBC 같으면 내지도 않았다'는 그런 말은 하면 안된다\\\"고 했다.",
                "sentenceSize": 113
            },
            {
                "sentenceNo": 16,
                "sentenceContent": "새누리당 권은희 의원은 지난주 김 이사장이 해외 출장을 갔다온 일을 언급하며 \\\"국감이 더 중요한 일이다. 국감에 대한 준비도 철저히 해야 한다\\\"고 지적하기도 했다.",
                "sentenceSize": 93
            },
            {
                "sentenceNo": 17,
                "sentenceContent": "한편 김 이사장은 최근 MBC의 보도를 적극적으로 옹호하는 발언을 했다.",
                "sentenceSize": 40
            },
            {
                "sentenceNo": 18,
                "sentenceContent": "서울신문 정치부장 출신인 새누리당 박대출 의원이 \\\"대통령 동정은 국정운영 방향을 읽을 수 있고 국민의 관심이 크기 때문에 이를 적극적으로 보도하는 것은 언론의 책무라고 생각한다\\\"고 말하자 김 이사장은 \\\"동의한다\\\"고 답했다.",
                "sentenceSize": 128
            },
            {
                "sentenceNo": 19,
                "sentenceContent": "이어 박 의원이 \\\"대통령 패션에 관해 과잉보도가 이뤄지고 있다는 주장이 나오는데 동의하나\\\"고 묻자 \\\"그렇게 생각하지 않는다\\\"고 말했다.",
                "sentenceSize": 79
            },
            {
                "sentenceNo": 20,
                "sentenceContent": "이어 \\\"너무 경직된 것보다는 타협, 조화가 필요하다. 대통령 패션 보도가 더 강조되는 것이 좋지 않나 생각한다\\\"고 했다.",
                "sentenceSize": 69
            }
        ]
    }
}