{
    "sourceDataInfo": {
        "newsID": "SO_M06_897122",
        "newsCategory": "사회",
        "newsSubcategory": "사회,행정·지자체,행정",
        "newsTitle": "도봉구, 2021 도봉산 페스티벌 개최",
        "newsSubTitle": "null",
        "newsContent": "서울 도봉구가 오는 16일까지 다락원체육공원 잔디광장 및 온라인에서 구의 대표 문화 예술 축제인 ‘2021 도봉산페스티벌’을 개최한다고 14일 밝혔다.\n이번 축제의 주제는 ’도봉산과 공존하다‘로 도봉산의 친환경 휴식을 느낄 수 있는 공연, 이벤트, 체험, 전시 등이 마련됐다.\n코로나19 확산 방지를 위해 ’도봉산페스티벌 어플리케이션‘을 중심으로 진행된다.\n16일 오후 7시에 진행될 공연에는 △인디 록밴드 ’안녕바다‘ △재즈 트리오 ’트리오 클로저‘ △뮤지컬 배우 겸 가수 ’박무진 밴드‘가 출연한다.\n이 공연은 도봉문화재단 유튜브 채널에서 온라인 스트리밍으로 공개된다.\n도봉산페스티벌 어플리케이션을 통해 온라인 관람을 신청한 선착순 300명에 한해 공연을 영상으로 관람할 수 있다. 16일까지 도봉산페스티벌 어플리케이션 온라인 이벤트와 평화워크숍 및 전시가 진행되며 16일에는 공연 외에 도봉산 아웃도어거리에서 친환경 이벤트가 진행된다.",
        "partNum": "P2",
        "useType": 1,
        "processType": "A",
        "processPattern": "00",
        "processLevel": "하",
        "sentenceCount": 6,
        "processSentencenum": 0,
        "sentenceInfo": [
            {
                "sentenceNo": 1,
                "sentenceContent": "서울 도봉구가 오는 16일까지 다락원체육공원 잔디광장 및 온라인에서 구의 대표 문화 예술 축제인 ‘2021 도봉산페스티벌’을 개최한다고 14일 밝혔다.",
                "sentenceSize": 84
            },
            {
                "sentenceNo": 2,
                "sentenceContent": "이번 축제의 주제는 ’도봉산과 공존하다‘로 도봉산의 친환경 휴식을 느낄 수 있는 공연, 이벤트, 체험, 전시 등이 마련됐다.",
                "sentenceSize": 69
            },
            {
                "sentenceNo": 3,
                "sentenceContent": "코로나19 확산 방지를 위해 ’도봉산페스티벌 어플리케이션‘을 중심으로 진행된다.",
                "sentenceSize": 44
            },
            {
                "sentenceNo": 4,
                "sentenceContent": "16일 오후 7시에 진행될 공연에는 △인디 록밴드 ’안녕바다‘ △재즈 트리오 ’트리오 클로저‘ △뮤지컬 배우 겸 가수 ’박무진 밴드‘가 출연한다.",
                "sentenceSize": 81
            },
            {
                "sentenceNo": 5,
                "sentenceContent": "이 공연은 도봉문화재단 유튜브 채널에서 온라인 스트리밍으로 공개된다.",
                "sentenceSize": 38
            },
            {
                "sentenceNo": 6,
                "sentenceContent": "도봉산페스티벌 어플리케이션을 통해 온라인 관람을 신청한 선착순 300명에 한해 공연을 영상으로 관람할 수 있다. 16일까지 도봉산페스티벌 어플리케이션 온라인 이벤트와 평화워크숍 및 전시가 진행되며 16일에는 공연 외에 도봉산 아웃도어거리에서 친환경 이벤트가 진행된다.",
                "sentenceSize": 149
            }
        ]
    }
}