{
    "sourceDataInfo": {
        "newsID": "SO_M06_894132",
        "newsCategory": "사회",
        "newsSubcategory": "사회,사회일반,사회일반",
        "newsTitle": "10년 연속 1위 '비첩 에센스' 더 진화했다",
        "newsSubTitle": "LG생활건강, '3세대 후 비첩 자생 에센스' 출시한층 강화된 성분과 차별화된 기술력으로 진화",
        "newsContent": "LG생활건강(051900)의 럭셔리 화장품 브랜드 '후'의 대표 제품이자 10년 연속 국내 안티에이징 에센스 부문에서 1위를 기록하고 있는 '비첩 자생 에센스'가 또 한 번 진화했다.\nLG생활건강은 성분부터 기술력, 디자인까지 전방위적으로 한층 더 개선한 3세대 '후 비첩 자생 에센스'를 출시했다고 29일 밝혔다.\n지난 2009년 첫 출시된 ‘비첩 자생 에센스’는 국내를 넘어 해외에서도 많은 사랑을 받고 있는 글로벌 베스트셀러로, 2016년 2세대 제품 출시 이후 약 5년 만에 더욱 강력한 안티에이징 케어로 새롭게 탄생했다.\n3세대 ‘비첩 자생 에센스’의 가장 큰 특징은 기존 제품의 핵심 성분인 초자하비단의 주요 효능 성분을 10배 함유한 ‘자하 비첩 Complex™’를 담은 점이다.\n2,000만 건의 연구 결과와 실제 임상 시험 결과 3일 만에 피부 자생력에 도움을 주는 효과를 얻었다.\n또 진보한 기술력으로 확연한 노화는 물론, 눈에 보이지 않은 잠재된 노화의 징후까지 케어한다.\n한방 성분을 가득 담았음에도 끈적이지 않고 풍부한 마무리감을 선사하는 제형의 장점은 그대로 유지했다.\n디자인은 백자 태항아리를 모티브로 한 아름다운 곡선미를 살리면서도 한층 모던하고 세련된 디자인으로 재탄생했으며, 왕후의 장신구를 보관하던 장신구 보관함에서 영감을 얻어 완성한 케이스로 제품의 품격을 한층 높였다.\n후 마케팅 담당자는 “더욱 강력한 효능으로 업그레이드 된 3세대 제품은 피부 속 깊은 힘을 깨워 빛나는 피부를 가꿔줄 것”이라고 말했다.",
        "partNum": "P2",
        "useType": 1,
        "processType": "A",
        "processPattern": "00",
        "processLevel": "하",
        "sentenceCount": 9,
        "processSentencenum": 0,
        "sentenceInfo": [
            {
                "sentenceNo": 1,
                "sentenceContent": "LG생활건강(051900)의 럭셔리 화장품 브랜드 '후'의 대표 제품이자 10년 연속 국내 안티에이징 에센스 부문에서 1위를 기록하고 있는 '비첩 자생 에센스'가 또 한 번 진화했다.",
                "sentenceSize": 102
            },
            {
                "sentenceNo": 2,
                "sentenceContent": "LG생활건강은 성분부터 기술력, 디자인까지 전방위적으로 한층 더 개선한 3세대 '후 비첩 자생 에센스'를 출시했다고 29일 밝혔다.",
                "sentenceSize": 73
            },
            {
                "sentenceNo": 3,
                "sentenceContent": "지난 2009년 첫 출시된 ‘비첩 자생 에센스’는 국내를 넘어 해외에서도 많은 사랑을 받고 있는 글로벌 베스트셀러로, 2016년 2세대 제품 출시 이후 약 5년 만에 더욱 강력한 안티에이징 케어로 새롭게 탄생했다.",
                "sentenceSize": 119
            },
            {
                "sentenceNo": 4,
                "sentenceContent": "3세대 ‘비첩 자생 에센스’의 가장 큰 특징은 기존 제품의 핵심 성분인 초자하비단의 주요 효능 성분을 10배 함유한 ‘자하 비첩 Complex™’를 담은 점이다.",
                "sentenceSize": 90
            },
            {
                "sentenceNo": 5,
                "sentenceContent": "2,000만 건의 연구 결과와 실제 임상 시험 결과 3일 만에 피부 자생력에 도움을 주는 효과를 얻었다.",
                "sentenceSize": 58
            },
            {
                "sentenceNo": 6,
                "sentenceContent": "또 진보한 기술력으로 확연한 노화는 물론, 눈에 보이지 않은 잠재된 노화의 징후까지 케어한다.",
                "sentenceSize": 52
            },
            {
                "sentenceNo": 7,
                "sentenceContent": "한방 성분을 가득 담았음에도 끈적이지 않고 풍부한 마무리감을 선사하는 제형의 장점은 그대로 유지했다.",
                "sentenceSize": 56
            },
            {
                "sentenceNo": 8,
                "sentenceContent": "디자인은 백자 태항아리를 모티브로 한 아름다운 곡선미를 살리면서도 한층 모던하고 세련된 디자인으로 재탄생했으며, 왕후의 장신구를 보관하던 장신구 보관함에서 영감을 얻어 완성한 케이스로 제품의 품격을 한층 높였다.",
                "sentenceSize": 118
            },
            {
                "sentenceNo": 9,
                "sentenceContent": "후 마케팅 담당자는 “더욱 강력한 효능으로 업그레이드 된 3세대 제품은 피부 속 깊은 힘을 깨워 빛나는 피부를 가꿔줄 것”이라고 말했다.",
                "sentenceSize": 76
            }
        ]
    }
}