{
    "sourceDataInfo": {
        "newsID": "SO_M06_878216",
        "newsCategory": "사회",
        "newsSubcategory": "사회,사회일반,사회일반",
        "newsTitle": "일출의 뜨거운 감동을 안방에 전합니다",
        "newsSubTitle": "null",
        "newsContent": "태양이 해돋이 명소 강원도 강릉시 사천진 수평선 너머로 힘차게 떠오르고 있다.\n2020년, 인류는 보이지 않는 적과의 전투에서 처참하게 패배했다.\n코로나19의 공포가 확산되며 세계 경제가 휘청였고, 소중한 우리의 일상은 송두리째 빼앗겼다.\n하지만 전쟁은 아직 끝나지 않았다.\n지금도 우리는 한 번도 경험해보지 못한 위기의 터널을 걷고 있지만, 언젠가는 이 터널의 끝에서 우렁찬 승전보가 전해질 것이다.\n슬기로운 우리 민족의 핏줄에는 ‘위기 극복 DNA’가 흐른다. 2021년 신축년 새해에는 이 또한 대한민국 위기 극복 역사의 한 페이지로 남기고, 뜨겁게 타오르는 저 태양처럼 열정적이었던 우리의 일상을 되찾아 다시 힘차게 비상하길 기원한다.\n코로나19 확산을 막기 위해 각자의 자리에서 사회적 거리두기에 적극 동참하고 계신 모든 분께 벅차오르는 일출 순간의 감동을 대신 전합니다.",
        "partNum": "P2",
        "useType": 1,
        "processType": "A",
        "processPattern": "00",
        "processLevel": "하",
        "sentenceCount": 7,
        "processSentencenum": 0,
        "sentenceInfo": [
            {
                "sentenceNo": 1,
                "sentenceContent": "태양이 해돋이 명소 강원도 강릉시 사천진 수평선 너머로 힘차게 떠오르고 있다.",
                "sentenceSize": 43
            },
            {
                "sentenceNo": 2,
                "sentenceContent": "2020년, 인류는 보이지 않는 적과의 전투에서 처참하게 패배했다.",
                "sentenceSize": 37
            },
            {
                "sentenceNo": 3,
                "sentenceContent": "코로나19의 공포가 확산되며 세계 경제가 휘청였고, 소중한 우리의 일상은 송두리째 빼앗겼다.",
                "sentenceSize": 51
            },
            {
                "sentenceNo": 4,
                "sentenceContent": "하지만 전쟁은 아직 끝나지 않았다.",
                "sentenceSize": 19
            },
            {
                "sentenceNo": 5,
                "sentenceContent": "지금도 우리는 한 번도 경험해보지 못한 위기의 터널을 걷고 있지만, 언젠가는 이 터널의 끝에서 우렁찬 승전보가 전해질 것이다.",
                "sentenceSize": 70
            },
            {
                "sentenceNo": 6,
                "sentenceContent": "슬기로운 우리 민족의 핏줄에는 ‘위기 극복 DNA’가 흐른다. 2021년 신축년 새해에는 이 또한 대한민국 위기 극복 역사의 한 페이지로 남기고, 뜨겁게 타오르는 저 태양처럼 열정적이었던 우리의 일상을 되찾아 다시 힘차게 비상하길 기원한다.",
                "sentenceSize": 134
            },
            {
                "sentenceNo": 7,
                "sentenceContent": "코로나19 확산을 막기 위해 각자의 자리에서 사회적 거리두기에 적극 동참하고 계신 모든 분께 벅차오르는 일출 순간의 감동을 대신 전합니다.",
                "sentenceSize": 77
            }
        ]
    }
}