{
    "sourceDataInfo": {
        "newsID": "SO_M06_902552",
        "newsCategory": "사회",
        "newsSubcategory": "사회,사회일반,사회일반",
        "newsTitle": "이천 참사 반년 만에…또 소방관 목숨 앗아간 평택 화재",
        "newsSubTitle": "null",
        "newsContent": "6일 경기 평택시 청북읍의 한 냉동창고 신축 공사장 화재 현장에서 진화에 나섰다가 연락이 끊겼던 소방관 3명이 모두 숨진 채 발견됐다.\n지난해 6월 소방관 1명이 숨진 전자상거래 업체 쿠팡의 이천 덕평물류센터 화재의 비극이 반년 만에 재현돼 안타까움을 더하고 있다.\n경기도 등에 따르면 이날 낮 12시 22분께 7층짜리 냉동창고 건물 2층에서 쓰러져 있는 A씨 등 소방관 2명을 경기도소방재난본부 대원수색팀이 찾아냈다.\n이들은 발견 당시 숨진 상태였다.\nA씨 등과 함께 화재 현장에서 실종된 나머지 소방관 1명은 낮 12시 41분께 앞서 발견된 이들과 멀지 않은 곳에서 역시 숨진 채 발견됐다.\n이번 불은 전날 오후 11시 46분께 최초 신고가 접수됐다.\n신고는 건물 1층에서 화재가 발생했다는 내용이었다.\n소방당국은 신고 접수 14분 만에 대응 1단계를 발령하고 진화에 나서 이날 오전 6시 32분께 큰 불을 꺼 오전 7시 10분에 대응단계를 해제했다.\n그러나 사그라들었던 불씨가 갑자기 다시 확산했고, 결국 오전 9시 21분에 대응 2단계가 발령됐다.\n대응 1단계는 관할 소방서 인력 전체가 출동하는 경보령이며, 대응 2단계는 인접한 5∼6곳의 소방서에서 인력과 장비를 동원한다.\nA씨 등 숨진 소방관들은 진화 작업 중 불이 급격히 재확산하는 과정에서 고립된 것으로 추정된다.\n이들은 오전 9시 8분께 2층 진화작업에 투입됐다.\n화재 현장에서 30∼50분을 버틸 수 있는 용량의 산소통을 메고 투입됐으며, 마지막 교신이 된 시점은 오전 9시 30분으로 파악됐다.\nA씨 등과 함께 2층에서 진화 작업을 한 소방관은 모두 5명이었으며, 이 가운데 2명은 자력으로 탈출했다.\n탈출한 2명은 연기를 마셔 인근 병원으로 옮겨졌지만 큰 부상은 아닌 것으로 파악됐다.\nA씨 등이 숨진 경위에 대해서는 경찰과 소방당국의 자세한 조사가 필요하지만, 현재까지는 쿠팡 덕평물류센터 화재의 경우와 비슷하다.\n지난해 6월 17일 오전 5시 35분께 쿠팡 덕평물류센터에서 불이 났고, 소방당국은 신고 접수 20여 분만에 대응 2단계를 발령, 장비 60여 대와 인력 150여 명을 동원해 진화에 나섰다.\n불은 오전 8시 20분께 다소 기세가 누그러졌고 이에 따라 소방당국은 잔불 정리작업을 하면서 앞서 발령한 경보령을 순차적으로 해제했다.\n그러나 오전 11시 50분께 내부에서 불길이 다시 치솟기 시작했고, 건물 내부 진화작업을 벌이던 소방관들도 긴급 탈출 지시를 받고 야외로 대피했다.\n하지만 이 과정에서 경기 광주소방서 119구조대 김동식(52) 구조대장이 미처 빠져나오지 못했고 그는 이틀 뒤 불길이 완전히 잡힌 뒤에야 숨진 채 발견된 바 있다.",
        "partNum": "P2",
        "useType": 1,
        "processType": "A",
        "processPattern": "00",
        "processLevel": "하",
        "sentenceCount": 20,
        "processSentencenum": 0,
        "sentenceInfo": [
            {
                "sentenceNo": 1,
                "sentenceContent": "6일 경기 평택시 청북읍의 한 냉동창고 신축 공사장 화재 현장에서 진화에 나섰다가 연락이 끊겼던 소방관 3명이 모두 숨진 채 발견됐다.",
                "sentenceSize": 75
            },
            {
                "sentenceNo": 2,
                "sentenceContent": "지난해 6월 소방관 1명이 숨진 전자상거래 업체 쿠팡의 이천 덕평물류센터 화재의 비극이 반년 만에 재현돼 안타까움을 더하고 있다.",
                "sentenceSize": 72
            },
            {
                "sentenceNo": 3,
                "sentenceContent": "경기도 등에 따르면 이날 낮 12시 22분께 7층짜리 냉동창고 건물 2층에서 쓰러져 있는 A씨 등 소방관 2명을 경기도소방재난본부 대원수색팀이 찾아냈다.",
                "sentenceSize": 85
            },
            {
                "sentenceNo": 4,
                "sentenceContent": "이들은 발견 당시 숨진 상태였다.",
                "sentenceSize": 18
            },
            {
                "sentenceNo": 5,
                "sentenceContent": "A씨 등과 함께 화재 현장에서 실종된 나머지 소방관 1명은 낮 12시 41분께 앞서 발견된 이들과 멀지 않은 곳에서 역시 숨진 채 발견됐다.",
                "sentenceSize": 78
            },
            {
                "sentenceNo": 6,
                "sentenceContent": "이번 불은 전날 오후 11시 46분께 최초 신고가 접수됐다.",
                "sentenceSize": 33
            },
            {
                "sentenceNo": 7,
                "sentenceContent": "신고는 건물 1층에서 화재가 발생했다는 내용이었다.",
                "sentenceSize": 28
            },
            {
                "sentenceNo": 8,
                "sentenceContent": "소방당국은 신고 접수 14분 만에 대응 1단계를 발령하고 진화에 나서 이날 오전 6시 32분께 큰 불을 꺼 오전 7시 10분에 대응단계를 해제했다.",
                "sentenceSize": 82
            },
            {
                "sentenceNo": 9,
                "sentenceContent": "그러나 사그라들었던 불씨가 갑자기 다시 확산했고, 결국 오전 9시 21분에 대응 2단계가 발령됐다.",
                "sentenceSize": 55
            },
            {
                "sentenceNo": 10,
                "sentenceContent": "대응 1단계는 관할 소방서 인력 전체가 출동하는 경보령이며, 대응 2단계는 인접한 5∼6곳의 소방서에서 인력과 장비를 동원한다.",
                "sentenceSize": 71
            },
            {
                "sentenceNo": 11,
                "sentenceContent": "A씨 등 숨진 소방관들은 진화 작업 중 불이 급격히 재확산하는 과정에서 고립된 것으로 추정된다.",
                "sentenceSize": 53
            },
            {
                "sentenceNo": 12,
                "sentenceContent": "이들은 오전 9시 8분께 2층 진화작업에 투입됐다.",
                "sentenceSize": 28
            },
            {
                "sentenceNo": 13,
                "sentenceContent": "화재 현장에서 30∼50분을 버틸 수 있는 용량의 산소통을 메고 투입됐으며, 마지막 교신이 된 시점은 오전 9시 30분으로 파악됐다.",
                "sentenceSize": 74
            },
            {
                "sentenceNo": 14,
                "sentenceContent": "A씨 등과 함께 2층에서 진화 작업을 한 소방관은 모두 5명이었으며, 이 가운데 2명은 자력으로 탈출했다.",
                "sentenceSize": 59
            },
            {
                "sentenceNo": 15,
                "sentenceContent": "탈출한 2명은 연기를 마셔 인근 병원으로 옮겨졌지만 큰 부상은 아닌 것으로 파악됐다.",
                "sentenceSize": 47
            },
            {
                "sentenceNo": 16,
                "sentenceContent": "A씨 등이 숨진 경위에 대해서는 경찰과 소방당국의 자세한 조사가 필요하지만, 현재까지는 쿠팡 덕평물류센터 화재의 경우와 비슷하다.",
                "sentenceSize": 72
            },
            {
                "sentenceNo": 17,
                "sentenceContent": "지난해 6월 17일 오전 5시 35분께 쿠팡 덕평물류센터에서 불이 났고, 소방당국은 신고 접수 20여 분만에 대응 2단계를 발령, 장비 60여 대와 인력 150여 명을 동원해 진화에 나섰다.",
                "sentenceSize": 106
            },
            {
                "sentenceNo": 18,
                "sentenceContent": "불은 오전 8시 20분께 다소 기세가 누그러졌고 이에 따라 소방당국은 잔불 정리작업을 하면서 앞서 발령한 경보령을 순차적으로 해제했다.",
                "sentenceSize": 75
            },
            {
                "sentenceNo": 19,
                "sentenceContent": "그러나 오전 11시 50분께 내부에서 불길이 다시 치솟기 시작했고, 건물 내부 진화작업을 벌이던 소방관들도 긴급 탈출 지시를 받고 야외로 대피했다.",
                "sentenceSize": 82
            },
            {
                "sentenceNo": 20,
                "sentenceContent": "하지만 이 과정에서 경기 광주소방서 119구조대 김동식(52) 구조대장이 미처 빠져나오지 못했고 그는 이틀 뒤 불길이 완전히 잡힌 뒤에야 숨진 채 발견된 바 있다.",
                "sentenceSize": 91
            }
        ]
    }
}