{
    "sourceDataInfo": {
        "newsID": "SO_M06_888111",
        "newsCategory": "사회",
        "newsSubcategory": "사회,사회일반,사회일반",
        "newsTitle": "\\\"서울 구청장 16명 신고한 아파트 가격, 시세의 절반 수준\\\"",
        "newsSubTitle": "경실련 '서울 25개 구청장 부동산 재산 분석 결과'축소신고 상위 3명···정순균·류경기·성장현 구청장",
        "newsContent": "서울 지역 구청장 16명이 신고한 아파트 가격이 시세의 56%에 불과하다는 분석이 나왔다.\n경제정의실천시민연합(경실련)이 1일 발표한 '서울 25개 구청장 부동산 재산 분석 결과'에 따르면 본인과 가족을 포함해 아파트를 보유한 구청장 16명이 신고한 아파트 재산은 총 124억5,000만원으로 1인당 평균 7억8,000만원이었다.\n그러나 지난 3월 기준 시세로 계산하면 이들의 아파트 재산은 신고액보다 100억원가량 비싼 224억원으로, 1인 평균 14억원이었다.\n경실련은 공직자 재산공개 관보와 KB국민은행 등 부동산 시세정보를 참고해 아파트 신고 재산과 시세 차이를 비교했다.\n특히 아파트 재산이 가장 많은 구청장 3명은 신고액과 시세 간 차이가 10억원을 웃돌았다.\n정순균 강남구청장은 강남구의 72평형 아파트를 16억6,000만원으로 신고했으나 시세는 32억8,000만원으로, 신고액이 시세의 51%였다.\n류경기 중랑구청장의 아파트 2채 신고액은 18억8,000만원이지만 시세는 32억원이었고, 성장현 용산구청장의 아파트 신고액도 15억1,000만원으로 시세 27억원과 크게 차이가 났다.\n아파트 재산 신고액이 시세의 절반에도 못 미치는 사례도 있었다.\n오승록 노원구청장은 아파트 1채를 2억8,300만원으로 신고했으나 지난 3월 기준 시세는 7억2,000만원으로 신고액이 시세의 39%에 그쳤다.\n이승로 성북구청장도 아파트 2채를 4억3,200만원으로 신고했으나 시세는 9억7,900만원으로 시세 대비 44%였고, 유성훈 금천구청장의 아파트 신고액 4억8,700만원도 시세 10억9,000만원의 45% 선이었다.\n경실련은 \\\"문재인 정부 4년간 비강남 지역 집값이 강남보다 더 많이 올랐는데 공시지가가 시세 상승을 따라가지 못해 나타난 현상으로 보인다\\\"고 분석했다.\n서울시 구청장 25명의 부동산 재산(건물·토지) 신고액은 총 429억원으로, 작년 공개 당시(358억원)보다 71억원 늘어났다.\n1인당 평균 2억8,000만원 증가한 셈이다.\n부동산 재산 상위 10명은 지난해보다 평균 4억4,000만원 늘어난 1인당 평균 35억원을 신고했다.\n가장 많은 부동산 재산 보유자는 81억원을 신고한 정순균 강남구청장이다.\n정 구청장의 부동산 재산은 지난해보다 10억7,000만원 늘어났다.\n이어 김영종 종로구청장(79억원), 조은희 서초구청장(60억원), 성장현 용산구청장(27억원), 류경기 중랑구청장(27억원), 박성수 송파구청장(22억원) 등의 순이었다.\n경실련은 \\\"문재인 정부 이후 집값 상승 영향으로 1년 만에 서울 구청장들의 부동산 재산은 2억8,000만원 증가했다\\\"며 \\\"재산을 시세대로 신고하고 가족들의 고지 거부가 없었다면 재산은 더 많이 증가했을 것\\\"이라고 비판했다.\n그러면서 \\\"시세를 반영 못 하는 공시지가·공시가격 신고, 무분별한 고지 거부 허용 등으로 공직자들의 재산이 축소 공개되고 있다\\\"며 \\\"공직자윤리법을 개정해 축소된 공시가격이 아닌 시세대로 신고하고 검증을 강화해야 한다\\\"고 촉구했다.",
        "partNum": "P2",
        "useType": 1,
        "processType": "A",
        "processPattern": "00",
        "processLevel": "하",
        "sentenceCount": 19,
        "processSentencenum": 0,
        "sentenceInfo": [
            {
                "sentenceNo": 1,
                "sentenceContent": "서울 지역 구청장 16명이 신고한 아파트 가격이 시세의 56%에 불과하다는 분석이 나왔다.",
                "sentenceSize": 50
            },
            {
                "sentenceNo": 2,
                "sentenceContent": "경제정의실천시민연합(경실련)이 1일 발표한 '서울 25개 구청장 부동산 재산 분석 결과'에 따르면 본인과 가족을 포함해 아파트를 보유한 구청장 16명이 신고한 아파트 재산은 총 124억5,000만원으로 1인당 평균 7억8,000만원이었다.",
                "sentenceSize": 133
            },
            {
                "sentenceNo": 3,
                "sentenceContent": "그러나 지난 3월 기준 시세로 계산하면 이들의 아파트 재산은 신고액보다 100억원가량 비싼 224억원으로, 1인 평균 14억원이었다.",
                "sentenceSize": 74
            },
            {
                "sentenceNo": 4,
                "sentenceContent": "경실련은 공직자 재산공개 관보와 KB국민은행 등 부동산 시세정보를 참고해 아파트 신고 재산과 시세 차이를 비교했다.",
                "sentenceSize": 64
            },
            {
                "sentenceNo": 5,
                "sentenceContent": "특히 아파트 재산이 가장 많은 구청장 3명은 신고액과 시세 간 차이가 10억원을 웃돌았다.",
                "sentenceSize": 50
            },
            {
                "sentenceNo": 6,
                "sentenceContent": "정순균 강남구청장은 강남구의 72평형 아파트를 16억6,000만원으로 신고했으나 시세는 32억8,000만원으로, 신고액이 시세의 51%였다.",
                "sentenceSize": 78
            },
            {
                "sentenceNo": 7,
                "sentenceContent": "류경기 중랑구청장의 아파트 2채 신고액은 18억8,000만원이지만 시세는 32억원이었고, 성장현 용산구청장의 아파트 신고액도 15억1,000만원으로 시세 27억원과 크게 차이가 났다.",
                "sentenceSize": 102
            },
            {
                "sentenceNo": 8,
                "sentenceContent": "아파트 재산 신고액이 시세의 절반에도 못 미치는 사례도 있었다.",
                "sentenceSize": 35
            },
            {
                "sentenceNo": 9,
                "sentenceContent": "오승록 노원구청장은 아파트 1채를 2억8,300만원으로 신고했으나 지난 3월 기준 시세는 7억2,000만원으로 신고액이 시세의 39%에 그쳤다.",
                "sentenceSize": 80
            },
            {
                "sentenceNo": 10,
                "sentenceContent": "이승로 성북구청장도 아파트 2채를 4억3,200만원으로 신고했으나 시세는 9억7,900만원으로 시세 대비 44%였고, 유성훈 금천구청장의 아파트 신고액 4억8,700만원도 시세 10억9,000만원의 45% 선이었다.",
                "sentenceSize": 120
            },
            {
                "sentenceNo": 11,
                "sentenceContent": "경실련은 \\\"문재인 정부 4년간 비강남 지역 집값이 강남보다 더 많이 올랐는데 공시지가가 시세 상승을 따라가지 못해 나타난 현상으로 보인다\\\"고 분석했다.",
                "sentenceSize": 86
            },
            {
                "sentenceNo": 12,
                "sentenceContent": "서울시 구청장 25명의 부동산 재산(건물·토지) 신고액은 총 429억원으로, 작년 공개 당시(358억원)보다 71억원 늘어났다.",
                "sentenceSize": 71
            },
            {
                "sentenceNo": 13,
                "sentenceContent": "1인당 평균 2억8,000만원 증가한 셈이다.",
                "sentenceSize": 25
            },
            {
                "sentenceNo": 14,
                "sentenceContent": "부동산 재산 상위 10명은 지난해보다 평균 4억4,000만원 늘어난 1인당 평균 35억원을 신고했다.",
                "sentenceSize": 56
            },
            {
                "sentenceNo": 15,
                "sentenceContent": "가장 많은 부동산 재산 보유자는 81억원을 신고한 정순균 강남구청장이다.",
                "sentenceSize": 40
            },
            {
                "sentenceNo": 16,
                "sentenceContent": "정 구청장의 부동산 재산은 지난해보다 10억7,000만원 늘어났다.",
                "sentenceSize": 37
            },
            {
                "sentenceNo": 17,
                "sentenceContent": "이어 김영종 종로구청장(79억원), 조은희 서초구청장(60억원), 성장현 용산구청장(27억원), 류경기 중랑구청장(27억원), 박성수 송파구청장(22억원) 등의 순이었다.",
                "sentenceSize": 95
            },
            {
                "sentenceNo": 18,
                "sentenceContent": "경실련은 \\\"문재인 정부 이후 집값 상승 영향으로 1년 만에 서울 구청장들의 부동산 재산은 2억8,000만원 증가했다\\\"며 \\\"재산을 시세대로 신고하고 가족들의 고지 거부가 없었다면 재산은 더 많이 증가했을 것\\\"이라고 비판했다.",
                "sentenceSize": 128
            },
            {
                "sentenceNo": 19,
                "sentenceContent": "그러면서 \\\"시세를 반영 못 하는 공시지가·공시가격 신고, 무분별한 고지 거부 허용 등으로 공직자들의 재산이 축소 공개되고 있다\\\"며 \\\"공직자윤리법을 개정해 축소된 공시가격이 아닌 시세대로 신고하고 검증을 강화해야 한다\\\"고 촉구했다.",
                "sentenceSize": 132
            }
        ]
    }
}