{
    "sourceDataInfo": {
        "newsID": "SO_M06_913302",
        "newsCategory": "사회",
        "newsSubcategory": "사회,행정·지자체,행정",
        "newsTitle": "서울시, 7월부터 임산부에 교통비 70만 원 지원",
        "newsSubTitle": "신용·체크카드 포인트로 지급대중교통·유류비로 사용 가능",
        "newsContent": "서울시가 시내 거주하는 모든 임산부를 대상으로 1인당 교통비 70만 원을 지원하기 위해 내달부터 신청을 접수한다.\n오세훈 시장의 공약 사업으로 추진되는 이번 임산부 교통비 지원은 지하철·버스·택시 등 대중교통 뿐만 아니라 자가 차량 유류비로도 사용 가능하다.\n서울시는 교통 약자인 임산부의 이동 편의를 높이고, 출산 가정의 경제적 부담을 덜어주기 위해 전액 시비로 교통비를 지원한다고 22일 밝혔다.\n교통비는 임산부 본인 명의의 신용·체크카드에 교통 포인트로 지급된다.\n지원 대상은 신청일 기준으로 서울에 6개월 이상 주민등록을 두고 있는 임산부로, 임신 12주(3개월)부터 출산 후 3개월 전까지 신청할 수 있다.\n다만 7월 1일 전에 출산한 경우는 지원 대상에서 제외된다.\n시는 올해 신청자 수가 약 4만 3000명에 이를 것으로 추산했다.\n신청자는 본인 명의 신한·삼성·KB국민·우리·하나·BC(하나BC, IBK기업) 카드를 소지하고 있어야 하며, 해당 카드사의 '국민행복카드'로도 신청할 수 있다.\n카드가 없는 경우 직접 카드를 발급 받아야 한다.\n교통비 지급 후에는 카드사 변경이 불가능하다.\n지원 신청은 전용 홈페이지를 통한 온라인 신청과 주소지 동주민센터 방문 신청 모두 가능하다.\n시는 신청 기간 초기 온라인 신청자가 몰릴 것으로 보고 7월 1∼5일에는 출생연도 끝자리에 따라 5부제 신청을 받는다. 1일에는 신청자 출생연도 끝자리가 1과 6, 2일에는 2와 7인 경우만 가능하다.\n방문 신청은 출산 전이라면 본인이 직접 해야 하지만 출산 후에는 대리인 신청도 가능하다.\n지급 받은 교통 포인트는 임신 기간에 신청한 경우에는 분만 예정일로부터 12개월, 출산 후 신청한 경우에는 자녀 출생일(자녀 주민등록일)로부터 12개월 이내에 사용해야 한다.",
        "partNum": "P2",
        "useType": 1,
        "processType": "A",
        "processPattern": "00",
        "processLevel": "하",
        "sentenceCount": 14,
        "processSentencenum": 0,
        "sentenceInfo": [
            {
                "sentenceNo": 1,
                "sentenceContent": "서울시가 시내 거주하는 모든 임산부를 대상으로 1인당 교통비 70만 원을 지원하기 위해 내달부터 신청을 접수한다.",
                "sentenceSize": 63
            },
            {
                "sentenceNo": 2,
                "sentenceContent": "오세훈 시장의 공약 사업으로 추진되는 이번 임산부 교통비 지원은 지하철·버스·택시 등 대중교통 뿐만 아니라 자가 차량 유류비로도 사용 가능하다.",
                "sentenceSize": 80
            },
            {
                "sentenceNo": 3,
                "sentenceContent": "서울시는 교통 약자인 임산부의 이동 편의를 높이고, 출산 가정의 경제적 부담을 덜어주기 위해 전액 시비로 교통비를 지원한다고 22일 밝혔다.",
                "sentenceSize": 78
            },
            {
                "sentenceNo": 4,
                "sentenceContent": "교통비는 임산부 본인 명의의 신용·체크카드에 교통 포인트로 지급된다.",
                "sentenceSize": 38
            },
            {
                "sentenceNo": 5,
                "sentenceContent": "지원 대상은 신청일 기준으로 서울에 6개월 이상 주민등록을 두고 있는 임산부로, 임신 12주(3개월)부터 출산 후 3개월 전까지 신청할 수 있다.",
                "sentenceSize": 81
            },
            {
                "sentenceNo": 6,
                "sentenceContent": "다만 7월 1일 전에 출산한 경우는 지원 대상에서 제외된다.",
                "sentenceSize": 33
            },
            {
                "sentenceNo": 7,
                "sentenceContent": "시는 올해 신청자 수가 약 4만 3000명에 이를 것으로 추산했다.",
                "sentenceSize": 37
            },
            {
                "sentenceNo": 8,
                "sentenceContent": "신청자는 본인 명의 신한·삼성·KB국민·우리·하나·BC(하나BC, IBK기업) 카드를 소지하고 있어야 하며, 해당 카드사의 '국민행복카드'로도 신청할 수 있다.",
                "sentenceSize": 89
            },
            {
                "sentenceNo": 9,
                "sentenceContent": "카드가 없는 경우 직접 카드를 발급 받아야 한다.",
                "sentenceSize": 27
            },
            {
                "sentenceNo": 10,
                "sentenceContent": "교통비 지급 후에는 카드사 변경이 불가능하다.",
                "sentenceSize": 25
            },
            {
                "sentenceNo": 11,
                "sentenceContent": "지원 신청은 전용 홈페이지를 통한 온라인 신청과 주소지 동주민센터 방문 신청 모두 가능하다.",
                "sentenceSize": 51
            },
            {
                "sentenceNo": 12,
                "sentenceContent": "시는 신청 기간 초기 온라인 신청자가 몰릴 것으로 보고 7월 1∼5일에는 출생연도 끝자리에 따라 5부제 신청을 받는다. 1일에는 신청자 출생연도 끝자리가 1과 6, 2일에는 2와 7인 경우만 가능하다.",
                "sentenceSize": 112
            },
            {
                "sentenceNo": 13,
                "sentenceContent": "방문 신청은 출산 전이라면 본인이 직접 해야 하지만 출산 후에는 대리인 신청도 가능하다.",
                "sentenceSize": 49
            },
            {
                "sentenceNo": 14,
                "sentenceContent": "지급 받은 교통 포인트는 임신 기간에 신청한 경우에는 분만 예정일로부터 12개월, 출산 후 신청한 경우에는 자녀 출생일(자녀 주민등록일)로부터 12개월 이내에 사용해야 한다.",
                "sentenceSize": 97
            }
        ]
    }
}