{
    "sourceDataInfo": {
        "newsID": "SO_M06_881330",
        "newsCategory": "사회",
        "newsSubcategory": "사회,사건사고,사건사고",
        "newsTitle": "근무중 순찰차·파출소서 애정행각…불륜 남녀 간부 경찰 파면",
        "newsSubTitle": "장기간 불륜, 근무시간에 애정행각최근 수년간 불륜 인한 파면은 처음",
        "newsContent": "불륜 관계에 있는 남녀 경찰 간부가 근무시간에 애정 행각을 벌여오다가 파면조치됐다.\n22일 경북경찰청 등에 따르면 모 경찰서 남성 간부 A씨와 여성 간부 B씨는 근무시간에 애정 행각을 벌였다가 공무원 품위 손상으로 징계위원회에 넘겨져 지난 4일 파면됐다.\n최근 수년간 경북경찰청 내 경찰관 불륜으로 정직·감봉 등의 조치가 있었지만 파면은 처음이다.\n이 같은 결과는 이들이 근무시간에도 파출소와 순찰차 등에서 애정 행각을 벌였기 때문인 것으로 알려졌다.\nA씨와 B씨는 같은 파출소에서 근무하며 오랜 기간 내연관계를 맺어왔다.\nB씨는 지난해 말 만남을 거절당하자 A씨 집을 찾아가 소란을 피웠고, 이에 A씨가 내부 고발에 이어 감찰조사에서 불륜 장소 등을 털어놓으며 사실이 밝혀졌다.\n감찰 관계자는 \\\"두 경찰관은 지난달 20일 직위해제된 후 이달에 징계위에서 파면됐다\\\"며 \\\"자세한 감찰 내용은 밝힐 수 없다\\\"고 전했다.",
        "partNum": "P2",
        "useType": 1,
        "processType": "A",
        "processPattern": "00",
        "processLevel": "하",
        "sentenceCount": 7,
        "processSentencenum": 0,
        "sentenceInfo": [
            {
                "sentenceNo": 1,
                "sentenceContent": "불륜 관계에 있는 남녀 경찰 간부가 근무시간에 애정 행각을 벌여오다가 파면조치됐다.",
                "sentenceSize": 46
            },
            {
                "sentenceNo": 2,
                "sentenceContent": "22일 경북경찰청 등에 따르면 모 경찰서 남성 간부 A씨와 여성 간부 B씨는 근무시간에 애정 행각을 벌였다가 공무원 품위 손상으로 징계위원회에 넘겨져 지난 4일 파면됐다.",
                "sentenceSize": 95
            },
            {
                "sentenceNo": 3,
                "sentenceContent": "최근 수년간 경북경찰청 내 경찰관 불륜으로 정직·감봉 등의 조치가 있었지만 파면은 처음이다.",
                "sentenceSize": 51
            },
            {
                "sentenceNo": 4,
                "sentenceContent": "이 같은 결과는 이들이 근무시간에도 파출소와 순찰차 등에서 애정 행각을 벌였기 때문인 것으로 알려졌다.",
                "sentenceSize": 57
            },
            {
                "sentenceNo": 5,
                "sentenceContent": "A씨와 B씨는 같은 파출소에서 근무하며 오랜 기간 내연관계를 맺어왔다.",
                "sentenceSize": 39
            },
            {
                "sentenceNo": 6,
                "sentenceContent": "B씨는 지난해 말 만남을 거절당하자 A씨 집을 찾아가 소란을 피웠고, 이에 A씨가 내부 고발에 이어 감찰조사에서 불륜 장소 등을 털어놓으며 사실이 밝혀졌다.",
                "sentenceSize": 87
            },
            {
                "sentenceNo": 7,
                "sentenceContent": "감찰 관계자는 \\\"두 경찰관은 지난달 20일 직위해제된 후 이달에 징계위에서 파면됐다\\\"며 \\\"자세한 감찰 내용은 밝힐 수 없다\\\"고 전했다.",
                "sentenceSize": 79
            }
        ]
    }
}