{
    "sourceDataInfo": {
        "newsID": "SO_M06_905917",
        "newsCategory": "사회",
        "newsSubcategory": "사회,전국,수도권",
        "newsTitle": "시흥시, '시흥형 기본교통비 지원 사업' 확대 시행",
        "newsSubTitle": "null",
        "newsContent": "시흥시는 오는 2일부터 ‘시흥형 기본교통비 지원 사업’의 대상자를 만 13~18세에서 만 7~18세로 대폭 확대한다고 28일 밝혔다.\n시는 지난해 10월부터 시흥 청소년들의 이동기본권 강화와 대중교통 이용 활성화를 위해 수도권 내 버스 이용 실적에 따라 ‘시흥형 기본교통비’를 지급해왔다.\n사업에 대한 참여와 관심이 높아지면서 매월 가입자가 증가해 현재는 시가 애초 예상했던 가입 인원을 넘어섰다.\n시는 다음 달부터 신학기가 시작되고 만 7~12세까지 대상자가 확대되면 더 많은 시흥시 청소년들이 기본교통비를 지원받을 수 있을 것으로 예상하고 있다.\n기본교통비는 대상자 본인 또는 법정대리인이 ‘시흥형 기본교통비’ 누리집(홈페이지) 또는 앱(App)에서 회원 가입 후 전용 교통카드를 모바일과 플라스틱 중 한 가지를 선택해 발급받아 충전한 뒤 사용할 수 있다.\n버스 이용 실적이 있을 경우 다음달 25일 앱을 통해 기본교통비가 지급된다.",
        "partNum": "P2",
        "useType": 1,
        "processType": "A",
        "processPattern": "00",
        "processLevel": "하",
        "sentenceCount": 6,
        "processSentencenum": 0,
        "sentenceInfo": [
            {
                "sentenceNo": 1,
                "sentenceContent": "시흥시는 오는 2일부터 ‘시흥형 기본교통비 지원 사업’의 대상자를 만 13~18세에서 만 7~18세로 대폭 확대한다고 28일 밝혔다.",
                "sentenceSize": 74
            },
            {
                "sentenceNo": 2,
                "sentenceContent": "시는 지난해 10월부터 시흥 청소년들의 이동기본권 강화와 대중교통 이용 활성화를 위해 수도권 내 버스 이용 실적에 따라 ‘시흥형 기본교통비’를 지급해왔다.",
                "sentenceSize": 86
            },
            {
                "sentenceNo": 3,
                "sentenceContent": "사업에 대한 참여와 관심이 높아지면서 매월 가입자가 증가해 현재는 시가 애초 예상했던 가입 인원을 넘어섰다.",
                "sentenceSize": 60
            },
            {
                "sentenceNo": 4,
                "sentenceContent": "시는 다음 달부터 신학기가 시작되고 만 7~12세까지 대상자가 확대되면 더 많은 시흥시 청소년들이 기본교통비를 지원받을 수 있을 것으로 예상하고 있다.",
                "sentenceSize": 84
            },
            {
                "sentenceNo": 5,
                "sentenceContent": "기본교통비는 대상자 본인 또는 법정대리인이 ‘시흥형 기본교통비’ 누리집(홈페이지) 또는 앱(App)에서 회원 가입 후 전용 교통카드를 모바일과 플라스틱 중 한 가지를 선택해 발급받아 충전한 뒤 사용할 수 있다.",
                "sentenceSize": 117
            },
            {
                "sentenceNo": 6,
                "sentenceContent": "버스 이용 실적이 있을 경우 다음달 25일 앱을 통해 기본교통비가 지급된다.",
                "sentenceSize": 42
            }
        ]
    }
}