{
    "sourceDataInfo": {
        "newsID": "SO_M06_904740",
        "newsCategory": "사회",
        "newsSubcategory": "사회,사회일반,사회일반",
        "newsTitle": "군내 백신접종 후 사망자 또 발생…화이자 맞고 13일 뒤 숨져",
        "newsSubTitle": "연천 한 부대서 A병장 2차 접종후 사망당국 백신접종과 연관성 등 조사할 예정",
        "newsContent": "군에서 신종 코로나바이러스 감염증(코로나19) 백신 접종 후 장병이 사망한 사례가 추가 발생했다.\n10일 군에 따르면 지난 8일 오전 4시20분께 경기도 연천의 모 육군 부대 생활관에서 병장 A씨가 호흡곤란 등의 증상을 보여 인근 병원으로 긴급 후송됐으나 사망했다.\nA병장은 앞서 지난 1월 26일 화이자의 코로나19 백신으로 2차 접종을 받은 상태였다.\n접종에 앞서 기저질환을 앓지는 않았던 것으로 알려졌다.\n이와 관련해 관계 당국이 백신 접종과의 연관성 등을 조사할 예정이다.\n군내 코로나19 백신 접종후 사망자는 나온 것은 이번 사례까지 포함해 총 5명이다.\n그중 3명은 3차 접종 후 숨을 가뒀고, 다른 사망자는 각각 1차, 2차 접종후 발생했다.\n이중 백신 접종과 사망간 인과성이 인정된 것은 1명 뿐이다.",
        "partNum": "P2",
        "useType": 1,
        "processType": "A",
        "processPattern": "00",
        "processLevel": "하",
        "sentenceCount": 8,
        "processSentencenum": 0,
        "sentenceInfo": [
            {
                "sentenceNo": 1,
                "sentenceContent": "군에서 신종 코로나바이러스 감염증(코로나19) 백신 접종 후 장병이 사망한 사례가 추가 발생했다.",
                "sentenceSize": 54
            },
            {
                "sentenceNo": 2,
                "sentenceContent": "10일 군에 따르면 지난 8일 오전 4시20분께 경기도 연천의 모 육군 부대 생활관에서 병장 A씨가 호흡곤란 등의 증상을 보여 인근 병원으로 긴급 후송됐으나 사망했다.",
                "sentenceSize": 93
            },
            {
                "sentenceNo": 3,
                "sentenceContent": "A병장은 앞서 지난 1월 26일 화이자의 코로나19 백신으로 2차 접종을 받은 상태였다.",
                "sentenceSize": 49
            },
            {
                "sentenceNo": 4,
                "sentenceContent": "접종에 앞서 기저질환을 앓지는 않았던 것으로 알려졌다.",
                "sentenceSize": 30
            },
            {
                "sentenceNo": 5,
                "sentenceContent": "이와 관련해 관계 당국이 백신 접종과의 연관성 등을 조사할 예정이다.",
                "sentenceSize": 38
            },
            {
                "sentenceNo": 6,
                "sentenceContent": "군내 코로나19 백신 접종후 사망자는 나온 것은 이번 사례까지 포함해 총 5명이다.",
                "sentenceSize": 46
            },
            {
                "sentenceNo": 7,
                "sentenceContent": "그중 3명은 3차 접종 후 숨을 가뒀고, 다른 사망자는 각각 1차, 2차 접종후 발생했다.",
                "sentenceSize": 50
            },
            {
                "sentenceNo": 8,
                "sentenceContent": "이중 백신 접종과 사망간 인과성이 인정된 것은 1명 뿐이다.",
                "sentenceSize": 33
            }
        ]
    }
}