{
    "sourceDataInfo": {
        "newsID": "SO_M06_883927",
        "newsCategory": "사회",
        "newsSubcategory": "사회,전국,영남권",
        "newsTitle": "뿔난 국힘 대구시의원들, “역대급 망언, 민주당 이광재 의원 사퇴하라”",
        "newsSubTitle": "“신성한 투표권 행사가 저열한 정치 의도로 폄하돼서는 안 돼”권영진 대구시장, 페북 통해 “나라를 망치는 구태정치의 전형” 비난",
        "newsContent": "전직 대통령을 언급하며 ‘대구경제 꼴찌’ 발언을 한 더불어민주당 이광재 의원에 대한 비난이 거세지고 있다.\n국민의힘 소속 대구시의원들이 1일 성명을 내고 “이 의원이 부산에 내려가 대구시민들을 모욕하는 망언을 했다. 대한민국 정치사에서 나온 막말, 망언 가운데 자유민주주의 대한민국의 주인인 유권자들을 이렇게 직접적으로 비하하는 망언은 역대급이라고 할 만하다”고 지적했다.\n이어 “대한민국 헌법이 보장하는 대구시민의 신성한 투표권 행사는 저열한 정치 의도로 폄하되어서는 안 되는 절대적 가치”라고 강조했다.\n시의원들은 “지역 비하, 대구폄하 망언을 한 이 의원을 규탄하며, 즉각적인 사과와 국회의원직 사퇴를 촉구한다”고 밝혔다.\n이 의원은 전날 부산에서 열린 민주당 선거대책위원회 회의에서 전직 대통령들을 언급하며 “(시민들이) 당을 보고 뽑았기 때문에 대구에서 대통령이 나왔음에도 대구 경제는 전국 꼴찌”라고 발언했다.\n권영진 대구시장도 이 의원의 공개적인 사과를 요구했다.\n권 시장은 1일 자신의 페이스북에 올린 글에서 “이 의원의 발언은 어처구니없는 망언으로 아무리 선거가 급해도 정치인이 넘지 말아야 할 금도가 있다”고 반박했다.\n그는 “대구시민의 선택과 판단을 자신의 정파적 이해득실에 따라 함부로 재단해서 대구를 비하하고 지역주의를 선거에 이용하려는 행태는 나라를 망치는 구태정치의 전형”이라고 지적했다.\n이어 “대구시민 가슴에 대못을 박는 대구 비하와 지역주의 망언을 당장 취소하고 대구시민에게 백배사죄하라”고 촉구했다 국민의힘 대구시당도 성명을 내고 대구시민의 신성한 투표권을 모독했다고 비난하며 사과와 사퇴를 촉구했다.",
        "partNum": "P2",
        "useType": 1,
        "processType": "A",
        "processPattern": "00",
        "processLevel": "하",
        "sentenceCount": 9,
        "processSentencenum": 0,
        "sentenceInfo": [
            {
                "sentenceNo": 1,
                "sentenceContent": "전직 대통령을 언급하며 ‘대구경제 꼴찌’ 발언을 한 더불어민주당 이광재 의원에 대한 비난이 거세지고 있다.",
                "sentenceSize": 59
            },
            {
                "sentenceNo": 2,
                "sentenceContent": "국민의힘 소속 대구시의원들이 1일 성명을 내고 “이 의원이 부산에 내려가 대구시민들을 모욕하는 망언을 했다. 대한민국 정치사에서 나온 막말, 망언 가운데 자유민주주의 대한민국의 주인인 유권자들을 이렇게 직접적으로 비하하는 망언은 역대급이라고 할 만하다”고 지적했다.",
                "sentenceSize": 148
            },
            {
                "sentenceNo": 3,
                "sentenceContent": "이어 “대한민국 헌법이 보장하는 대구시민의 신성한 투표권 행사는 저열한 정치 의도로 폄하되어서는 안 되는 절대적 가치”라고 강조했다.",
                "sentenceSize": 74
            },
            {
                "sentenceNo": 4,
                "sentenceContent": "시의원들은 “지역 비하, 대구폄하 망언을 한 이 의원을 규탄하며, 즉각적인 사과와 국회의원직 사퇴를 촉구한다”고 밝혔다.",
                "sentenceSize": 67
            },
            {
                "sentenceNo": 5,
                "sentenceContent": "이 의원은 전날 부산에서 열린 민주당 선거대책위원회 회의에서 전직 대통령들을 언급하며 “(시민들이) 당을 보고 뽑았기 때문에 대구에서 대통령이 나왔음에도 대구 경제는 전국 꼴찌”라고 발언했다.",
                "sentenceSize": 107
            },
            {
                "sentenceNo": 6,
                "sentenceContent": "권영진 대구시장도 이 의원의 공개적인 사과를 요구했다.",
                "sentenceSize": 30
            },
            {
                "sentenceNo": 7,
                "sentenceContent": "권 시장은 1일 자신의 페이스북에 올린 글에서 “이 의원의 발언은 어처구니없는 망언으로 아무리 선거가 급해도 정치인이 넘지 말아야 할 금도가 있다”고 반박했다.",
                "sentenceSize": 89
            },
            {
                "sentenceNo": 8,
                "sentenceContent": "그는 “대구시민의 선택과 판단을 자신의 정파적 이해득실에 따라 함부로 재단해서 대구를 비하하고 지역주의를 선거에 이용하려는 행태는 나라를 망치는 구태정치의 전형”이라고 지적했다.",
                "sentenceSize": 99
            },
            {
                "sentenceNo": 9,
                "sentenceContent": "이어 “대구시민 가슴에 대못을 박는 대구 비하와 지역주의 망언을 당장 취소하고 대구시민에게 백배사죄하라”고 촉구했다 국민의힘 대구시당도 성명을 내고 대구시민의 신성한 투표권을 모독했다고 비난하며 사과와 사퇴를 촉구했다.",
                "sentenceSize": 122
            }
        ]
    }
}