{
    "sourceDataInfo": {
        "newsID": "SO_M06_893073",
        "newsCategory": "사회",
        "newsSubcategory": "사회,사회일반,사회일반",
        "newsTitle": "오후 9시 기준 확진자 1,833명…전날보다 188명 줄어",
        "newsSubTitle": "null",
        "newsContent": "신종 코로나바이러스 감염증(코로나19) 델타 변이 확산이 지속되면서 신규 확진자가 이틀 연속 2,000명을 넘어설 가능성이 높아졌다.\n방역당국과 서울시 등 지방자치단체에 따르면 이날 0시부터 오후 9시까지 전국 코로나19 신규 확진자는 1,833명으로 집계됐다.\n전날 같은 시간 집계된 2,021명보다 188명 적다.\n지역별로 수도권이 1,166명, 비수도권이 667명이었다.\n전날 밤 9시 이후 202명이 늘어난 것을 고려하면 11일 신규 확진자 수 역시 2,000명을 넘어설 가능성도 높아졌다.\n아울러 지난달 7일부터 36일 연속 네 자릿수를 이어가게 됐다.",
        "partNum": "P2",
        "useType": 1,
        "processType": "A",
        "processPattern": "00",
        "processLevel": "하",
        "sentenceCount": 6,
        "processSentencenum": 0,
        "sentenceInfo": [
            {
                "sentenceNo": 1,
                "sentenceContent": "신종 코로나바이러스 감염증(코로나19) 델타 변이 확산이 지속되면서 신규 확진자가 이틀 연속 2,000명을 넘어설 가능성이 높아졌다.",
                "sentenceSize": 74
            },
            {
                "sentenceNo": 2,
                "sentenceContent": "방역당국과 서울시 등 지방자치단체에 따르면 이날 0시부터 오후 9시까지 전국 코로나19 신규 확진자는 1,833명으로 집계됐다.",
                "sentenceSize": 71
            },
            {
                "sentenceNo": 3,
                "sentenceContent": "전날 같은 시간 집계된 2,021명보다 188명 적다.",
                "sentenceSize": 30
            },
            {
                "sentenceNo": 4,
                "sentenceContent": "지역별로 수도권이 1,166명, 비수도권이 667명이었다.",
                "sentenceSize": 32
            },
            {
                "sentenceNo": 5,
                "sentenceContent": "전날 밤 9시 이후 202명이 늘어난 것을 고려하면 11일 신규 확진자 수 역시 2,000명을 넘어설 가능성도 높아졌다.",
                "sentenceSize": 67
            },
            {
                "sentenceNo": 6,
                "sentenceContent": "아울러 지난달 7일부터 36일 연속 네 자릿수를 이어가게 됐다.",
                "sentenceSize": 35
            }
        ]
    }
}