{
    "sourceDataInfo": {
        "newsID": "SO_M06_889429",
        "newsCategory": "사회",
        "newsSubcategory": "사회,전국,영남권",
        "newsTitle": "프랑스 출장 박형준 부산시장…부산세계박람회 유치 신청",
        "newsSubTitle": "21~24일 1박4일 일정 파리 출장국제박람회기구 방문해 유치신청서 제출세계최대 규모 스타트업 캠퍼스 등 관계자 면담",
        "newsContent": "박형준(사진) 부산시장이 2030부산세계박람회 유치 신청을 위해 프랑스 파리로 출발한다. 21일 부산시에 따르면 박 시장은 이날부터 24일까지 1박 4일간의 짧은 일정으로 정부대표단과 함께 파리에 있는 국제박람회기구(BIE)를 방문해 공식적으로 유치신청서를 직접 제출한다.\n이번 방문에는 범정부 유치기획단장인 유명희 통상교섭본부장과 정부 대표단도 함께 한다.\n국무총리 명의의 서한 형식으로 제출하는 유치신청서에는 2030부산세계박람회 개요와 개최도시 부산의 소개, 정부의 개최 의지 등을 담겼다.\n유치신청서를 BIE에 제출한 후 드미트리 케르켄테즈 사무총장과의 면담도 가진다.\n이 자리에서 박 시장은 개최도시 시장으로서 유치의지를 표명하고 세계박람회 개최지로서의 부산의 강점과 매력, 부산시민의 개최 열망에 대해 진심을 담아 전달할 계획이다.\n정부대표로 자리한 유 단장은 대한민국의 개최역량과 당위성, 범국가 차원의 유치의사를 적극적으로 표명하면서 BIE와의 협력관계를 강조할 예정이다.\n유치신청서를 제출하는 현장에는 유대종 주프랑스 대사도 동석한다.\nBIE 169개 회원국을 대상으로 펼쳐질 해외교섭활동에 주프랑스 대사관의 역할은 매우 중요해질 전망이다.\n2030부산세계박람회 유치신청을 위한 이번 파리 출장은 시장 취임 이후 첫 해외출장이다.\n취임 이후 당면한 시정 현안이 산적한 가운데 유치신청이라는 사안의 중요성을 감안, 1박4일의 최소한의 일정으로 치뤄진다.\n파리 도착일인 22일에는 세계 최대 스타트업 캠퍼스로 알려진 ‘Station F’를 방문한다.\n부산창조경제혁신센터와 창업 관련 교류협력을 맺고 있는 크리에이티브밸리 얀 고즐란 대표와 만나 그동안의 파트너십을 점검하고 향후 디지털뉴딜 글로벌 액셀러레이팅 사업의 협력방안 및 부산-프랑스 스타트업간 교류방안을 논의할 예정이다.\n이어 글로벌 최대 럭셔리그룹 LVMH(Louis Vuitton Moet Hennessy)를 방문해 최고전략 책임자(Jean Baptiste Voisin) 등 관계자를 만난다.\nLVMH 그룹은 세계적인 럭셔리 패션·유통기업으로 관련 스타트업 프로그램 운영에도 앞서가고 있다.\nLVMH에서는 부산의 관련 벤처기업과 LVMH 간 협력방안을 논의할 예정이다.\n23일 오후에는 파리특파원 간담회를 개최해 취임 후 첫 해외 일정에 대한 소회와 시정철학 및 비전에 대한 해외 소통의 자리를 마련한다.\n또 프랑스 상원의원인 외교국방위원장을 만나 부산의 도시외교와 UN, 보훈정책 등에 대한 교류방안을 논의할 예정이다.\n박 시장은 “2030부산세계박람회 유치 성공을 위해서는 정부의 역할이 중요하겠지만, 개최도시의 역할 또한 중요하므로 개최도시의 강력한 유치의지를 표명하기 위해 정부대표단과 함께 유치신청서를 직접 제출하고 올 것”이라며 “향후 개최도시 시장으로서 동원할 수 있는 외교적 역량은 물론 홍보 메이커로 할 수 있는 모든 역할을 다하고 오겠다”고 말했다.",
        "partNum": "P2",
        "useType": 1,
        "processType": "A",
        "processPattern": "00",
        "processLevel": "하",
        "sentenceCount": 18,
        "processSentencenum": 0,
        "sentenceInfo": [
            {
                "sentenceNo": 1,
                "sentenceContent": "박형준(사진) 부산시장이 2030부산세계박람회 유치 신청을 위해 프랑스 파리로 출발한다. 21일 부산시에 따르면 박 시장은 이날부터 24일까지 1박 4일간의 짧은 일정으로 정부대표단과 함께 파리에 있는 국제박람회기구(BIE)를 방문해 공식적으로 유치신청서를 직접 제출한다.",
                "sentenceSize": 152
            },
            {
                "sentenceNo": 2,
                "sentenceContent": "이번 방문에는 범정부 유치기획단장인 유명희 통상교섭본부장과 정부 대표단도 함께 한다.",
                "sentenceSize": 47
            },
            {
                "sentenceNo": 3,
                "sentenceContent": "국무총리 명의의 서한 형식으로 제출하는 유치신청서에는 2030부산세계박람회 개요와 개최도시 부산의 소개, 정부의 개최 의지 등을 담겼다.",
                "sentenceSize": 76
            },
            {
                "sentenceNo": 4,
                "sentenceContent": "유치신청서를 BIE에 제출한 후 드미트리 케르켄테즈 사무총장과의 면담도 가진다.",
                "sentenceSize": 44
            },
            {
                "sentenceNo": 5,
                "sentenceContent": "이 자리에서 박 시장은 개최도시 시장으로서 유치의지를 표명하고 세계박람회 개최지로서의 부산의 강점과 매력, 부산시민의 개최 열망에 대해 진심을 담아 전달할 계획이다.",
                "sentenceSize": 92
            },
            {
                "sentenceNo": 6,
                "sentenceContent": "정부대표로 자리한 유 단장은 대한민국의 개최역량과 당위성, 범국가 차원의 유치의사를 적극적으로 표명하면서 BIE와의 협력관계를 강조할 예정이다.",
                "sentenceSize": 80
            },
            {
                "sentenceNo": 7,
                "sentenceContent": "유치신청서를 제출하는 현장에는 유대종 주프랑스 대사도 동석한다.",
                "sentenceSize": 35
            },
            {
                "sentenceNo": 8,
                "sentenceContent": "BIE 169개 회원국을 대상으로 펼쳐질 해외교섭활동에 주프랑스 대사관의 역할은 매우 중요해질 전망이다.",
                "sentenceSize": 58
            },
            {
                "sentenceNo": 9,
                "sentenceContent": "2030부산세계박람회 유치신청을 위한 이번 파리 출장은 시장 취임 이후 첫 해외출장이다.",
                "sentenceSize": 49
            },
            {
                "sentenceNo": 10,
                "sentenceContent": "취임 이후 당면한 시정 현안이 산적한 가운데 유치신청이라는 사안의 중요성을 감안, 1박4일의 최소한의 일정으로 치뤄진다.",
                "sentenceSize": 67
            },
            {
                "sentenceNo": 11,
                "sentenceContent": "파리 도착일인 22일에는 세계 최대 스타트업 캠퍼스로 알려진 ‘Station F’를 방문한다.",
                "sentenceSize": 52
            },
            {
                "sentenceNo": 12,
                "sentenceContent": "부산창조경제혁신센터와 창업 관련 교류협력을 맺고 있는 크리에이티브밸리 얀 고즐란 대표와 만나 그동안의 파트너십을 점검하고 향후 디지털뉴딜 글로벌 액셀러레이팅 사업의 협력방안 및 부산-프랑스 스타트업간 교류방안을 논의할 예정이다.",
                "sentenceSize": 127
            },
            {
                "sentenceNo": 13,
                "sentenceContent": "이어 글로벌 최대 럭셔리그룹 LVMH(Louis Vuitton Moet Hennessy)를 방문해 최고전략 책임자(Jean Baptiste Voisin) 등 관계자를 만난다.",
                "sentenceSize": 97
            },
            {
                "sentenceNo": 14,
                "sentenceContent": "LVMH 그룹은 세계적인 럭셔리 패션·유통기업으로 관련 스타트업 프로그램 운영에도 앞서가고 있다.",
                "sentenceSize": 54
            },
            {
                "sentenceNo": 15,
                "sentenceContent": "LVMH에서는 부산의 관련 벤처기업과 LVMH 간 협력방안을 논의할 예정이다.",
                "sentenceSize": 43
            },
            {
                "sentenceNo": 16,
                "sentenceContent": "23일 오후에는 파리특파원 간담회를 개최해 취임 후 첫 해외 일정에 대한 소회와 시정철학 및 비전에 대한 해외 소통의 자리를 마련한다.",
                "sentenceSize": 75
            },
            {
                "sentenceNo": 17,
                "sentenceContent": "또 프랑스 상원의원인 외교국방위원장을 만나 부산의 도시외교와 UN, 보훈정책 등에 대한 교류방안을 논의할 예정이다.",
                "sentenceSize": 64
            },
            {
                "sentenceNo": 18,
                "sentenceContent": "박 시장은 “2030부산세계박람회 유치 성공을 위해서는 정부의 역할이 중요하겠지만, 개최도시의 역할 또한 중요하므로 개최도시의 강력한 유치의지를 표명하기 위해 정부대표단과 함께 유치신청서를 직접 제출하고 올 것”이라며 “향후 개최도시 시장으로서 동원할 수 있는 외교적 역량은 물론 홍보 메이커로 할 수 있는 모든 역할을 다하고 오겠다”고 말했다.",
                "sentenceSize": 193
            }
        ]
    }
}