{
    "sourceDataInfo": {
        "newsID": "SO_M01_916945",
        "newsCategory": "사회",
        "newsSubcategory": "사회",
        "newsTitle": "'김혜경 의혹 부인' 발언 김어준 뉴스공장에 '의견진술'",
        "newsSubTitle": "“특정 후보 유리하게 하는 김어준 방송, 분명히 의도성 있어”",
        "newsContent": "20대 대통령선거 선거방송심의위원회가 이재명 후보 배우자 김혜경씨의 법인카드 사용 의혹을 부인하는 발언을 한 TBS '김어준의 뉴스공장'에 의견진술을 의결했다.\nSBS '이재익의 시사특공대'에는 권고를 의결했다.\n선거방송심의위는 25일 오후 서울 목동 방송회관에서 심의 회의를 열고 TBS '김어준의 뉴스공장'에 의견진술을 의결했다. '의견진술'은 심의위원들이 법정제재가 필요하다고 의결한 사안에 대해 해당 방송사 소명을 듣는 절차다.\n법정제재는 방송사 재승인 심사 과정에서 감점 요인이 된다.\n앞서 방송인 김어준씨는 지난 2월 3~4일 '이 정도는 알아야 할 아침뉴스' 코너에서, 이재명 후보 배우자 김혜경씨의 경기도 공무원 사적 심부름 의혹 및 법인카드 사용 의혹 등에 대해 다뤘다.\n김어준씨는 '개인카드 취소 및 법인카드 결제 시간이 딱 붙어 있는바, 앞뒤가 맞지 않는다', '지자체 법인카드 사용내역은 홈페이지에 공개되기 때문에, 사적 유용이 근본적으로 불가능하다'라는 등의 논리를 내세워 김혜경씨에 대한 의혹을 부인하는 취지의 발언을 했다.\n김일곤 위원(국민의힘 추천)은 \\\"김어준 프로그램은 객관성, 공정성, 정치적 중립성을 상실하고 진행자의 극단적 편향성을 보이고 있다. 방송 프로그램 책임자, 방송 프로그램 관계자 징계와 해당 방송 프로그램의 중지를 요구한다\\\"고 밝혔다.\n정일윤 위원(한국방송협회 추천)는 \\\"특정 후보의 부인을 일방적으로 비호하는 김어준이 설 자리가 있는 것은 레거시 미디어의 보도 행태 때문이다\\\"라며 \\\"한국 언론 전체가 성찰해야 한다\\\"고 말했다.\n구본진 위원(대한변호사협회 추천)은 \\\"김어준 진행자의 모든 방송은 일관되게 특정 후보를 유리하게 하고 다른 특정 후보에 불리하다. 분명히 의도성이 있다. 공적인 방송을 진행하는 사람이 논평이라고 하면 합리성이 있어야 하지만, 말도 안되는 이야기를 하며 논평이라고 할 수 있는 자유는 없다\\\"고 주장했다.\n선방심의위원 7인 중 4인이 주의, 김언경·정일윤 위원이 의견제시, 박수택 위원이 권고 의견을 내 의견진술이 결정됐다.\n한편 이날 SBS '이재익의 시사특공대'는 권고 결정이 났다.\n해당 프로그램 진행자 이재익 SBS PD는 지난 3일 프로그램을 시작하며 \\\"김혜경 씨가 공무원들을 동원해서 사적인 허드렛일 시키고 또 법인카드를 유용한 의혹에 대해서 이재명 지사가 사과를 했습니다. 그리고 어제는 또 김혜경 씨 사과도 있었는데 좀 석연치 않은 점들이 있습니다. … 빅뱅의 노래 들을게요. 뭐 이 얘기하곤 상관없는 노래입니다. 노래가 좋았어, 거짓말\\\"이라고 언급하고 빅뱅의 '거짓말'을 틀었다.\n4일에는 DJ DOC의 '나 이런 사람이야' 노래를 들려주고 \\\"(이재익)나 이런 사람이야, DJ DOC의 노래였습니다. 그래요. 가사 의미심장합니다. 이런 사람을 대통령으로 뽑으면 안 됩니다, 여러분. 가사에 어떤 내용이 나오죠? '나에게는 관대하고 남에게는 막대하고 이 카드로 저 카드 막고' 이런 사람은 절대로 뽑으면 안 돼요. 이런 사람이 넷 중에 누구라고 얘기하지 않았어요, 저는. … 그런 사람을 뽑으면 되겠어요, 안 되겠어요. 안 되겠죠\\\"라고 언급했다.\n정일윤 위원은 \\\"시사성 오락 프로그램의 진행자가 특정 후보의 낙선을 적극적으로 얘기하고 있다\\\"며 \\\"게다가 본인이 이 프로 하차 다음에도 SNS를 통한 해명이 정직하지 않았다\\\"고 말했다.\n정영식 위원(중앙선거관리위원회 추천)은 \\\"선거 시기 방송에서 진행자가 지나치게 개입하는 것은 문제\\\"라고 지적했다.\n7인 중 4인이 권고, 김언경 위원이 주의, 김일곤·박수택 위원이 문제 없음 의견을 내 권고로 의결됐다.",
        "partNum": "P2",
        "useType": 1,
        "processType": "A",
        "processPattern": "00",
        "processLevel": "하",
        "sentenceCount": 16,
        "processSentencenum": 0,
        "sentenceInfo": [
            {
                "sentenceNo": 1,
                "sentenceContent": "20대 대통령선거 선거방송심의위원회가 이재명 후보 배우자 김혜경씨의 법인카드 사용 의혹을 부인하는 발언을 한 TBS '김어준의 뉴스공장'에 의견진술을 의결했다.",
                "sentenceSize": 89
            },
            {
                "sentenceNo": 2,
                "sentenceContent": "SBS '이재익의 시사특공대'에는 권고를 의결했다.",
                "sentenceSize": 28
            },
            {
                "sentenceNo": 3,
                "sentenceContent": "선거방송심의위는 25일 오후 서울 목동 방송회관에서 심의 회의를 열고 TBS '김어준의 뉴스공장'에 의견진술을 의결했다. '의견진술'은 심의위원들이 법정제재가 필요하다고 의결한 사안에 대해 해당 방송사 소명을 듣는 절차다.",
                "sentenceSize": 124
            },
            {
                "sentenceNo": 4,
                "sentenceContent": "법정제재는 방송사 재승인 심사 과정에서 감점 요인이 된다.",
                "sentenceSize": 32
            },
            {
                "sentenceNo": 5,
                "sentenceContent": "앞서 방송인 김어준씨는 지난 2월 3~4일 '이 정도는 알아야 할 아침뉴스' 코너에서, 이재명 후보 배우자 김혜경씨의 경기도 공무원 사적 심부름 의혹 및 법인카드 사용 의혹 등에 대해 다뤘다.",
                "sentenceSize": 107
            },
            {
                "sentenceNo": 6,
                "sentenceContent": "김어준씨는 '개인카드 취소 및 법인카드 결제 시간이 딱 붙어 있는바, 앞뒤가 맞지 않는다', '지자체 법인카드 사용내역은 홈페이지에 공개되기 때문에, 사적 유용이 근본적으로 불가능하다'라는 등의 논리를 내세워 김혜경씨에 대한 의혹을 부인하는 취지의 발언을 했다.",
                "sentenceSize": 146
            },
            {
                "sentenceNo": 7,
                "sentenceContent": "김일곤 위원(국민의힘 추천)은 \\\"김어준 프로그램은 객관성, 공정성, 정치적 중립성을 상실하고 진행자의 극단적 편향성을 보이고 있다. 방송 프로그램 책임자, 방송 프로그램 관계자 징계와 해당 방송 프로그램의 중지를 요구한다\\\"고 밝혔다.",
                "sentenceSize": 132
            },
            {
                "sentenceNo": 8,
                "sentenceContent": "정일윤 위원(한국방송협회 추천)는 \\\"특정 후보의 부인을 일방적으로 비호하는 김어준이 설 자리가 있는 것은 레거시 미디어의 보도 행태 때문이다\\\"라며 \\\"한국 언론 전체가 성찰해야 한다\\\"고 말했다.",
                "sentenceSize": 111
            },
            {
                "sentenceNo": 9,
                "sentenceContent": "구본진 위원(대한변호사협회 추천)은 \\\"김어준 진행자의 모든 방송은 일관되게 특정 후보를 유리하게 하고 다른 특정 후보에 불리하다. 분명히 의도성이 있다. 공적인 방송을 진행하는 사람이 논평이라고 하면 합리성이 있어야 하지만, 말도 안되는 이야기를 하며 논평이라고 할 수 있는 자유는 없다\\\"고 주장했다.",
                "sentenceSize": 170
            },
            {
                "sentenceNo": 10,
                "sentenceContent": "선방심의위원 7인 중 4인이 주의, 김언경·정일윤 위원이 의견제시, 박수택 위원이 권고 의견을 내 의견진술이 결정됐다.",
                "sentenceSize": 66
            },
            {
                "sentenceNo": 11,
                "sentenceContent": "한편 이날 SBS '이재익의 시사특공대'는 권고 결정이 났다.",
                "sentenceSize": 34
            },
            {
                "sentenceNo": 12,
                "sentenceContent": "해당 프로그램 진행자 이재익 SBS PD는 지난 3일 프로그램을 시작하며 \\\"김혜경 씨가 공무원들을 동원해서 사적인 허드렛일 시키고 또 법인카드를 유용한 의혹에 대해서 이재명 지사가 사과를 했습니다. 그리고 어제는 또 김혜경 씨 사과도 있었는데 좀 석연치 않은 점들이 있습니다. … 빅뱅의 노래 들을게요. 뭐 이 얘기하곤 상관없는 노래입니다. 노래가 좋았어, 거짓말\\\"이라고 언급하고 빅뱅의 '거짓말'을 틀었다.",
                "sentenceSize": 230
            },
            {
                "sentenceNo": 13,
                "sentenceContent": "4일에는 DJ DOC의 '나 이런 사람이야' 노래를 들려주고 \\\"(이재익)나 이런 사람이야, DJ DOC의 노래였습니다. 그래요. 가사 의미심장합니다. 이런 사람을 대통령으로 뽑으면 안 됩니다, 여러분. 가사에 어떤 내용이 나오죠? '나에게는 관대하고 남에게는 막대하고 이 카드로 저 카드 막고' 이런 사람은 절대로 뽑으면 안 돼요. 이런 사람이 넷 중에 누구라고 얘기하지 않았어요, 저는. … 그런 사람을 뽑으면 되겠어요, 안 되겠어요. 안 되겠죠\\\"라고 언급했다.",
                "sentenceSize": 261
            },
            {
                "sentenceNo": 14,
                "sentenceContent": "정일윤 위원은 \\\"시사성 오락 프로그램의 진행자가 특정 후보의 낙선을 적극적으로 얘기하고 있다\\\"며 \\\"게다가 본인이 이 프로 하차 다음에도 SNS를 통한 해명이 정직하지 않았다\\\"고 말했다.",
                "sentenceSize": 107
            },
            {
                "sentenceNo": 15,
                "sentenceContent": "정영식 위원(중앙선거관리위원회 추천)은 \\\"선거 시기 방송에서 진행자가 지나치게 개입하는 것은 문제\\\"라고 지적했다.",
                "sentenceSize": 65
            },
            {
                "sentenceNo": 16,
                "sentenceContent": "7인 중 4인이 권고, 김언경 위원이 주의, 김일곤·박수택 위원이 문제 없음 의견을 내 권고로 의결됐다.",
                "sentenceSize": 58
            }
        ]
    }
}