{
    "sourceDataInfo": {
        "newsID": "SO_M06_883531",
        "newsCategory": "사회",
        "newsSubcategory": "사회,사회일반,사회일반",
        "newsTitle": "화이자 백신 25만명분, 식약처 국가출하승인 받아",
        "newsSubTitle": "내달 1일부터 만 75세 이상 고령층 접종에 활용",
        "newsContent": "식품의약품안전처가 지난 24일 국내에 도착한 화이자 신종 코로나바이러스 감염증(코로나19) 백신 50만여회분(25만여명분)에 대해 마지막 품질 검정 단계인 국가출하승인 절차를 28일 완료했다.\n백신은 품목허가와 별개로 유통 또는 시판되기 전에 품질을 확인하는 국가출하승인 절차를 통과해야 한다.\n화이자 백신은 지난 5일 식약처 품목허가를 받았다.\n이날 국가출하승인 절차를 최종적으로 통과해 다음 달 1일부터 접종이 시작된다.\n이번에 들어온 백신은 내달 1일부터 만 75세 이상 고령층을 위한 예방접종에 사용된다.\n지역사회에 거주하고 있는 75세 이상 접종 대상자는 총 364만명이다.\n이를 위해 정부는 2분기까지 화이자 백신 총 350만명분을 확보할 예정이다.\n이달 말에 25만명분이 추가로 들어오고, 2분기에는 300만명분이 더 도입된다.",
        "partNum": "P2",
        "useType": 1,
        "processType": "A",
        "processPattern": "00",
        "processLevel": "하",
        "sentenceCount": 8,
        "processSentencenum": 0,
        "sentenceInfo": [
            {
                "sentenceNo": 1,
                "sentenceContent": "식품의약품안전처가 지난 24일 국내에 도착한 화이자 신종 코로나바이러스 감염증(코로나19) 백신 50만여회분(25만여명분)에 대해 마지막 품질 검정 단계인 국가출하승인 절차를 28일 완료했다.",
                "sentenceSize": 107
            },
            {
                "sentenceNo": 2,
                "sentenceContent": "백신은 품목허가와 별개로 유통 또는 시판되기 전에 품질을 확인하는 국가출하승인 절차를 통과해야 한다.",
                "sentenceSize": 56
            },
            {
                "sentenceNo": 3,
                "sentenceContent": "화이자 백신은 지난 5일 식약처 품목허가를 받았다.",
                "sentenceSize": 28
            },
            {
                "sentenceNo": 4,
                "sentenceContent": "이날 국가출하승인 절차를 최종적으로 통과해 다음 달 1일부터 접종이 시작된다.",
                "sentenceSize": 43
            },
            {
                "sentenceNo": 5,
                "sentenceContent": "이번에 들어온 백신은 내달 1일부터 만 75세 이상 고령층을 위한 예방접종에 사용된다.",
                "sentenceSize": 48
            },
            {
                "sentenceNo": 6,
                "sentenceContent": "지역사회에 거주하고 있는 75세 이상 접종 대상자는 총 364만명이다.",
                "sentenceSize": 39
            },
            {
                "sentenceNo": 7,
                "sentenceContent": "이를 위해 정부는 2분기까지 화이자 백신 총 350만명분을 확보할 예정이다.",
                "sentenceSize": 42
            },
            {
                "sentenceNo": 8,
                "sentenceContent": "이달 말에 25만명분이 추가로 들어오고, 2분기에는 300만명분이 더 도입된다.",
                "sentenceSize": 44
            }
        ]
    }
}