{
    "sourceDataInfo": {
        "newsID": "SO_M06_903969",
        "newsCategory": "사회",
        "newsSubcategory": "사회,사건사고,사건사고",
        "newsTitle": "'쇼핑몰 결제' 놀라 전화했더니…83억 뜯어낸 수법 보니",
        "newsSubTitle": "경기남부경찰, 中공안과 협력해 전화금융사기 조직 검거허위결제 문자 무작위로 전송해 돈 이체 받는 수법",
        "newsContent": "중국에서 보이스피싱으로 80여억원을 챙긴 전화금융사기 조직을 경찰이 중국 공안과 협력해 적발했다.\n경기남부경찰청 반부패경제범죄수사대는 30대 남성 A씨를 비롯한 한국인 6명과 중국인 4명 등 10명이 중국 공안에 검거됐다고 26일 밝혔다.\n앞서 경찰은 지난해 A씨 일당이 중국에서 보이스피싱 범죄를 저지르고 있다는 첩보를 입수하고 국가정보원과 함께 3개월간 각종 증거를 수집한 뒤 저장성 공안청에 공조수사를 요청했다.\n이후 경찰로부터 A씨 일당에 대한 수사 자료를 넘겨받은 공안청은 지난해 11월 5일 수사에 착수한 뒤 지난달 2일 콜센터를 급습해 A씨 일당을 모두 검거했다.\nA씨 등은 중국 저장성의 한 아파트에 콜센터를 차려놓고 2019년 1월부터 최근까지 보이스피싱으로 한국인 236명에게서 83억원을 뜯은 혐의를 받고 있다.\n이들은 국내 휴대전화 가입자들을 상대로 \\\"○○몰 결제 승인완료, 본인 아닌 경우 연락 요망\\\"이라는 내용의 허위결제 문자메시지를 무작위로 보내 문의전화를 하도록 유도했다.\n이들은 피해자로부터 전화가 오면 소비자보호센터, 수사기관 등을 사칭해 \\\"개인정보가 유출돼 추가 피해가 우려되니 계좌에 남아있는 돈을 안전 계좌로 옮겨야 한다\\\"고 속여 돈을 이체받는 수법으로 범행한 것으로 조사됐다.\n총책 A씨는 조직을 허위결제 문자를 무작위로 전송하는 DB(Data Base)팀과 피해자들과 통화를 하는 기망팀으로 나눠 역할을 분담시킨 것으로 파악됐다.\n이들 중 한국인 4명은 과거 보이스피싱 범죄로 이미 수배 중이었던 것으로 나타났다.\nA씨 일당은 최근 구속 상태로 기소돼 중국에서 재판을 받고 있다.\n경찰 관계자는 \\\"우리가 수사한 내용을 중국 현지 경찰 주재관을 통해 공안과 공유, 협조해 현지 콜센터를 단속해 보이스피싱 일당을 붙잡은 국제공조의 모범사례\\\"라며 \\\"앞으로도 국제공조를 통해 보이스피싱 조직 검거에 힘쓰겠다\\\"고 말했다.",
        "partNum": "P2",
        "useType": 1,
        "processType": "A",
        "processPattern": "00",
        "processLevel": "하",
        "sentenceCount": 11,
        "processSentencenum": 0,
        "sentenceInfo": [
            {
                "sentenceNo": 1,
                "sentenceContent": "중국에서 보이스피싱으로 80여억원을 챙긴 전화금융사기 조직을 경찰이 중국 공안과 협력해 적발했다.",
                "sentenceSize": 54
            },
            {
                "sentenceNo": 2,
                "sentenceContent": "경기남부경찰청 반부패경제범죄수사대는 30대 남성 A씨를 비롯한 한국인 6명과 중국인 4명 등 10명이 중국 공안에 검거됐다고 26일 밝혔다.",
                "sentenceSize": 78
            },
            {
                "sentenceNo": 3,
                "sentenceContent": "앞서 경찰은 지난해 A씨 일당이 중국에서 보이스피싱 범죄를 저지르고 있다는 첩보를 입수하고 국가정보원과 함께 3개월간 각종 증거를 수집한 뒤 저장성 공안청에 공조수사를 요청했다.",
                "sentenceSize": 99
            },
            {
                "sentenceNo": 4,
                "sentenceContent": "이후 경찰로부터 A씨 일당에 대한 수사 자료를 넘겨받은 공안청은 지난해 11월 5일 수사에 착수한 뒤 지난달 2일 콜센터를 급습해 A씨 일당을 모두 검거했다.",
                "sentenceSize": 88
            },
            {
                "sentenceNo": 5,
                "sentenceContent": "A씨 등은 중국 저장성의 한 아파트에 콜센터를 차려놓고 2019년 1월부터 최근까지 보이스피싱으로 한국인 236명에게서 83억원을 뜯은 혐의를 받고 있다.",
                "sentenceSize": 86
            },
            {
                "sentenceNo": 6,
                "sentenceContent": "이들은 국내 휴대전화 가입자들을 상대로 \\\"○○몰 결제 승인완료, 본인 아닌 경우 연락 요망\\\"이라는 내용의 허위결제 문자메시지를 무작위로 보내 문의전화를 하도록 유도했다.",
                "sentenceSize": 96
            },
            {
                "sentenceNo": 7,
                "sentenceContent": "이들은 피해자로부터 전화가 오면 소비자보호센터, 수사기관 등을 사칭해 \\\"개인정보가 유출돼 추가 피해가 우려되니 계좌에 남아있는 돈을 안전 계좌로 옮겨야 한다\\\"고 속여 돈을 이체받는 수법으로 범행한 것으로 조사됐다.",
                "sentenceSize": 121
            },
            {
                "sentenceNo": 8,
                "sentenceContent": "총책 A씨는 조직을 허위결제 문자를 무작위로 전송하는 DB(Data Base)팀과 피해자들과 통화를 하는 기망팀으로 나눠 역할을 분담시킨 것으로 파악됐다.",
                "sentenceSize": 86
            },
            {
                "sentenceNo": 9,
                "sentenceContent": "이들 중 한국인 4명은 과거 보이스피싱 범죄로 이미 수배 중이었던 것으로 나타났다.",
                "sentenceSize": 46
            },
            {
                "sentenceNo": 10,
                "sentenceContent": "A씨 일당은 최근 구속 상태로 기소돼 중국에서 재판을 받고 있다.",
                "sentenceSize": 36
            },
            {
                "sentenceNo": 11,
                "sentenceContent": "경찰 관계자는 \\\"우리가 수사한 내용을 중국 현지 경찰 주재관을 통해 공안과 공유, 협조해 현지 콜센터를 단속해 보이스피싱 일당을 붙잡은 국제공조의 모범사례\\\"라며 \\\"앞으로도 국제공조를 통해 보이스피싱 조직 검거에 힘쓰겠다\\\"고 말했다.",
                "sentenceSize": 133
            }
        ]
    }
}