{
    "sourceDataInfo": {
        "newsID": "SO_M06_883198",
        "newsCategory": "사회",
        "newsSubcategory": "사회,사회일반,사회일반",
        "newsTitle": "경찰 '모친 명의 땅투기 의혹' 하남시의원 압수수색",
        "newsSubTitle": "신도시 개발로 2배 차익···남편 그린벨트 땅도 불법개간市도 직권조사 착수···\\\"부동산 가액의 30% 과징금 검토\\\"",
        "newsContent": "경찰이 23일 '모친 명의 땅 투기 의혹'이 제기된 경기 하남시의회 김은영 의원의 사무실과 자택을 압수수색했다.\n경기남부경찰청 부동산 투기사범 특별수사대는 이날 오전 10시 15분께부터 2시간가량 김 의원의 하남시의회 사무실과 자택에서 압수수색을 벌였다.\n김 의원의 모친은 2017년 4~10월 천현동 4개 필지 3,509㎡(1,063평)의 땅을 매입했다.\n이후 이 땅이 교산신도시로 편입돼 지난해 12월 말 3.3㎡당 80여 만원의 보상금을 받아 2배가량의 차익을 봤다.\n경찰은 이 과정에서 김 의원이 관련된 불법행위가 있었는지 살펴보기 위해 관련 자료를 확보했다.\n앞서 하남시는 김 의원 남편 명의의 천현동 4개 필지 2,477㎡에 대해 현장 조사를 벌였다.\n시는 불법으로 형질 변경된 사실을 확인, 개발제한구역의 지정 및 관리에 관한 특별조치법 위반 혐의로 경찰에 고발했다.\n2007년 8월 김 의원 남편이 사들인 이 땅은 그린벨트 임야지만 불법 개간이 이뤄져 밭으로 사용되고 있다.\n지역 부동산 업계는 이 땅도 교산신도시와 인접해 상당한 시세 차익을 볼 수 있을 것으로 예상했다.\n김 의원은 의혹이 불거지자 소속 정당이던 더불어민주당에서 탈당했다.\n경찰 관계자는 \\\"의혹을 확인하기 위한 자료 확보를 위해 압수수색을 진행한 것은 사실이지만 자세한 혐의 등에 대해서는 수사가 진행 중이라 밝힐 수 없다\\\"고 말했다.\n하남시도 김 의원에 대한 직권조사에 착수했다.\n부동산 실권리자명의 등기에 관한 법률(부동산실명법)은 지자체장이 부동산 명의신탁 여부를 조사할 수 있도록 규정하고 있다.\n시 관계자는 \\\"관련법에 따라 김 의원의 의혹에 대한 직권조사에 나섰다\\\"며 \\\"조사 결과에 따라 경찰에 수사를 의뢰하거나 부동산 가액의 30% 범위에서 과징금을 부과하는 방안을 검토하겠다\\\"고 밝혔다.",
        "partNum": "P2",
        "useType": 1,
        "processType": "A",
        "processPattern": "00",
        "processLevel": "하",
        "sentenceCount": 14,
        "processSentencenum": 0,
        "sentenceInfo": [
            {
                "sentenceNo": 1,
                "sentenceContent": "경찰이 23일 '모친 명의 땅 투기 의혹'이 제기된 경기 하남시의회 김은영 의원의 사무실과 자택을 압수수색했다.",
                "sentenceSize": 62
            },
            {
                "sentenceNo": 2,
                "sentenceContent": "경기남부경찰청 부동산 투기사범 특별수사대는 이날 오전 10시 15분께부터 2시간가량 김 의원의 하남시의회 사무실과 자택에서 압수수색을 벌였다.",
                "sentenceSize": 79
            },
            {
                "sentenceNo": 3,
                "sentenceContent": "김 의원의 모친은 2017년 4~10월 천현동 4개 필지 3,509㎡(1,063평)의 땅을 매입했다.",
                "sentenceSize": 56
            },
            {
                "sentenceNo": 4,
                "sentenceContent": "이후 이 땅이 교산신도시로 편입돼 지난해 12월 말 3.3㎡당 80여 만원의 보상금을 받아 2배가량의 차익을 봤다.",
                "sentenceSize": 64
            },
            {
                "sentenceNo": 5,
                "sentenceContent": "경찰은 이 과정에서 김 의원이 관련된 불법행위가 있었는지 살펴보기 위해 관련 자료를 확보했다.",
                "sentenceSize": 52
            },
            {
                "sentenceNo": 6,
                "sentenceContent": "앞서 하남시는 김 의원 남편 명의의 천현동 4개 필지 2,477㎡에 대해 현장 조사를 벌였다.",
                "sentenceSize": 52
            },
            {
                "sentenceNo": 7,
                "sentenceContent": "시는 불법으로 형질 변경된 사실을 확인, 개발제한구역의 지정 및 관리에 관한 특별조치법 위반 혐의로 경찰에 고발했다.",
                "sentenceSize": 65
            },
            {
                "sentenceNo": 8,
                "sentenceContent": "2007년 8월 김 의원 남편이 사들인 이 땅은 그린벨트 임야지만 불법 개간이 이뤄져 밭으로 사용되고 있다.",
                "sentenceSize": 60
            },
            {
                "sentenceNo": 9,
                "sentenceContent": "지역 부동산 업계는 이 땅도 교산신도시와 인접해 상당한 시세 차익을 볼 수 있을 것으로 예상했다.",
                "sentenceSize": 54
            },
            {
                "sentenceNo": 10,
                "sentenceContent": "김 의원은 의혹이 불거지자 소속 정당이던 더불어민주당에서 탈당했다.",
                "sentenceSize": 37
            },
            {
                "sentenceNo": 11,
                "sentenceContent": "경찰 관계자는 \\\"의혹을 확인하기 위한 자료 확보를 위해 압수수색을 진행한 것은 사실이지만 자세한 혐의 등에 대해서는 수사가 진행 중이라 밝힐 수 없다\\\"고 말했다.",
                "sentenceSize": 92
            },
            {
                "sentenceNo": 12,
                "sentenceContent": "하남시도 김 의원에 대한 직권조사에 착수했다.",
                "sentenceSize": 25
            },
            {
                "sentenceNo": 13,
                "sentenceContent": "부동산 실권리자명의 등기에 관한 법률(부동산실명법)은 지자체장이 부동산 명의신탁 여부를 조사할 수 있도록 규정하고 있다.",
                "sentenceSize": 67
            },
            {
                "sentenceNo": 14,
                "sentenceContent": "시 관계자는 \\\"관련법에 따라 김 의원의 의혹에 대한 직권조사에 나섰다\\\"며 \\\"조사 결과에 따라 경찰에 수사를 의뢰하거나 부동산 가액의 30% 범위에서 과징금을 부과하는 방안을 검토하겠다\\\"고 밝혔다.",
                "sentenceSize": 113
            }
        ]
    }
}