{
    "sourceDataInfo": {
        "newsID": "SO_M06_898238",
        "newsCategory": "사회",
        "newsSubcategory": "사회,사회일반,사회일반",
        "newsTitle": "핼러윈 낀 주말 1,000여명 방역수칙 위반 적발",
        "newsSubTitle": "null",
        "newsContent": "지난 주말 전국에서 1,000여 명이 방역 수칙 위반으로 적발됐다. ‘위드 코로나’를 앞두고 핼러윈을 즐기려다 줄줄이 단속망에 걸린 것으로 파악된다.\n1일 경찰청에 따르면 금요일이었던 지난달 29일부터 일요일이었던 31일까지 전국에서 감염병예방법, 식품위생법, 음악산업법 위반 등으로 총 101건에 걸쳐 1,289명이 적발됐다.\n일별로는 토요일이었던 지난달 30일에 47건 630명으로 가장 많았고 일요일인 31일에 20건 259명, 금요일이었던 29일에 34건 400명 순이었다.\n서울에서는 지난 30일 강남 소재 한 음식점에서 DJ 박스와 무대 등을 설치하고 무허가 클럽으로 운영하던 업주와 손님 등 234명이 단속망에 걸렸다.\n같은 날 송파구의 한 음식점에서도 유흥종사자 10명을 고용한 후 예약 손님을 대상으로 영업했다가 51명이 적발됐다.\n서울뿐만 아니라 부산에서도 경찰 375명과 지방자치단체 25명이 합동으로 유흥시설 등 555곳을 점검한 결과 감염병예방법 위반 등으로 23건 195명이 단속됐다.\n지난 주말 가장 인파가 몰린 곳은 역시 이태원이었다.\n경찰에 따르면 지난 29일에는 4만명, 30일에는 8만명, 31일에는 5만명가량이 이태원에 운집했다.\n사람들은 넷플릭스 오리지널 시리즈 '오징어 게임' 등 캐릭터들을 코스프레하고, 말까지 타고 거리에 등장하는 등 '위드 코로나'를 앞두고 핼러윈을 즐겼지만 일각에서는 신종 코로나바이러스 감염증(코로나19) 재확산을 부추길 것이라는 우려도 일었다.",
        "partNum": "P2",
        "useType": 1,
        "processType": "A",
        "processPattern": "00",
        "processLevel": "하",
        "sentenceCount": 9,
        "processSentencenum": 0,
        "sentenceInfo": [
            {
                "sentenceNo": 1,
                "sentenceContent": "지난 주말 전국에서 1,000여 명이 방역 수칙 위반으로 적발됐다. ‘위드 코로나’를 앞두고 핼러윈을 즐기려다 줄줄이 단속망에 걸린 것으로 파악된다.",
                "sentenceSize": 83
            },
            {
                "sentenceNo": 2,
                "sentenceContent": "1일 경찰청에 따르면 금요일이었던 지난달 29일부터 일요일이었던 31일까지 전국에서 감염병예방법, 식품위생법, 음악산업법 위반 등으로 총 101건에 걸쳐 1,289명이 적발됐다.",
                "sentenceSize": 99
            },
            {
                "sentenceNo": 3,
                "sentenceContent": "일별로는 토요일이었던 지난달 30일에 47건 630명으로 가장 많았고 일요일인 31일에 20건 259명, 금요일이었던 29일에 34건 400명 순이었다.",
                "sentenceSize": 85
            },
            {
                "sentenceNo": 4,
                "sentenceContent": "서울에서는 지난 30일 강남 소재 한 음식점에서 DJ 박스와 무대 등을 설치하고 무허가 클럽으로 운영하던 업주와 손님 등 234명이 단속망에 걸렸다.",
                "sentenceSize": 83
            },
            {
                "sentenceNo": 5,
                "sentenceContent": "같은 날 송파구의 한 음식점에서도 유흥종사자 10명을 고용한 후 예약 손님을 대상으로 영업했다가 51명이 적발됐다.",
                "sentenceSize": 64
            },
            {
                "sentenceNo": 6,
                "sentenceContent": "서울뿐만 아니라 부산에서도 경찰 375명과 지방자치단체 25명이 합동으로 유흥시설 등 555곳을 점검한 결과 감염병예방법 위반 등으로 23건 195명이 단속됐다.",
                "sentenceSize": 90
            },
            {
                "sentenceNo": 7,
                "sentenceContent": "지난 주말 가장 인파가 몰린 곳은 역시 이태원이었다.",
                "sentenceSize": 29
            },
            {
                "sentenceNo": 8,
                "sentenceContent": "경찰에 따르면 지난 29일에는 4만명, 30일에는 8만명, 31일에는 5만명가량이 이태원에 운집했다.",
                "sentenceSize": 56
            },
            {
                "sentenceNo": 9,
                "sentenceContent": "사람들은 넷플릭스 오리지널 시리즈 '오징어 게임' 등 캐릭터들을 코스프레하고, 말까지 타고 거리에 등장하는 등 '위드 코로나'를 앞두고 핼러윈을 즐겼지만 일각에서는 신종 코로나바이러스 감염증(코로나19) 재확산을 부추길 것이라는 우려도 일었다.",
                "sentenceSize": 136
            }
        ]
    }
}