{
    "sourceDataInfo": {
        "newsID": "SO_M06_903928",
        "newsCategory": "사회",
        "newsSubcategory": "사회,전국,수도권",
        "newsTitle": "수원시, 주거급여 수급자 선정 기준 중위소득 4%→46%로 확대",
        "newsSubTitle": "4인 가구 기준 소득인정액 2021년 219만4,331원→올해 235만5,697원",
        "newsContent": "수원시의 올해 주거급여 수급자의 중위소득 기준이 46%로 확대된다.\n이로써 주거급여 지원 대상과 급여액이 늘어난다. 26일 수원시에 따르면 주거급여 수급자 선정 기준은 ‘기준 중위소득 45%’(2020~2021년)에서 46%로 변경됐다.\n주거 급여는 주거비 지출이나 가구 수선 유지비 등을 지원하는 사업이다.\n주거급여 선정기준 확대로 4인 가구 기준 소득인정액은 2021년 219만4,331원에서 올해 235만5,697원으로 늘어났다.\n임차 가구 급여지급 상한선인 기준 임대료 최저 보장 수준도 100% 현실화(2020년 90%, 2021년 95%)해 주거 급여 지원 대상과 지원 금액이 늘어났다.\n매달 지원받는 주거급여액은 4인 가구 기준 최대 37만1,000원(2021년)에서 최대 39만1,000원으로 늘어난다. 2021년부터 시행된 ‘청년 주거급여 분리지급’ 연령 기준은 ‘만 19세 출생일’에서 ‘출생년’으로 조정된다.\n단 지급 대상에서 제외되는 만 30세는 출생 월을 적용한다.\n청년 주거급여 분리지급은 취학·구직 등 목적으로 부모와 떨어져 사는 만 19세부터 30세 미만 미혼 자녀가 부모와 주민등록상 주소가 다를 때(타 시·군) 주거급여를 별도로 지급하는 제도다.\n수원시 관계자는 “주거 급여 지원 대상과 금액이 확대돼 혜택을 받는 시민들이 늘어나고, 취약계층의 주거비 부담은 줄어들 것”이라며 “기존 주거급여 수급 가구와 주거급여 대상에서 탈락했던 가구의 수급 자격도 재확인하겠다”고 말했다.",
        "partNum": "P2",
        "useType": 1,
        "processType": "A",
        "processPattern": "00",
        "processLevel": "하",
        "sentenceCount": 9,
        "processSentencenum": 0,
        "sentenceInfo": [
            {
                "sentenceNo": 1,
                "sentenceContent": "수원시의 올해 주거급여 수급자의 중위소득 기준이 46%로 확대된다.",
                "sentenceSize": 37
            },
            {
                "sentenceNo": 2,
                "sentenceContent": "이로써 주거급여 지원 대상과 급여액이 늘어난다. 26일 수원시에 따르면 주거급여 수급자 선정 기준은 ‘기준 중위소득 45%’(2020~2021년)에서 46%로 변경됐다.",
                "sentenceSize": 94
            },
            {
                "sentenceNo": 3,
                "sentenceContent": "주거 급여는 주거비 지출이나 가구 수선 유지비 등을 지원하는 사업이다.",
                "sentenceSize": 39
            },
            {
                "sentenceNo": 4,
                "sentenceContent": "주거급여 선정기준 확대로 4인 가구 기준 소득인정액은 2021년 219만4,331원에서 올해 235만5,697원으로 늘어났다.",
                "sentenceSize": 70
            },
            {
                "sentenceNo": 5,
                "sentenceContent": "임차 가구 급여지급 상한선인 기준 임대료 최저 보장 수준도 100% 현실화(2020년 90%, 2021년 95%)해 주거 급여 지원 대상과 지원 금액이 늘어났다.",
                "sentenceSize": 90
            },
            {
                "sentenceNo": 6,
                "sentenceContent": "매달 지원받는 주거급여액은 4인 가구 기준 최대 37만1,000원(2021년)에서 최대 39만1,000원으로 늘어난다. 2021년부터 시행된 ‘청년 주거급여 분리지급’ 연령 기준은 ‘만 19세 출생일’에서 ‘출생년’으로 조정된다.",
                "sentenceSize": 128
            },
            {
                "sentenceNo": 7,
                "sentenceContent": "단 지급 대상에서 제외되는 만 30세는 출생 월을 적용한다.",
                "sentenceSize": 33
            },
            {
                "sentenceNo": 8,
                "sentenceContent": "청년 주거급여 분리지급은 취학·구직 등 목적으로 부모와 떨어져 사는 만 19세부터 30세 미만 미혼 자녀가 부모와 주민등록상 주소가 다를 때(타 시·군) 주거급여를 별도로 지급하는 제도다.",
                "sentenceSize": 105
            },
            {
                "sentenceNo": 9,
                "sentenceContent": "수원시 관계자는 “주거 급여 지원 대상과 금액이 확대돼 혜택을 받는 시민들이 늘어나고, 취약계층의 주거비 부담은 줄어들 것”이라며 “기존 주거급여 수급 가구와 주거급여 대상에서 탈락했던 가구의 수급 자격도 재확인하겠다”고 말했다.",
                "sentenceSize": 128
            }
        ]
    }
}