{
    "sourceDataInfo": {
        "newsID": "SO_M06_907029",
        "newsCategory": "사회",
        "newsSubcategory": "사회,전국,영남권",
        "newsTitle": "부산시, 우수 대학생 1인당 최대 1100만 원 지원",
        "newsSubTitle": "부산 이전 공공기관과 부산지역인재 장학금 설립키로지역인재 육성 위한 장학금 100억 원 조성대규모 장학금과 취업장려금 지원···20년간 1200명 수혜",
        "newsContent": "부산시가 부산혁신도시 이전 공공기관과 함께 20년간 100억 원 규모의 ‘부산지역인재 장학금’을 설립한다.\n부산시는 17일 시청 회의실에서 주택도시보증공사, 한국예탁결제원, 한국주택금융공사와 함께 이 같은 내용이 담긴 협약을 맺었다고 밝혔다.\n협약에 따라 주택도시보증공사는 지역인재 육성을 위해 20년간 장학금 60억 원을, 한국예탁결제원은 10년간 장학금 20억 원을, 한국주택금융공사는 10년간 장학금 18억 원을 지원한다.\n부산시는 기부받은 장학금으로 지역혁신을 위한 스마트인재를 육성할 계획이다.\n부산지역인재 장학금은 전문대생을 포함한 부산지역 대학생을 대상으로 1인당 최대 1100만 원까지 파격적으로 지원한다.\n학과 성적과 지역사회 공헌 계획 등에 대한 심사를 거친 후 장학생으로 선발되면 학기당 150만 원, 최대 4학기 600만 원의 장학금을 지원받을 수 있다.\n지역인재 장학생이 졸업 후 일정 기간 내에 부산 지역 기업에 취직할 경우 취업장려금 500만 원도 추가로 지원한다.\n시는 장학금 수혜자가 1200명 이상 될 것으로 내다봤으며 내부절차를 신속히 진행해 오는 2학기부터 장학생을 선발한다는 계획이다.\n혁신도시 이전 공공기관이 지역인재 육성을 위해 장학금을 지원하는 것은 전국 최초 사례다.\n시는 지역상생의 새로운 모범사례가 될 것으로 기대했다.\n박형준 시장은 “지역인재 장학금을 통해 학생들이 졸업 후에도 부산에 정주하면서 지역을 발전시켜 나갈 뿐만 아니라 다른 도시의 우수한 학생들이 부산 대학으로 진학하는 선순환 구조를 만들어 나갈 것으로 기대한다”고 말했다.",
        "partNum": "P2",
        "useType": 1,
        "processType": "A",
        "processPattern": "00",
        "processLevel": "하",
        "sentenceCount": 11,
        "processSentencenum": 0,
        "sentenceInfo": [
            {
                "sentenceNo": 1,
                "sentenceContent": "부산시가 부산혁신도시 이전 공공기관과 함께 20년간 100억 원 규모의 ‘부산지역인재 장학금’을 설립한다.",
                "sentenceSize": 59
            },
            {
                "sentenceNo": 2,
                "sentenceContent": "부산시는 17일 시청 회의실에서 주택도시보증공사, 한국예탁결제원, 한국주택금융공사와 함께 이 같은 내용이 담긴 협약을 맺었다고 밝혔다.",
                "sentenceSize": 75
            },
            {
                "sentenceNo": 3,
                "sentenceContent": "협약에 따라 주택도시보증공사는 지역인재 육성을 위해 20년간 장학금 60억 원을, 한국예탁결제원은 10년간 장학금 20억 원을, 한국주택금융공사는 10년간 장학금 18억 원을 지원한다.",
                "sentenceSize": 103
            },
            {
                "sentenceNo": 4,
                "sentenceContent": "부산시는 기부받은 장학금으로 지역혁신을 위한 스마트인재를 육성할 계획이다.",
                "sentenceSize": 41
            },
            {
                "sentenceNo": 5,
                "sentenceContent": "부산지역인재 장학금은 전문대생을 포함한 부산지역 대학생을 대상으로 1인당 최대 1100만 원까지 파격적으로 지원한다.",
                "sentenceSize": 65
            },
            {
                "sentenceNo": 6,
                "sentenceContent": "학과 성적과 지역사회 공헌 계획 등에 대한 심사를 거친 후 장학생으로 선발되면 학기당 150만 원, 최대 4학기 600만 원의 장학금을 지원받을 수 있다.",
                "sentenceSize": 86
            },
            {
                "sentenceNo": 7,
                "sentenceContent": "지역인재 장학생이 졸업 후 일정 기간 내에 부산 지역 기업에 취직할 경우 취업장려금 500만 원도 추가로 지원한다.",
                "sentenceSize": 64
            },
            {
                "sentenceNo": 8,
                "sentenceContent": "시는 장학금 수혜자가 1200명 이상 될 것으로 내다봤으며 내부절차를 신속히 진행해 오는 2학기부터 장학생을 선발한다는 계획이다.",
                "sentenceSize": 72
            },
            {
                "sentenceNo": 9,
                "sentenceContent": "혁신도시 이전 공공기관이 지역인재 육성을 위해 장학금을 지원하는 것은 전국 최초 사례다.",
                "sentenceSize": 49
            },
            {
                "sentenceNo": 10,
                "sentenceContent": "시는 지역상생의 새로운 모범사례가 될 것으로 기대했다.",
                "sentenceSize": 30
            },
            {
                "sentenceNo": 11,
                "sentenceContent": "박형준 시장은 “지역인재 장학금을 통해 학생들이 졸업 후에도 부산에 정주하면서 지역을 발전시켜 나갈 뿐만 아니라 다른 도시의 우수한 학생들이 부산 대학으로 진학하는 선순환 구조를 만들어 나갈 것으로 기대한다”고 말했다.",
                "sentenceSize": 122
            }
        ]
    }
}