{
    "sourceDataInfo": {
        "newsID": "SO_M06_901811",
        "newsCategory": "사회",
        "newsSubcategory": "사회,전국,수도권",
        "newsTitle": "‘경기도 대학생 학자금 대출이자’ 지원 신청 2월 4일까지 접수",
        "newsSubTitle": "null",
        "newsContent": "경기도는 28일부터 내년 2월 4일까지 2022년도 상반기 ‘경기도 대학생 학자금 대출 이자’ 지원 신청을 받는다고 27일 밝혔다.\n도는 신청자가 2010년 2학기 이후 한국장학재단에서 대출받은 등록금과 생활비에 대한 올해 하반기(7~12월) 발생 이자를 대출 계좌 원리금에서 상환하는 방식으로 지원한다.\n지원 대상은 대학·대학원 재학(휴학)생과 졸업생으로, 본인 또는 직계존속 중 1명이 경기도에 주민등록상 1년 이상 거주해야 한다.\n신청은 경기도청 접수센터에서 온라인으로 해야 하며, 스마트폰 등 모바일도 가능하다.\n결과발표와 이자 지급은 내년 6월 예정이다.\n도는 2018년 하반기부터 전국 지방정부 최초로 가구 소득분위 8분위 이하만 지원하던 소득 기준 제한을 폐지했다.\n또 2019년부터 대학원생과 취업에 어려움을 겪고 있는 졸업생까지 수혜 폭을 확대했으며, 2020년에는 졸업생 지원 기간을 최대 10년까지 연장하는 등 전국 지방정부 최대 지원 규모·범위로 늘렸다.\n그 결과 2018년부터 올해까지 14만3,000명에게 138억 원을 지원했다.\n박승삼 경기도 평생교육국장은 “코로나19 사태 장기화에 따른 경기 악화로 경제적 문제, 취업 문제 등으로 힘들어하는 청년들과 가정 형편이 넉넉하지 못한 학생들에게 많은 도움이 되길 바란다”고 말했다.",
        "partNum": "P2",
        "useType": 1,
        "processType": "A",
        "processPattern": "00",
        "processLevel": "하",
        "sentenceCount": 9,
        "processSentencenum": 0,
        "sentenceInfo": [
            {
                "sentenceNo": 1,
                "sentenceContent": "경기도는 28일부터 내년 2월 4일까지 2022년도 상반기 ‘경기도 대학생 학자금 대출 이자’ 지원 신청을 받는다고 27일 밝혔다.",
                "sentenceSize": 73
            },
            {
                "sentenceNo": 2,
                "sentenceContent": "도는 신청자가 2010년 2학기 이후 한국장학재단에서 대출받은 등록금과 생활비에 대한 올해 하반기(7~12월) 발생 이자를 대출 계좌 원리금에서 상환하는 방식으로 지원한다.",
                "sentenceSize": 96
            },
            {
                "sentenceNo": 3,
                "sentenceContent": "지원 대상은 대학·대학원 재학(휴학)생과 졸업생으로, 본인 또는 직계존속 중 1명이 경기도에 주민등록상 1년 이상 거주해야 한다.",
                "sentenceSize": 72
            },
            {
                "sentenceNo": 4,
                "sentenceContent": "신청은 경기도청 접수센터에서 온라인으로 해야 하며, 스마트폰 등 모바일도 가능하다.",
                "sentenceSize": 46
            },
            {
                "sentenceNo": 5,
                "sentenceContent": "결과발표와 이자 지급은 내년 6월 예정이다.",
                "sentenceSize": 24
            },
            {
                "sentenceNo": 6,
                "sentenceContent": "도는 2018년 하반기부터 전국 지방정부 최초로 가구 소득분위 8분위 이하만 지원하던 소득 기준 제한을 폐지했다.",
                "sentenceSize": 63
            },
            {
                "sentenceNo": 7,
                "sentenceContent": "또 2019년부터 대학원생과 취업에 어려움을 겪고 있는 졸업생까지 수혜 폭을 확대했으며, 2020년에는 졸업생 지원 기간을 최대 10년까지 연장하는 등 전국 지방정부 최대 지원 규모·범위로 늘렸다.",
                "sentenceSize": 110
            },
            {
                "sentenceNo": 8,
                "sentenceContent": "그 결과 2018년부터 올해까지 14만3,000명에게 138억 원을 지원했다.",
                "sentenceSize": 43
            },
            {
                "sentenceNo": 9,
                "sentenceContent": "박승삼 경기도 평생교육국장은 “코로나19 사태 장기화에 따른 경기 악화로 경제적 문제, 취업 문제 등으로 힘들어하는 청년들과 가정 형편이 넉넉하지 못한 학생들에게 많은 도움이 되길 바란다”고 말했다.",
                "sentenceSize": 111
            }
        ]
    }
}