{
    "sourceDataInfo": {
        "newsID": "SO_M06_897175",
        "newsCategory": "사회",
        "newsSubcategory": "사회,사회일반,사회일반",
        "newsTitle": "위드 코로나 기대감에 벌써 유럽을?…마드리드 항공권 625%↑",
        "newsSubTitle": "지난달 유럽 노선 항공권 판매량 급증인터파크투어, 이색 여행 패키지 출시",
        "newsContent": "코로나19 사태가 지속 중인 가운데 높아진 백신 접종률과 함께 ‘위드(with) 코로나’에 대한 기대감으로 장거리 여행 수요가 살아나고 있다.\n특히 지난달 유럽행 항공권 발매가 급증했다.\n인터파크(035080)투어는 지난달 유럽 주요 노선의 항공권 판매량이 8월보다 대폭 늘었다고 15일 밝혔다.\n가장 상승 폭이 큰 유럽 상위 5개 도시는 스페인 마드리드(625%), 스위스 취리히(275%), 네덜란드 암스테르담(250%), 프랑스 파리(76.3%), 터키 이스탄불(68%) 순이다.\n9월에 팔린 유럽행 항공권 중 60% 이상은 출발 시기가 이달부터 내년 1월까지인 상품으로, 올해 말과 내년 초에 해외로 떠나려는 수요가 반영된 것으로 분석된다.\n이렇듯 유럽 여행 수요가 되살아나자 인터파크투어는 차별화된 유럽 여행 상품을 출시하며 장거리 여행 수요 공략에 나선다는 계획이다.\n대표적으로 유럽 아드리아해로 이어지는 크로아티아, 슬로베니아 코스로 구성된 ‘그린 세이프’ 기획전이 있다.\n선착순 여덟 커플(총 16인)만 출발하는 소규모 커플 여행 패키지다.\n또 아이슬란드, 핀란드, 노르웨이에서 오로라를 구경하거나 빙하 하이킹을 하는 이색 체험 상품도 선보인다.",
        "partNum": "P2",
        "useType": 1,
        "processType": "A",
        "processPattern": "00",
        "processLevel": "하",
        "sentenceCount": 9,
        "processSentencenum": 0,
        "sentenceInfo": [
            {
                "sentenceNo": 1,
                "sentenceContent": "코로나19 사태가 지속 중인 가운데 높아진 백신 접종률과 함께 ‘위드(with) 코로나’에 대한 기대감으로 장거리 여행 수요가 살아나고 있다.",
                "sentenceSize": 79
            },
            {
                "sentenceNo": 2,
                "sentenceContent": "특히 지난달 유럽행 항공권 발매가 급증했다.",
                "sentenceSize": 24
            },
            {
                "sentenceNo": 3,
                "sentenceContent": "인터파크(035080)투어는 지난달 유럽 주요 노선의 항공권 판매량이 8월보다 대폭 늘었다고 15일 밝혔다.",
                "sentenceSize": 60
            },
            {
                "sentenceNo": 4,
                "sentenceContent": "가장 상승 폭이 큰 유럽 상위 5개 도시는 스페인 마드리드(625%), 스위스 취리히(275%), 네덜란드 암스테르담(250%), 프랑스 파리(76.3%), 터키 이스탄불(68%) 순이다.",
                "sentenceSize": 105
            },
            {
                "sentenceNo": 5,
                "sentenceContent": "9월에 팔린 유럽행 항공권 중 60% 이상은 출발 시기가 이달부터 내년 1월까지인 상품으로, 올해 말과 내년 초에 해외로 떠나려는 수요가 반영된 것으로 분석된다.",
                "sentenceSize": 90
            },
            {
                "sentenceNo": 6,
                "sentenceContent": "이렇듯 유럽 여행 수요가 되살아나자 인터파크투어는 차별화된 유럽 여행 상품을 출시하며 장거리 여행 수요 공략에 나선다는 계획이다.",
                "sentenceSize": 72
            },
            {
                "sentenceNo": 7,
                "sentenceContent": "대표적으로 유럽 아드리아해로 이어지는 크로아티아, 슬로베니아 코스로 구성된 ‘그린 세이프’ 기획전이 있다.",
                "sentenceSize": 59
            },
            {
                "sentenceNo": 8,
                "sentenceContent": "선착순 여덟 커플(총 16인)만 출발하는 소규모 커플 여행 패키지다.",
                "sentenceSize": 38
            },
            {
                "sentenceNo": 9,
                "sentenceContent": "또 아이슬란드, 핀란드, 노르웨이에서 오로라를 구경하거나 빙하 하이킹을 하는 이색 체험 상품도 선보인다.",
                "sentenceSize": 58
            }
        ]
    }
}