{
    "sourceDataInfo": {
        "newsID": "SO_M06_895670",
        "newsCategory": "사회",
        "newsSubcategory": "사회,사건사고,사건사고",
        "newsTitle": "50대 아들, 80대 노모 숨진 채 발견…아들이 \\\"살인사건 났다\\\" 신고",
        "newsSubTitle": "경찰, 아들이 노모 살해 후 극단 선택 가능성에 무게",
        "newsContent": "서울 노원구의 아파트에서 50대 남성과 노모가 숨진 채 발견돼 경찰이 수사 중이다.\n서울 노원경찰서는 22일 오전 7시 19분께 “살인 사건이 났다”는 아들의 신고를 받고 출동해 신고 당사자와 80대 노모의 시신을 각각 아파트 화단과 집 안에서 발견했다고 밝혔다.\n아파트에 홀로 거주하던 노모는 평소 거동이 불편해 휠체어를 탔던 것으로 전해졌다.\n경찰은 폐쇄회로(CC)TV를 토대로 아들이 추석 연휴 기간 중 모친의 집을 방문한 시기 등을 파악하고 있다.\n경찰은 아들이 어머니를 살해한 후 경찰에 신고한 뒤 극단적인 선택을 했을 가능성에 무게를 두고 있다.\n경찰은 아들의 휴대전화 내용을 들여다보는 시도를 하는 한편 유족과 주변 이웃을 상대로 조사를 벌이고 있다.\n아울러 모자의 시신을 부검해 정확한 사인을 파악할 예정이다.",
        "partNum": "P2",
        "useType": 1,
        "processType": "A",
        "processPattern": "00",
        "processLevel": "하",
        "sentenceCount": 7,
        "processSentencenum": 0,
        "sentenceInfo": [
            {
                "sentenceNo": 1,
                "sentenceContent": "서울 노원구의 아파트에서 50대 남성과 노모가 숨진 채 발견돼 경찰이 수사 중이다.",
                "sentenceSize": 46
            },
            {
                "sentenceNo": 2,
                "sentenceContent": "서울 노원경찰서는 22일 오전 7시 19분께 “살인 사건이 났다”는 아들의 신고를 받고 출동해 신고 당사자와 80대 노모의 시신을 각각 아파트 화단과 집 안에서 발견했다고 밝혔다.",
                "sentenceSize": 100
            },
            {
                "sentenceNo": 3,
                "sentenceContent": "아파트에 홀로 거주하던 노모는 평소 거동이 불편해 휠체어를 탔던 것으로 전해졌다.",
                "sentenceSize": 45
            },
            {
                "sentenceNo": 4,
                "sentenceContent": "경찰은 폐쇄회로(CC)TV를 토대로 아들이 추석 연휴 기간 중 모친의 집을 방문한 시기 등을 파악하고 있다.",
                "sentenceSize": 60
            },
            {
                "sentenceNo": 5,
                "sentenceContent": "경찰은 아들이 어머니를 살해한 후 경찰에 신고한 뒤 극단적인 선택을 했을 가능성에 무게를 두고 있다.",
                "sentenceSize": 56
            },
            {
                "sentenceNo": 6,
                "sentenceContent": "경찰은 아들의 휴대전화 내용을 들여다보는 시도를 하는 한편 유족과 주변 이웃을 상대로 조사를 벌이고 있다.",
                "sentenceSize": 59
            },
            {
                "sentenceNo": 7,
                "sentenceContent": "아울러 모자의 시신을 부검해 정확한 사인을 파악할 예정이다.",
                "sentenceSize": 33
            }
        ]
    }
}