{
    "sourceDataInfo": {
        "newsID": "SO_M06_880864",
        "newsCategory": "사회",
        "newsSubcategory": "사회,사건사고,사건사고",
        "newsTitle": "조국, 진보운동 '큰 어른' 백기완 선생 별세에 \\\"내 청춘 시절의 큰 별…기억할 것\\\"",
        "newsSubTitle": "null",
        "newsContent": "진보운동의 '큰 어른'으로 통일운동에 헌신해온 백기완 통일문제연구소장이 투병 끝에 별세한 가운데 조국 전 법무부 장관이 고인을 추모했다.\n조 전 장관은 15일 자신의 페이스북에 올린 글을 통해 \\\"백기완 선생님이 별세 하셨다\\\"며 \\\"내 청춘 시절의 큰 별이셨다\\\"고 적었다.\n그러면서 조 전 장관은 지난 1987년 대선 당시 백기완 선생의 선거 포스터를 올린 뒤 \\\"1987년 13대 대선 이 포스터의 모습과 공약으로 내 마음 속에 영원히 남을 것\\\"이라고도 했다.\n조 전 장관은 아울러 \\\"박종철 추모식 때 내 손을 꼭 잡아주셨던 두툼한 손을 언제나 기억할 것\\\"이라고 썼다.\n한편 민중운동의 상징이었던 고 백기완 소장은 향년 89세를 일기로 이날 새벽 별세했다.\n서울대병원 등에 따르면 그는 지난해 1월 폐렴 증상으로 입원해 투병생활을 해왔다.\n1932년 황해도 은율군 장련면 동부리에서 태어난 그는 1950년대부터 농민·빈민·통일·민주화운동에 매진하며 한국 사회운동 전반에 참여했다.\n백 소장은 1964년에는 한일협정 반대운동에 참가했고, 1974년에는 유신 반대를 위한 1백만인 서명운동을 주도하다 긴급조치 위반으로 투옥됐다.\n1979년 ‘YMCA 위장결혼 사건’과 1986년 ‘부천 권인숙양 성고문 폭로 대회’를 주도한 혐의로도 체포돼 옥고를 치렀다.\n1987년 대선에서는 독자 민중후보로 출마했다가 김영삼·김대중 후보의 단일화를 호소하며 사퇴했고, 1992년 대선에도 독자 후보로 출마했다.",
        "partNum": "P2",
        "useType": 1,
        "processType": "A",
        "processPattern": "00",
        "processLevel": "하",
        "sentenceCount": 10,
        "processSentencenum": 0,
        "sentenceInfo": [
            {
                "sentenceNo": 1,
                "sentenceContent": "진보운동의 '큰 어른'으로 통일운동에 헌신해온 백기완 통일문제연구소장이 투병 끝에 별세한 가운데 조국 전 법무부 장관이 고인을 추모했다.",
                "sentenceSize": 76
            },
            {
                "sentenceNo": 2,
                "sentenceContent": "조 전 장관은 15일 자신의 페이스북에 올린 글을 통해 \\\"백기완 선생님이 별세 하셨다\\\"며 \\\"내 청춘 시절의 큰 별이셨다\\\"고 적었다.",
                "sentenceSize": 77
            },
            {
                "sentenceNo": 3,
                "sentenceContent": "그러면서 조 전 장관은 지난 1987년 대선 당시 백기완 선생의 선거 포스터를 올린 뒤 \\\"1987년 13대 대선 이 포스터의 모습과 공약으로 내 마음 속에 영원히 남을 것\\\"이라고도 했다.",
                "sentenceSize": 106
            },
            {
                "sentenceNo": 4,
                "sentenceContent": "조 전 장관은 아울러 \\\"박종철 추모식 때 내 손을 꼭 잡아주셨던 두툼한 손을 언제나 기억할 것\\\"이라고 썼다.",
                "sentenceSize": 62
            },
            {
                "sentenceNo": 5,
                "sentenceContent": "한편 민중운동의 상징이었던 고 백기완 소장은 향년 89세를 일기로 이날 새벽 별세했다.",
                "sentenceSize": 48
            },
            {
                "sentenceNo": 6,
                "sentenceContent": "서울대병원 등에 따르면 그는 지난해 1월 폐렴 증상으로 입원해 투병생활을 해왔다.",
                "sentenceSize": 45
            },
            {
                "sentenceNo": 7,
                "sentenceContent": "1932년 황해도 은율군 장련면 동부리에서 태어난 그는 1950년대부터 농민·빈민·통일·민주화운동에 매진하며 한국 사회운동 전반에 참여했다.",
                "sentenceSize": 78
            },
            {
                "sentenceNo": 8,
                "sentenceContent": "백 소장은 1964년에는 한일협정 반대운동에 참가했고, 1974년에는 유신 반대를 위한 1백만인 서명운동을 주도하다 긴급조치 위반으로 투옥됐다.",
                "sentenceSize": 80
            },
            {
                "sentenceNo": 9,
                "sentenceContent": "1979년 ‘YMCA 위장결혼 사건’과 1986년 ‘부천 권인숙양 성고문 폭로 대회’를 주도한 혐의로도 체포돼 옥고를 치렀다.",
                "sentenceSize": 70
            },
            {
                "sentenceNo": 10,
                "sentenceContent": "1987년 대선에서는 독자 민중후보로 출마했다가 김영삼·김대중 후보의 단일화를 호소하며 사퇴했고, 1992년 대선에도 독자 후보로 출마했다.",
                "sentenceSize": 78
            }
        ]
    }
}