{
    "sourceDataInfo": {
        "newsID": "SO_M06_879942",
        "newsCategory": "사회",
        "newsSubcategory": "사회,사회일반,사회일반",
        "newsTitle": "김포시, 문재인 대통령이 표창한 유기견 보호시설 '아지네마을'에 철거 명령",
        "newsSubTitle": "청와대 국민 청원에 '안락사 없는 사설 유기견 보호소 지켜주세요' 올라와",
        "newsContent": "경기도 김포시 사설 유기견 보호시설이 철거 위기에 내몰렸다.\n동물애호가 등은 청와대 청원을 올리며 도움을 요청하는 중이다.\n30일 사설 유기견 보호시설인 '아지네마을' 등에 따르면 김포시는 최근 양촌읍 양곡리에 있는 해당 시설을 대상으로 원상복구 시정명령 사전통지를 했다.\n김포시는 견사 등이 불법 건축물이라며 원상복구 명령을 내릴 예정이다.\n해당 건축물은 견사로 활용되는 비닐하우스 4동과 울타리, 시설 소장이 사용하는 컨테이너 등이다.\n반면 보호시설 측은 해당 건축물을 철거할 경우 이곳에서 지내던 유기견 200여 마리가 갈 곳이 없어 명령을 이행하기 어렵다고 맞서고 있다.\n해당 보호소는 2010년부터 11년 째 운영 중이다.\n도살을 앞둔 유기견을 구조한 것이 계기가 됐다는 게 보호소 측 설명이다.\n보호소 운영은 인천시 서구에서 시작됐다.\n그러나 일대에 재개발이 진행되면서 철거명령을 받자 후원금을 모아 3년 전인 2018년 김포로 옮겨왔다.\n해당 시설 자원봉사자는 전날 '안락사 없는 사설 유기견 보호소 아지네마을 지켜주세요'라는 제목의 청원 글을 청와대 국민청원 게시판에 올리기도 했다.\n박정수(75) 아지네마을 소장은 “보호소에 있는 유기견 대부분이 대형견이라 입양을 보내기도 쉽지 않다”며 “2018년 대통령 표창까지 받았을 정도로 잘 관리하던 시설인데 갑자기 철거하라고 하면 유기견들은 갈 곳이 없다”고 말했다.",
        "partNum": "P2",
        "useType": 1,
        "processType": "A",
        "processPattern": "00",
        "processLevel": "하",
        "sentenceCount": 12,
        "processSentencenum": 0,
        "sentenceInfo": [
            {
                "sentenceNo": 1,
                "sentenceContent": "경기도 김포시 사설 유기견 보호시설이 철거 위기에 내몰렸다.",
                "sentenceSize": 33
            },
            {
                "sentenceNo": 2,
                "sentenceContent": "동물애호가 등은 청와대 청원을 올리며 도움을 요청하는 중이다.",
                "sentenceSize": 34
            },
            {
                "sentenceNo": 3,
                "sentenceContent": "30일 사설 유기견 보호시설인 '아지네마을' 등에 따르면 김포시는 최근 양촌읍 양곡리에 있는 해당 시설을 대상으로 원상복구 시정명령 사전통지를 했다.",
                "sentenceSize": 83
            },
            {
                "sentenceNo": 4,
                "sentenceContent": "김포시는 견사 등이 불법 건축물이라며 원상복구 명령을 내릴 예정이다.",
                "sentenceSize": 38
            },
            {
                "sentenceNo": 5,
                "sentenceContent": "해당 건축물은 견사로 활용되는 비닐하우스 4동과 울타리, 시설 소장이 사용하는 컨테이너 등이다.",
                "sentenceSize": 53
            },
            {
                "sentenceNo": 6,
                "sentenceContent": "반면 보호시설 측은 해당 건축물을 철거할 경우 이곳에서 지내던 유기견 200여 마리가 갈 곳이 없어 명령을 이행하기 어렵다고 맞서고 있다.",
                "sentenceSize": 77
            },
            {
                "sentenceNo": 7,
                "sentenceContent": "해당 보호소는 2010년부터 11년 째 운영 중이다.",
                "sentenceSize": 29
            },
            {
                "sentenceNo": 8,
                "sentenceContent": "도살을 앞둔 유기견을 구조한 것이 계기가 됐다는 게 보호소 측 설명이다.",
                "sentenceSize": 40
            },
            {
                "sentenceNo": 9,
                "sentenceContent": "보호소 운영은 인천시 서구에서 시작됐다.",
                "sentenceSize": 22
            },
            {
                "sentenceNo": 10,
                "sentenceContent": "그러나 일대에 재개발이 진행되면서 철거명령을 받자 후원금을 모아 3년 전인 2018년 김포로 옮겨왔다.",
                "sentenceSize": 57
            },
            {
                "sentenceNo": 11,
                "sentenceContent": "해당 시설 자원봉사자는 전날 '안락사 없는 사설 유기견 보호소 아지네마을 지켜주세요'라는 제목의 청원 글을 청와대 국민청원 게시판에 올리기도 했다.",
                "sentenceSize": 82
            },
            {
                "sentenceNo": 12,
                "sentenceContent": "박정수(75) 아지네마을 소장은 “보호소에 있는 유기견 대부분이 대형견이라 입양을 보내기도 쉽지 않다”며 “2018년 대통령 표창까지 받았을 정도로 잘 관리하던 시설인데 갑자기 철거하라고 하면 유기견들은 갈 곳이 없다”고 말했다.",
                "sentenceSize": 128
            }
        ]
    }
}