{
    "sourceDataInfo": {
        "newsID": "SO_M06_890167",
        "newsCategory": "사회",
        "newsSubcategory": "사회,전국,수도권",
        "newsTitle": "'경기국제보트쇼' 참가업체 모집…온라인 컨텐츠 강화한 '하이브리드 전시회'",
        "newsSubTitle": "null",
        "newsContent": "경기도는 오는 10월 1~3일까지 고양 킨텍스와 김포 아라마리나에서 열리는 ‘제14회 경기국제보트쇼’에 참가할 업체를 1일부터 모집한다고 밝혔다.\n매년 상반기에 열리던 경기국제보트쇼는 코로나19 확산으로 올해 하반기로 일정을 변경, 하이브리드 전시회로 준비를 강화했다.\n하이브리드 전시회는 온라인 콘텐츠에 익숙한 소비자들의 성향과 체험 중심인 해양레저산업의 특성을 결합한 것을 말한다.\n도는 올해 경기국제보트쇼를 온라인과 오프라인 마케팅 전략을 결합한 피지털 마케팅을 전시에 접목했다.\n코로나19로 인한 기업과 요트·보트 소개를 영상으로 제작해 유튜브를 활용하는 온라인 전시 부분을 확대한다.\n다만 기존 오프라인 전시회는 그대로 진행할 계획이다.",
        "partNum": "P2",
        "useType": 1,
        "processType": "A",
        "processPattern": "00",
        "processLevel": "하",
        "sentenceCount": 6,
        "processSentencenum": 0,
        "sentenceInfo": [
            {
                "sentenceNo": 1,
                "sentenceContent": "경기도는 오는 10월 1~3일까지 고양 킨텍스와 김포 아라마리나에서 열리는 ‘제14회 경기국제보트쇼’에 참가할 업체를 1일부터 모집한다고 밝혔다.",
                "sentenceSize": 81
            },
            {
                "sentenceNo": 2,
                "sentenceContent": "매년 상반기에 열리던 경기국제보트쇼는 코로나19 확산으로 올해 하반기로 일정을 변경, 하이브리드 전시회로 준비를 강화했다.",
                "sentenceSize": 68
            },
            {
                "sentenceNo": 3,
                "sentenceContent": "하이브리드 전시회는 온라인 콘텐츠에 익숙한 소비자들의 성향과 체험 중심인 해양레저산업의 특성을 결합한 것을 말한다.",
                "sentenceSize": 64
            },
            {
                "sentenceNo": 4,
                "sentenceContent": "도는 올해 경기국제보트쇼를 온라인과 오프라인 마케팅 전략을 결합한 피지털 마케팅을 전시에 접목했다.",
                "sentenceSize": 55
            },
            {
                "sentenceNo": 5,
                "sentenceContent": "코로나19로 인한 기업과 요트·보트 소개를 영상으로 제작해 유튜브를 활용하는 온라인 전시 부분을 확대한다.",
                "sentenceSize": 59
            },
            {
                "sentenceNo": 6,
                "sentenceContent": "다만 기존 오프라인 전시회는 그대로 진행할 계획이다.",
                "sentenceSize": 29
            }
        ]
    }
}