{
    "sourceDataInfo": {
        "newsID": "SO_M01_916512",
        "newsCategory": "사회",
        "newsSubcategory": "사회",
        "newsTitle": "'차베스'로 얽힌 조선일보·이강택의 '악연'",
        "newsSubTitle": "이강택 tbs 대표, KBS PD 시절 차베스 조명… 조선일보는 ‘맹비난’",
        "newsContent": "MB정부가 2008년 정연주 전 KBS 사장을 해임할 때 조선일보는 '좌파방송' 프레임으로 KBS를 몰아 붙이며 정 전 사장 해임을 압박했다.\n2006년 2월 'KBS 스페셜'이 다룬 베네수엘라 대통령 차베스도 '색깔론'을 지피기 좋은 소재였다.\nKBS 이사회가 정연주 해임 제청안을 통과하기 전날인 2008년 8월7일 조선일보 사설은 \\\"(정연주씨는) 나라 경제를 결딴내고 종신 집권을 꾸미는 남미 독재자 차베스를 미국과 신자유주의에 대항하는 영웅이자 대한민국이 따라야 할 모범으로 치켜세웠다\\\"고 비판했다.\n2007~2008년 KBS와 차베스를 엮어 비난한 조선일보 사설만 9개. \\\"정연주가 누군가. 이 정권 386 실세들이 반미 코드에 맞춰 남미의 독재자 차베스를 신자유주의에 저항하는 투사로 치켜세우며 한국이 본받아야 할 모델로 그린 1시간짜리 다큐멘터리를 내보내 혹세무민했던 사람이다.\\\"(2008년 1월4일 사설) 그랬던 조선일보가 25일 다시 차베스를 꺼냈다.\n이날 조선일보는 tbs 방송 출연진들이 '좌편향'이라면서 \\\"교통방송의 좌편향은 지난해 10월 KBS 출신의 이강택 PD가 대표를 맡으면서 더욱 심해지고 있다는 분석이 나온다\\\"며 \\\"이강택 대표는 노무현 정권 때인 지난 2006년 2월18일 베네수엘라 경제를 파국으로 몰고간 우고 차베스 전 대통령을 미국 신자유주의에 맞서는 대안으로 찬양하는 프로그램을 제작했다\\\"고 보도했다.\n이 대표는 KBS PD 시절인 2006년 2월 KBS 스페셜 '신자유주의를 넘어-차베스의 도전'을 연출했다.\n조선일보 기자와 이 대표는 방송을 두고 '장외 싸움'을 벌이기도 했다.\n방송 직후인 2월20일 당시 전병근 조선일보 국제부 남미팀장은 자사 칼럼을 통해 \\\"이 다큐에 따르면 차베스는 분명 남미의 기대주이자 새 희망이었다\\\"며 \\\"반(反)차베스 내용은 '반(反) 개혁'의 맥락에서 스치듯 소개될 뿐이고, '차베스 1인 체제'에 대한 지적도 말미에 몇 마디 정도\\\"라고 비판했다.\n전 팀장은 \\\"이것이 차베스의 모든 것이라고 할 수 있을까. 이를 통해 '남미 희망'의 전모를 전달했다고 생각한다면 'KBS 스페셜' 제작진은 무지했거나 최소한 불성실했다.(중략) 왜 지금 남미 반미좌파의 선봉인 베네수엘라 지도자의 영웅담을 그 나라 국영TV도 아닌 KBS에서 봐야 하는가\\\"라고 반문했다.\n이에 당시 KBS PD였던 이 대표는 2월22일 PD저널 기고에서 \\\"차베스의 등장 이후 베네수엘라에서 미국이 해온 일이 무엇이었던가? 대다수 민중의 의사에 반해 쿠데타 음모를 조작하고 그 실행을 적극 방조했으며, 부패한 국영석유회사 경영진과 기득권 노조를 부추겨 사보타주(sabotage·태업을 뜻하는 프랑스어)를 조장해왔던 당사자가 바로 미국\\\"이라고 반박했다.\n이 대표는 \\\"전 기자의 칼럼을 읽으면 항상 미국 성조기를 휘날리며 시위를 하는 베네수엘라의 반정부 시위대 모습과 우리나라 시청 앞 광장의 극우 시위 모습이 겹쳐진다\\\"며 \\\"베네수엘라 국영TV가 아닌 KBS가 '차베스의 도전'을 방송해야 하는 이유는 바로 조선일보 같은 신문이 존재하기 때문이 아니겠는가\\\"라고 공세를 높였다.\n전병근 팀장은 24일 이례적으로 미디어오늘 기고(\\\"'KBS스페셜' 이강택 PD에 대한 반론\\\")를 통해 재차 이 대표를 반박했고, 이 대표도 27일 미디어오늘 기고(\\\"이쯤에서 그침이 어떨는지…\\\")를 통해 \\\"현재 한국을 초청 방문 중인 베네수엘라 신문 딸 꾸알지 사장 페트코프를 만나보라고 권하고 싶을 뿐이다. 줄곧 반 차베스 입장을 견지해온 그조차도 전 기자와 같이 막무가내식으로 미국 언론이 사용하는 어휘를 앵무새처럼 반복하며 차베스의 성과를 전면부정하지는 않으니 확인해 보시길 바란다\\\"고 반박했다.\n전 팀장도 끈질겼다.\n그는 28일 다시 미디어오늘 기고(\\\"'KBS 스페셜' 이강택 PD에 대한 재반론\\\")를 통해 \\\"반복하지만 여전히 남은 질문은 이것이다. 그토록 미화한 차베스의 1인 독재 체제에 대한 이 PD의 입장이다. 그렇게나 희망적으로 묘사한 차베스의 민중주의 경제 정책이 실제로도 그토록 영웅시할 만한 것인지에 대해서도 역시 일언반구도 없다\\\"고 비판했다.\n10년이 더 지난 2019년 조선일보는 \\\"(KBS 스페셜) 프로그램의 주장과 달리 차베스가 주도한 반미 사회주의 운동으로 베네수엘라는 물가 폭등, 빈곤 인구 비율 폭등으로 국민 75%의 체중이 평균 8.6kg 줄었다는 연구도 나온다\\\"며 이 대표를 겨냥해 '차베스'를 꺼냈다.\n보수야당도 이에 호응하고 있다.\n뉴스1에 따르면, 조경태 자유한국당 최고위원은 26일 최고위원회의에서 \\\"tbs 교통방송 대표인 이강택 PD는 베네수엘라식 사회주의 찬양 방송으로 논란이 된 분\\\"이라며 \\\"한국당이 철저히 tbs 편향성 시시비비를 가려낼 것\\\"이라고 말했다.\n이 대표는 25일 미디어오늘과 통화에서 \\\"신자유주의를 무비판적으로 수용한 결과 양극화는 극심해졌다. 당시 세계적으로 신자유주의가 득세하는 상황에서 남미의 새로운 대응과 물결을 함께 생각해보자는 차원으로 소개했던 방송\\\"이라며 \\\"그걸 찬양했다고 주장하는 것은 부적절하다\\\"고 지적했다.",
        "partNum": "P2",
        "useType": 1,
        "processType": "A",
        "processPattern": "00",
        "processLevel": "하",
        "sentenceCount": 18,
        "processSentencenum": 0,
        "sentenceInfo": [
            {
                "sentenceNo": 1,
                "sentenceContent": "MB정부가 2008년 정연주 전 KBS 사장을 해임할 때 조선일보는 '좌파방송' 프레임으로 KBS를 몰아 붙이며 정 전 사장 해임을 압박했다.",
                "sentenceSize": 79
            },
            {
                "sentenceNo": 2,
                "sentenceContent": "2006년 2월 'KBS 스페셜'이 다룬 베네수엘라 대통령 차베스도 '색깔론'을 지피기 좋은 소재였다.",
                "sentenceSize": 57
            },
            {
                "sentenceNo": 3,
                "sentenceContent": "KBS 이사회가 정연주 해임 제청안을 통과하기 전날인 2008년 8월7일 조선일보 사설은 \\\"(정연주씨는) 나라 경제를 결딴내고 종신 집권을 꾸미는 남미 독재자 차베스를 미국과 신자유주의에 대항하는 영웅이자 대한민국이 따라야 할 모범으로 치켜세웠다\\\"고 비판했다.",
                "sentenceSize": 147
            },
            {
                "sentenceNo": 4,
                "sentenceContent": "2007~2008년 KBS와 차베스를 엮어 비난한 조선일보 사설만 9개. \\\"정연주가 누군가. 이 정권 386 실세들이 반미 코드에 맞춰 남미의 독재자 차베스를 신자유주의에 저항하는 투사로 치켜세우며 한국이 본받아야 할 모델로 그린 1시간짜리 다큐멘터리를 내보내 혹세무민했던 사람이다.\\\"(2008년 1월4일 사설) 그랬던 조선일보가 25일 다시 차베스를 꺼냈다.",
                "sentenceSize": 203
            },
            {
                "sentenceNo": 5,
                "sentenceContent": "이날 조선일보는 tbs 방송 출연진들이 '좌편향'이라면서 \\\"교통방송의 좌편향은 지난해 10월 KBS 출신의 이강택 PD가 대표를 맡으면서 더욱 심해지고 있다는 분석이 나온다\\\"며 \\\"이강택 대표는 노무현 정권 때인 지난 2006년 2월18일 베네수엘라 경제를 파국으로 몰고간 우고 차베스 전 대통령을 미국 신자유주의에 맞서는 대안으로 찬양하는 프로그램을 제작했다\\\"고 보도했다.",
                "sentenceSize": 212
            },
            {
                "sentenceNo": 6,
                "sentenceContent": "이 대표는 KBS PD 시절인 2006년 2월 KBS 스페셜 '신자유주의를 넘어-차베스의 도전'을 연출했다.",
                "sentenceSize": 60
            },
            {
                "sentenceNo": 7,
                "sentenceContent": "조선일보 기자와 이 대표는 방송을 두고 '장외 싸움'을 벌이기도 했다.",
                "sentenceSize": 39
            },
            {
                "sentenceNo": 8,
                "sentenceContent": "방송 직후인 2월20일 당시 전병근 조선일보 국제부 남미팀장은 자사 칼럼을 통해 \\\"이 다큐에 따르면 차베스는 분명 남미의 기대주이자 새 희망이었다\\\"며 \\\"반(反)차베스 내용은 '반(反) 개혁'의 맥락에서 스치듯 소개될 뿐이고, '차베스 1인 체제'에 대한 지적도 말미에 몇 마디 정도\\\"라고 비판했다.",
                "sentenceSize": 170
            },
            {
                "sentenceNo": 9,
                "sentenceContent": "전 팀장은 \\\"이것이 차베스의 모든 것이라고 할 수 있을까. 이를 통해 '남미 희망'의 전모를 전달했다고 생각한다면 'KBS 스페셜' 제작진은 무지했거나 최소한 불성실했다.(중략) 왜 지금 남미 반미좌파의 선봉인 베네수엘라 지도자의 영웅담을 그 나라 국영TV도 아닌 KBS에서 봐야 하는가\\\"라고 반문했다.",
                "sentenceSize": 171
            },
            {
                "sentenceNo": 10,
                "sentenceContent": "이에 당시 KBS PD였던 이 대표는 2월22일 PD저널 기고에서 \\\"차베스의 등장 이후 베네수엘라에서 미국이 해온 일이 무엇이었던가? 대다수 민중의 의사에 반해 쿠데타 음모를 조작하고 그 실행을 적극 방조했으며, 부패한 국영석유회사 경영진과 기득권 노조를 부추겨 사보타주(sabotage·태업을 뜻하는 프랑스어)를 조장해왔던 당사자가 바로 미국\\\"이라고 반박했다.",
                "sentenceSize": 204
            },
            {
                "sentenceNo": 11,
                "sentenceContent": "이 대표는 \\\"전 기자의 칼럼을 읽으면 항상 미국 성조기를 휘날리며 시위를 하는 베네수엘라의 반정부 시위대 모습과 우리나라 시청 앞 광장의 극우 시위 모습이 겹쳐진다\\\"며 \\\"베네수엘라 국영TV가 아닌 KBS가 '차베스의 도전'을 방송해야 하는 이유는 바로 조선일보 같은 신문이 존재하기 때문이 아니겠는가\\\"라고 공세를 높였다.",
                "sentenceSize": 183
            },
            {
                "sentenceNo": 12,
                "sentenceContent": "전병근 팀장은 24일 이례적으로 미디어오늘 기고(\\\"'KBS스페셜' 이강택 PD에 대한 반론\\\")를 통해 재차 이 대표를 반박했고, 이 대표도 27일 미디어오늘 기고(\\\"이쯤에서 그침이 어떨는지…\\\")를 통해 \\\"현재 한국을 초청 방문 중인 베네수엘라 신문 딸 꾸알지 사장 페트코프를 만나보라고 권하고 싶을 뿐이다. 줄곧 반 차베스 입장을 견지해온 그조차도 전 기자와 같이 막무가내식으로 미국 언론이 사용하는 어휘를 앵무새처럼 반복하며 차베스의 성과를 전면부정하지는 않으니 확인해 보시길 바란다\\\"고 반박했다.",
                "sentenceSize": 285
            },
            {
                "sentenceNo": 13,
                "sentenceContent": "전 팀장도 끈질겼다.",
                "sentenceSize": 11
            },
            {
                "sentenceNo": 14,
                "sentenceContent": "그는 28일 다시 미디어오늘 기고(\\\"'KBS 스페셜' 이강택 PD에 대한 재반론\\\")를 통해 \\\"반복하지만 여전히 남은 질문은 이것이다. 그토록 미화한 차베스의 1인 독재 체제에 대한 이 PD의 입장이다. 그렇게나 희망적으로 묘사한 차베스의 민중주의 경제 정책이 실제로도 그토록 영웅시할 만한 것인지에 대해서도 역시 일언반구도 없다\\\"고 비판했다.",
                "sentenceSize": 195
            },
            {
                "sentenceNo": 15,
                "sentenceContent": "10년이 더 지난 2019년 조선일보는 \\\"(KBS 스페셜) 프로그램의 주장과 달리 차베스가 주도한 반미 사회주의 운동으로 베네수엘라는 물가 폭등, 빈곤 인구 비율 폭등으로 국민 75%의 체중이 평균 8.6kg 줄었다는 연구도 나온다\\\"며 이 대표를 겨냥해 '차베스'를 꺼냈다.",
                "sentenceSize": 155
            },
            {
                "sentenceNo": 16,
                "sentenceContent": "보수야당도 이에 호응하고 있다.",
                "sentenceSize": 17
            },
            {
                "sentenceNo": 17,
                "sentenceContent": "뉴스1에 따르면, 조경태 자유한국당 최고위원은 26일 최고위원회의에서 \\\"tbs 교통방송 대표인 이강택 PD는 베네수엘라식 사회주의 찬양 방송으로 논란이 된 분\\\"이라며 \\\"한국당이 철저히 tbs 편향성 시시비비를 가려낼 것\\\"이라고 말했다.",
                "sentenceSize": 135
            },
            {
                "sentenceNo": 18,
                "sentenceContent": "이 대표는 25일 미디어오늘과 통화에서 \\\"신자유주의를 무비판적으로 수용한 결과 양극화는 극심해졌다. 당시 세계적으로 신자유주의가 득세하는 상황에서 남미의 새로운 대응과 물결을 함께 생각해보자는 차원으로 소개했던 방송\\\"이라며 \\\"그걸 찬양했다고 주장하는 것은 부적절하다\\\"고 지적했다.",
                "sentenceSize": 160
            }
        ]
    }
}