{
    "sourceDataInfo": {
        "newsID": "SO_M06_881222",
        "newsCategory": "사회",
        "newsSubcategory": "사회,사회일반,사회일반",
        "newsTitle": "신라젠 임원진, '날짜 없는' 사임서 작성…\\\"신규 투자자 경영 참여 보장 위한 것\\\"",
        "newsSubTitle": "null",
        "newsContent": "신라젠(215600) 임원진이 임원진이 '날짜 없는' 사임서를 제출한다.\n새로운 투자자 유치 과정에서 투자자가 경영권을 자유롭게 행사할 수 있도록 조치한 것이다.\n19일 제약·바이오 업계에 따르면 신라젠의 주상은 대표와 이번 주주총회에서 이사로 선임되는 6명, 감사 1명 등 임원진 총 8명의 등기이사는 사임 일자가 없는 사임서를 작성하기로 했다.\n신라젠은 이들의 사임서를 받은 뒤 로펌으로부터 공증을 받고, 차기 최대 주주에 전달할 예정이다.\n현재 신라젠은 최대 주주 변경을 위해 신규 투자자 유치에 나선 상황이다.\n신라젠은 향후 투자 유치 등으로 최대 주주가 변경될 가능성을 고려해 임원들이 결단을 내렸다고 설명했다.\n새로운 최대 주주가 기존 이사회 멤버와 관계없이 이사회에서 경영권을 자유롭게 행사할 수 있도록 조치했다는 것이다.\n신라젠 관계자는 \\\"이들이 회사를 퇴사하겠다는 의미가 아니라 등기이사 자리에서 물러나 변경될 최대 주주의 경영 참여 등을 보장한 것\\\"이라며 \\\"최대 주주 변경 시 재신임을 받겠다는 의지 표명이자 투자 유치에 진정성을 보인 것\\\"이라고 말했다.\n기존 정영진·홍승기·남태균 사외이사 3명은 사임했다.\n사외이사 3명의 사임 역시 신규 투자자 유치를 위해 이사회를 정비하는 과정의 하나라고 회사는 밝혔다.",
        "partNum": "P2",
        "useType": 1,
        "processType": "A",
        "processPattern": "00",
        "processLevel": "하",
        "sentenceCount": 10,
        "processSentencenum": 0,
        "sentenceInfo": [
            {
                "sentenceNo": 1,
                "sentenceContent": "신라젠(215600) 임원진이 임원진이 '날짜 없는' 사임서를 제출한다.",
                "sentenceSize": 40
            },
            {
                "sentenceNo": 2,
                "sentenceContent": "새로운 투자자 유치 과정에서 투자자가 경영권을 자유롭게 행사할 수 있도록 조치한 것이다.",
                "sentenceSize": 49
            },
            {
                "sentenceNo": 3,
                "sentenceContent": "19일 제약·바이오 업계에 따르면 신라젠의 주상은 대표와 이번 주주총회에서 이사로 선임되는 6명, 감사 1명 등 임원진 총 8명의 등기이사는 사임 일자가 없는 사임서를 작성하기로 했다.",
                "sentenceSize": 103
            },
            {
                "sentenceNo": 4,
                "sentenceContent": "신라젠은 이들의 사임서를 받은 뒤 로펌으로부터 공증을 받고, 차기 최대 주주에 전달할 예정이다.",
                "sentenceSize": 53
            },
            {
                "sentenceNo": 5,
                "sentenceContent": "현재 신라젠은 최대 주주 변경을 위해 신규 투자자 유치에 나선 상황이다.",
                "sentenceSize": 40
            },
            {
                "sentenceNo": 6,
                "sentenceContent": "신라젠은 향후 투자 유치 등으로 최대 주주가 변경될 가능성을 고려해 임원들이 결단을 내렸다고 설명했다.",
                "sentenceSize": 57
            },
            {
                "sentenceNo": 7,
                "sentenceContent": "새로운 최대 주주가 기존 이사회 멤버와 관계없이 이사회에서 경영권을 자유롭게 행사할 수 있도록 조치했다는 것이다.",
                "sentenceSize": 63
            },
            {
                "sentenceNo": 8,
                "sentenceContent": "신라젠 관계자는 \\\"이들이 회사를 퇴사하겠다는 의미가 아니라 등기이사 자리에서 물러나 변경될 최대 주주의 경영 참여 등을 보장한 것\\\"이라며 \\\"최대 주주 변경 시 재신임을 받겠다는 의지 표명이자 투자 유치에 진정성을 보인 것\\\"이라고 말했다.",
                "sentenceSize": 136
            },
            {
                "sentenceNo": 9,
                "sentenceContent": "기존 정영진·홍승기·남태균 사외이사 3명은 사임했다.",
                "sentenceSize": 29
            },
            {
                "sentenceNo": 10,
                "sentenceContent": "사외이사 3명의 사임 역시 신규 투자자 유치를 위해 이사회를 정비하는 과정의 하나라고 회사는 밝혔다.",
                "sentenceSize": 56
            }
        ]
    }
}