{
    "sourceDataInfo": {
        "newsID": "SO_M06_907896",
        "newsCategory": "사회",
        "newsSubcategory": "사회,전국,수도권",
        "newsTitle": "“임산물 무단 채취 안 돼요”…경기도, 불법행위 특별단속",
        "newsSubTitle": "null",
        "newsContent": "경기도는 다음달 1일부터 5월 31일까지를 ‘2022년 봄철 산림 내 불법행위 특별단속기간’으로 설정해 중점적으로 단속한다고 30일 밝혔다.\n이는 본격적인 임산물이 생산되는 봄철을 맞아 무분별한 임산물 굴·채취 등으로 인한 산림 피해와 산불 발생 등을 예방하기 위한 것이다.\n기동단속반은 도 및 시군 담당 공무원으로 구성된다.\n단속반은 산림소유자의 동의 없이 산나물·산약초 등의 임산물을 채취하는 행위, 허가 대상 외에 희귀수목 및 임산물을 굴·채취하는 행위 등 각종 불법행위를 중점적으로 단속하게 된다.\n또한 산림 내에서 불을 피우거나 담배를 피우는 행위, 입산통제구역에 무단으로 입산하는 행위, 인화 물질을 가지고 산림 내 입산하는 행위 등에 대한 계도·단속 활동을 펼치며 산불 예방에도 힘쓸 계획이다.\n이성규 경기도 산림과장은 “산림 내 불법행위에 대한 적극적인 계도·단속과 엄정한 법 집행으로 경각심을 높일 것”이라며 “불법행위와 산불로부터 소중한 산림자원을 지킬 수 있도록 최선을 다하겠다”고 말했다.",
        "partNum": "P2",
        "useType": 1,
        "processType": "A",
        "processPattern": "00",
        "processLevel": "하",
        "sentenceCount": 6,
        "processSentencenum": 0,
        "sentenceInfo": [
            {
                "sentenceNo": 1,
                "sentenceContent": "경기도는 다음달 1일부터 5월 31일까지를 ‘2022년 봄철 산림 내 불법행위 특별단속기간’으로 설정해 중점적으로 단속한다고 30일 밝혔다.",
                "sentenceSize": 78
            },
            {
                "sentenceNo": 2,
                "sentenceContent": "이는 본격적인 임산물이 생산되는 봄철을 맞아 무분별한 임산물 굴·채취 등으로 인한 산림 피해와 산불 발생 등을 예방하기 위한 것이다.",
                "sentenceSize": 74
            },
            {
                "sentenceNo": 3,
                "sentenceContent": "기동단속반은 도 및 시군 담당 공무원으로 구성된다.",
                "sentenceSize": 28
            },
            {
                "sentenceNo": 4,
                "sentenceContent": "단속반은 산림소유자의 동의 없이 산나물·산약초 등의 임산물을 채취하는 행위, 허가 대상 외에 희귀수목 및 임산물을 굴·채취하는 행위 등 각종 불법행위를 중점적으로 단속하게 된다.",
                "sentenceSize": 99
            },
            {
                "sentenceNo": 5,
                "sentenceContent": "또한 산림 내에서 불을 피우거나 담배를 피우는 행위, 입산통제구역에 무단으로 입산하는 행위, 인화 물질을 가지고 산림 내 입산하는 행위 등에 대한 계도·단속 활동을 펼치며 산불 예방에도 힘쓸 계획이다.",
                "sentenceSize": 112
            },
            {
                "sentenceNo": 6,
                "sentenceContent": "이성규 경기도 산림과장은 “산림 내 불법행위에 대한 적극적인 계도·단속과 엄정한 법 집행으로 경각심을 높일 것”이라며 “불법행위와 산불로부터 소중한 산림자원을 지킬 수 있도록 최선을 다하겠다”고 말했다.",
                "sentenceSize": 113
            }
        ]
    }
}