{
    "sourceDataInfo": {
        "newsID": "SO_M06_905002",
        "newsCategory": "사회",
        "newsSubcategory": "사회,전국,수도권",
        "newsTitle": "용인시, 민간어린이집 국공립 전환 사업 추진",
        "newsSubTitle": "null",
        "newsContent": "용인시는 국공립어린이집 확충을 위해 ‘관리동 민간어린이집 국공립 전환 사업’을 추진한다고 15일 밝혔다.\n기존 공동주택 내 관리동에 설치된 민간어린이집을 국공립으로 전환하는 게 핵심이다.\n민간어린이집을 국공립어린이집으로 전환하면 신규 시설 확충에 드는 비용을 절감할 수 있고 보육 서비스의 질 향상과 국공립보육에 대한 보육수요를 충족할 수 있다는 장점이 있다.\n특히 기존 어린이집 운영자의 경우 최초 5년간 운영권을 보장받을 수 있을 뿐만 아니라 교직원 고용승계와 처우개선, 각종 정부 지원도 받을 수 있다.\n기존 300세대 이상 공동주택 내 관리동 어린이집이 전환 대상이다.\n시는 심사와 심의를 거쳐 오는 9월까지 개원을 목표로 1개소를 선정할 방침이다.\n모집은 다음달 7일까지 진행한다.",
        "partNum": "P2",
        "useType": 1,
        "processType": "A",
        "processPattern": "00",
        "processLevel": "하",
        "sentenceCount": 7,
        "processSentencenum": 0,
        "sentenceInfo": [
            {
                "sentenceNo": 1,
                "sentenceContent": "용인시는 국공립어린이집 확충을 위해 ‘관리동 민간어린이집 국공립 전환 사업’을 추진한다고 15일 밝혔다.",
                "sentenceSize": 58
            },
            {
                "sentenceNo": 2,
                "sentenceContent": "기존 공동주택 내 관리동에 설치된 민간어린이집을 국공립으로 전환하는 게 핵심이다.",
                "sentenceSize": 45
            },
            {
                "sentenceNo": 3,
                "sentenceContent": "민간어린이집을 국공립어린이집으로 전환하면 신규 시설 확충에 드는 비용을 절감할 수 있고 보육 서비스의 질 향상과 국공립보육에 대한 보육수요를 충족할 수 있다는 장점이 있다.",
                "sentenceSize": 96
            },
            {
                "sentenceNo": 4,
                "sentenceContent": "특히 기존 어린이집 운영자의 경우 최초 5년간 운영권을 보장받을 수 있을 뿐만 아니라 교직원 고용승계와 처우개선, 각종 정부 지원도 받을 수 있다.",
                "sentenceSize": 82
            },
            {
                "sentenceNo": 5,
                "sentenceContent": "기존 300세대 이상 공동주택 내 관리동 어린이집이 전환 대상이다.",
                "sentenceSize": 37
            },
            {
                "sentenceNo": 6,
                "sentenceContent": "시는 심사와 심의를 거쳐 오는 9월까지 개원을 목표로 1개소를 선정할 방침이다.",
                "sentenceSize": 44
            },
            {
                "sentenceNo": 7,
                "sentenceContent": "모집은 다음달 7일까지 진행한다.",
                "sentenceSize": 18
            }
        ]
    }
}