{
    "sourceDataInfo": {
        "newsID": "SO_M06_894974",
        "newsCategory": "사회",
        "newsSubcategory": "사회,전국,수도권",
        "newsTitle": "용인시-경기교통공사, 버스준공영제 운영지원 협약체결",
        "newsSubTitle": "null",
        "newsContent": "용인시는 9일 시청에서 경기교통공사와 버스 준공영제 운영 지원을 위한 업무 위·수탁 협약을 체결했다.\n협약에 따라 시는 노선 신설·변경 등 관리·감독을 담당하고, 경기교통공사는 운송수입금 관리와 노선별 정산 등 운영 지원을 맡게 된다.\n이날 협약식에는 백군기 용인시장, 정상균 경기교통공사 사장 등이 참석했다.\n용인시는 오는 12월부터 마을버스 48개 노선, 일반형 시내버스 50개 노선을 준공영제로 운영할 예정이다.\n버스 운영의 공공성과 재정지원의 투명성 확보를 위해 시가 노선을 소유·관리하는 노선관리형 방식이다.\n백 시장은 \\\"이번 협약은 버스 준공영제가 투명하고 합리적으로 운영될 수 있는 기반을 마련한 것\\\"이라며 \\\"시민 모두가 만족할 수 있는 대중교통 서비스 제공을 위해 지원을 아끼지 않겠다\\\"고 말했다.",
        "partNum": "P2",
        "useType": 1,
        "processType": "A",
        "processPattern": "00",
        "processLevel": "하",
        "sentenceCount": 6,
        "processSentencenum": 0,
        "sentenceInfo": [
            {
                "sentenceNo": 1,
                "sentenceContent": "용인시는 9일 시청에서 경기교통공사와 버스 준공영제 운영 지원을 위한 업무 위·수탁 협약을 체결했다.",
                "sentenceSize": 56
            },
            {
                "sentenceNo": 2,
                "sentenceContent": "협약에 따라 시는 노선 신설·변경 등 관리·감독을 담당하고, 경기교통공사는 운송수입금 관리와 노선별 정산 등 운영 지원을 맡게 된다.",
                "sentenceSize": 74
            },
            {
                "sentenceNo": 3,
                "sentenceContent": "이날 협약식에는 백군기 용인시장, 정상균 경기교통공사 사장 등이 참석했다.",
                "sentenceSize": 41
            },
            {
                "sentenceNo": 4,
                "sentenceContent": "용인시는 오는 12월부터 마을버스 48개 노선, 일반형 시내버스 50개 노선을 준공영제로 운영할 예정이다.",
                "sentenceSize": 59
            },
            {
                "sentenceNo": 5,
                "sentenceContent": "버스 운영의 공공성과 재정지원의 투명성 확보를 위해 시가 노선을 소유·관리하는 노선관리형 방식이다.",
                "sentenceSize": 55
            },
            {
                "sentenceNo": 6,
                "sentenceContent": "백 시장은 \\\"이번 협약은 버스 준공영제가 투명하고 합리적으로 운영될 수 있는 기반을 마련한 것\\\"이라며 \\\"시민 모두가 만족할 수 있는 대중교통 서비스 제공을 위해 지원을 아끼지 않겠다\\\"고 말했다.",
                "sentenceSize": 112
            }
        ]
    }
}