{
    "sourceDataInfo": {
        "newsID": "SO_M06_904605",
        "newsCategory": "사회",
        "newsSubcategory": "사회,행정·지자체,행정",
        "newsTitle": "서울시, 모든 동에 돌봄SOS센터 설치…복지정책 강화",
        "newsSubTitle": "서울시 2022년 복지 정책 발표노인·장애인·보훈 지원 확대",
        "newsContent": "서울시가 긴급 돌봄이 필요한 시민들을 돕는 '돌봄SOS센터' 서비스를 전체 425개 동으로 확대한다.\n동대문·마포에는 치매전담실을 갖춘 시립 실버케어센터 2곳이 들어선다.\n서울시는 이 같은 내용을 담은 복지 정책을 올해 시행한다고 8일 밝혔다.\n돌봄SOS센터는 일상에서의 갑작스러운 사고나 질병으로 도움이 필요한 시민들을 지원한다.\n단기 시설 입소를 비롯해 일시 재가(가정방문 수발), 식사 지원, 안부 확인, 주거편의(청소·세탁) 등 10개 분야의 서비스를 제공한다. '안심 고령친화도시 서울'을 만들기 위한 노인 복지 서비스도 강화한다.\n공공 요양 시설은 현재 36개에서 2025년까지 43곳으로 늘린다.\n저소득 노인 3만 5,000여 명에게는 '안심병원동행 서비스' 등 맞춤 돌봄 서비스를 지원한다.\n수행기관 70곳에서 의무 교육을 받은 인력이 노인의 생활과 건강을 돌본다.\n또 장년층·노인 일자리 확대를 위해 취약 계층 가사 지원, 초등돌봄시설 안전관리와 같은 공공 일자리를 7만여개 규모로 공급할 예정이다.\n보훈 분야 지원도 강화한다.\n만 19∼39세 부상 제대 군인의 사회 복귀를 돕는 법률·심리 상담, 일자리 및 창업 지원 사업을 3월부터 시작한다.\n만 65세 이상 참전유공자와 민주화?특수임무 유공자 중 지원 대상에서 제외됐던 상이군인, 고엽제 후유의증자 1만 3,000여 명을 대상에 포함해 참전명예·보훈예우수당을 지급한다.\n장애인에 대해서는 중증 장애인 10만 가구의 수도 요금을 올해 5월 납기분부터 감면하고 전동휠체어와 스쿠터 등을 이용하는 저소득 장애인에게 전동보장구 수리비로 1인당 10만 원을 지원한다.\n장애인의 안정적 일자리를 발굴하기 위한 지원도 강화한다.\n지난해 3410개 공공일자리를 제공한 데 이어 올해도 4000여개 공공일자리를 비롯해 민간 취업, 직업재활시설 일자리 등 당사자들의 다양한 욕구를 반영한 공공일자리를 제공한다.\n뇌병변장애인의 교육·건강·돌봄을 종합적으로 책임지는 '뇌병변장애인 비전센터'는 지난해 3월 마포구에 전국 최초로 개관한 데 이어 올해 2개소(구로구, 노원구)를 추가 건립해 권역별 접근성을 높인다.\n뇌병변장애인 대소변 흡수 일회용품 지원 대상은 종전 만 3~54세에서 64세로 연령을 확대한다.",
        "partNum": "P2",
        "useType": 1,
        "processType": "A",
        "processPattern": "00",
        "processLevel": "하",
        "sentenceCount": 17,
        "processSentencenum": 0,
        "sentenceInfo": [
            {
                "sentenceNo": 1,
                "sentenceContent": "서울시가 긴급 돌봄이 필요한 시민들을 돕는 '돌봄SOS센터' 서비스를 전체 425개 동으로 확대한다.",
                "sentenceSize": 56
            },
            {
                "sentenceNo": 2,
                "sentenceContent": "동대문·마포에는 치매전담실을 갖춘 시립 실버케어센터 2곳이 들어선다.",
                "sentenceSize": 38
            },
            {
                "sentenceNo": 3,
                "sentenceContent": "서울시는 이 같은 내용을 담은 복지 정책을 올해 시행한다고 8일 밝혔다.",
                "sentenceSize": 40
            },
            {
                "sentenceNo": 4,
                "sentenceContent": "돌봄SOS센터는 일상에서의 갑작스러운 사고나 질병으로 도움이 필요한 시민들을 지원한다.",
                "sentenceSize": 48
            },
            {
                "sentenceNo": 5,
                "sentenceContent": "단기 시설 입소를 비롯해 일시 재가(가정방문 수발), 식사 지원, 안부 확인, 주거편의(청소·세탁) 등 10개 분야의 서비스를 제공한다. '안심 고령친화도시 서울'을 만들기 위한 노인 복지 서비스도 강화한다.",
                "sentenceSize": 116
            },
            {
                "sentenceNo": 6,
                "sentenceContent": "공공 요양 시설은 현재 36개에서 2025년까지 43곳으로 늘린다.",
                "sentenceSize": 37
            },
            {
                "sentenceNo": 7,
                "sentenceContent": "저소득 노인 3만 5,000여 명에게는 '안심병원동행 서비스' 등 맞춤 돌봄 서비스를 지원한다.",
                "sentenceSize": 53
            },
            {
                "sentenceNo": 8,
                "sentenceContent": "수행기관 70곳에서 의무 교육을 받은 인력이 노인의 생활과 건강을 돌본다.",
                "sentenceSize": 41
            },
            {
                "sentenceNo": 9,
                "sentenceContent": "또 장년층·노인 일자리 확대를 위해 취약 계층 가사 지원, 초등돌봄시설 안전관리와 같은 공공 일자리를 7만여개 규모로 공급할 예정이다.",
                "sentenceSize": 75
            },
            {
                "sentenceNo": 10,
                "sentenceContent": "보훈 분야 지원도 강화한다.",
                "sentenceSize": 15
            },
            {
                "sentenceNo": 11,
                "sentenceContent": "만 19∼39세 부상 제대 군인의 사회 복귀를 돕는 법률·심리 상담, 일자리 및 창업 지원 사업을 3월부터 시작한다.",
                "sentenceSize": 65
            },
            {
                "sentenceNo": 12,
                "sentenceContent": "만 65세 이상 참전유공자와 민주화?특수임무 유공자 중 지원 대상에서 제외됐던 상이군인, 고엽제 후유의증자 1만 3,000여 명을 대상에 포함해 참전명예·보훈예우수당을 지급한다.",
                "sentenceSize": 99
            },
            {
                "sentenceNo": 13,
                "sentenceContent": "장애인에 대해서는 중증 장애인 10만 가구의 수도 요금을 올해 5월 납기분부터 감면하고 전동휠체어와 스쿠터 등을 이용하는 저소득 장애인에게 전동보장구 수리비로 1인당 10만 원을 지원한다.",
                "sentenceSize": 105
            },
            {
                "sentenceNo": 14,
                "sentenceContent": "장애인의 안정적 일자리를 발굴하기 위한 지원도 강화한다.",
                "sentenceSize": 31
            },
            {
                "sentenceNo": 15,
                "sentenceContent": "지난해 3410개 공공일자리를 제공한 데 이어 올해도 4000여개 공공일자리를 비롯해 민간 취업, 직업재활시설 일자리 등 당사자들의 다양한 욕구를 반영한 공공일자리를 제공한다.",
                "sentenceSize": 98
            },
            {
                "sentenceNo": 16,
                "sentenceContent": "뇌병변장애인의 교육·건강·돌봄을 종합적으로 책임지는 '뇌병변장애인 비전센터'는 지난해 3월 마포구에 전국 최초로 개관한 데 이어 올해 2개소(구로구, 노원구)를 추가 건립해 권역별 접근성을 높인다.",
                "sentenceSize": 110
            },
            {
                "sentenceNo": 17,
                "sentenceContent": "뇌병변장애인 대소변 흡수 일회용품 지원 대상은 종전 만 3~54세에서 64세로 연령을 확대한다.",
                "sentenceSize": 53
            }
        ]
    }
}