{
    "sourceDataInfo": {
        "newsID": "SO_M06_897030",
        "newsCategory": "사회",
        "newsSubcategory": "사회,노동·고용·취업,고용·취업",
        "newsTitle": "김부겸 \\\"2030 고용 회복세…정부 민간 협력 성과 나타나\\\"",
        "newsSubTitle": "개인 SNS 통해 9월 고용률 상승 홍보\\\"청년들 아직 삭풍 속···끈질기게 해결\\\"",
        "newsContent": "\\\"더디지만 정부와 민간이 힘을 보태고 노력한 성과가 (고용률에서) 나타나고 있는 것은 분명하다\\\" 김부겸 국무총리는 13일 자신의 SNS에 올린 글에서 “20-30대 젊은 층의 일자리 수치가 눈에 띄는 회복세를 보이고 있다”며 이같이 말했다.\n김 총리는 “오늘 발표된 9월 고용 동향을 보면, 작년 같은 달에 비해 20대는 3.3%포인트, 30대는 1.3%포인트 고용률이 상승했다”며 \\\"특히 20대의 경우 최근 몇 달간 모든 연령대에서 가장 큰 폭의 개선세를 보이고 있다\\\"며 설명했다.\n이어 \\\"30대는 상대적으로 회복이 느린 편이었으나, 8월부터 고용률이 상승 전환된 후, 9월 고용률은 8월과 비교해 상승 폭이 4배 이상 확대됐다\\\"고 강조했다.\n김 총리 청년 일자리 문제 해결에 지속적으로 노력하겠다고 밝혔다.\n그는 \\\"현장의 청년들은 훈풍이 아니라 아직 삭풍 속에 있다는 것을 잘 알고 있다. 여기서 멈추지 않겠다\\\"며 \\\"청년 일자리 문제만큼은 제 임기 마지막까지 끈질기게 해결해 나가겠다\\\"고 했다.\n그러면서 정부와 기업이 청년 일자리 창출에 협력하는 '청년희망ON'프로젝트를 언급, \\\"양질의 일자리와 직업교육을 확대하기 위한 노력을 지속하겠다\\\"고 약속했다.",
        "partNum": "P2",
        "useType": 1,
        "processType": "A",
        "processPattern": "00",
        "processLevel": "하",
        "sentenceCount": 6,
        "processSentencenum": 0,
        "sentenceInfo": [
            {
                "sentenceNo": 1,
                "sentenceContent": "\\\"더디지만 정부와 민간이 힘을 보태고 노력한 성과가 (고용률에서) 나타나고 있는 것은 분명하다\\\" 김부겸 국무총리는 13일 자신의 SNS에 올린 글에서 “20-30대 젊은 층의 일자리 수치가 눈에 띄는 회복세를 보이고 있다”며 이같이 말했다.",
                "sentenceSize": 136
            },
            {
                "sentenceNo": 2,
                "sentenceContent": "김 총리는 “오늘 발표된 9월 고용 동향을 보면, 작년 같은 달에 비해 20대는 3.3%포인트, 30대는 1.3%포인트 고용률이 상승했다”며 \\\"특히 20대의 경우 최근 몇 달간 모든 연령대에서 가장 큰 폭의 개선세를 보이고 있다\\\"며 설명했다.",
                "sentenceSize": 137
            },
            {
                "sentenceNo": 3,
                "sentenceContent": "이어 \\\"30대는 상대적으로 회복이 느린 편이었으나, 8월부터 고용률이 상승 전환된 후, 9월 고용률은 8월과 비교해 상승 폭이 4배 이상 확대됐다\\\"고 강조했다.",
                "sentenceSize": 91
            },
            {
                "sentenceNo": 4,
                "sentenceContent": "김 총리 청년 일자리 문제 해결에 지속적으로 노력하겠다고 밝혔다.",
                "sentenceSize": 36
            },
            {
                "sentenceNo": 5,
                "sentenceContent": "그는 \\\"현장의 청년들은 훈풍이 아니라 아직 삭풍 속에 있다는 것을 잘 알고 있다. 여기서 멈추지 않겠다\\\"며 \\\"청년 일자리 문제만큼은 제 임기 마지막까지 끈질기게 해결해 나가겠다\\\"고 했다.",
                "sentenceSize": 108
            },
            {
                "sentenceNo": 6,
                "sentenceContent": "그러면서 정부와 기업이 청년 일자리 창출에 협력하는 '청년희망ON'프로젝트를 언급, \\\"양질의 일자리와 직업교육을 확대하기 위한 노력을 지속하겠다\\\"고 약속했다.",
                "sentenceSize": 90
            }
        ]
    }
}