{
    "sourceDataInfo": {
        "newsID": "SO_M06_908775",
        "newsCategory": "사회",
        "newsSubcategory": "사회,전국,수도권",
        "newsTitle": "경기도교육청·지역교육지원청 당직근무 재택으로 전환",
        "newsSubTitle": "전국 17개 시·도교육청 중 재택당직근무 최초 시행3시간 이상 청내 근무 후 자택에서 당직근무 수행",
        "newsContent": "경기도교육청은 이달부터 본청과 교육지원청 당직근무를 재택근무로 전면 전환했다고 12일 밝혔다.\n경기도교육청 남부청사와 지역교육지원청은 재택당직 시설을 확충하고 지난 2월 시범운영을 거쳐 3월부터 재택당직근무로 전환했으며, 북부청사는 4월부터 전면 시행했다.\n도교육청은 당직근무로 인해 나타나는 문제점을 해소하고 직원들의 일·가정 양립을 지원하기 위해 당직근무를 재택방식으로 전환했으며, 전국 17개 시·도 교육청 중 최초다.\n재택당직근무는 3시간 이상 청 내에 근무하며 긴급 문서 처리, 민원전화 응대, 보안점검 등 업무를 수행한 후 자택에서 유선과 비상체제를 활용해 당직근무를 진행한다.\n도교육청은 재택당직근무 시행으로 당직근무 후 직원들의 피로도 증가, 소규모 교육지원청의 업무 부담, 남직원 감소에 따른 숙직업무 가중, 대체휴무로 인한 업무 공백 등의 문제를 해소할 것으로 기대했다.\n정수호 경기도교육청 총무과장은 “재택당직근무로 직원들의 당직근무 부담이 해소되고 예산 절감과 업무 공백도 줄었다”면서 “앞으로 일과 가정의 양립을 지원하고 양성평등 문화 조성을 위해서 노력할 것”이라고 말했다.",
        "partNum": "P2",
        "useType": 1,
        "processType": "A",
        "processPattern": "00",
        "processLevel": "하",
        "sentenceCount": 6,
        "processSentencenum": 0,
        "sentenceInfo": [
            {
                "sentenceNo": 1,
                "sentenceContent": "경기도교육청은 이달부터 본청과 교육지원청 당직근무를 재택근무로 전면 전환했다고 12일 밝혔다.",
                "sentenceSize": 52
            },
            {
                "sentenceNo": 2,
                "sentenceContent": "경기도교육청 남부청사와 지역교육지원청은 재택당직 시설을 확충하고 지난 2월 시범운영을 거쳐 3월부터 재택당직근무로 전환했으며, 북부청사는 4월부터 전면 시행했다.",
                "sentenceSize": 90
            },
            {
                "sentenceNo": 3,
                "sentenceContent": "도교육청은 당직근무로 인해 나타나는 문제점을 해소하고 직원들의 일·가정 양립을 지원하기 위해 당직근무를 재택방식으로 전환했으며, 전국 17개 시·도 교육청 중 최초다.",
                "sentenceSize": 93
            },
            {
                "sentenceNo": 4,
                "sentenceContent": "재택당직근무는 3시간 이상 청 내에 근무하며 긴급 문서 처리, 민원전화 응대, 보안점검 등 업무를 수행한 후 자택에서 유선과 비상체제를 활용해 당직근무를 진행한다.",
                "sentenceSize": 91
            },
            {
                "sentenceNo": 5,
                "sentenceContent": "도교육청은 재택당직근무 시행으로 당직근무 후 직원들의 피로도 증가, 소규모 교육지원청의 업무 부담, 남직원 감소에 따른 숙직업무 가중, 대체휴무로 인한 업무 공백 등의 문제를 해소할 것으로 기대했다.",
                "sentenceSize": 111
            },
            {
                "sentenceNo": 6,
                "sentenceContent": "정수호 경기도교육청 총무과장은 “재택당직근무로 직원들의 당직근무 부담이 해소되고 예산 절감과 업무 공백도 줄었다”면서 “앞으로 일과 가정의 양립을 지원하고 양성평등 문화 조성을 위해서 노력할 것”이라고 말했다.",
                "sentenceSize": 117
            }
        ]
    }
}