{
    "sourceDataInfo": {
        "newsID": "SO_M06_888392",
        "newsCategory": "사회",
        "newsSubcategory": "사회,행정·지자체,행정",
        "newsTitle": "서대문자연사박물관, '식물이야기' 교육 프로그램 참가자 모집",
        "newsSubTitle": "null",
        "newsContent": "서울 서대문구 서대문자연사박물관은 오는 20일 ‘식물학자가 들려주는 식물 이야기’ 체험 교실을 진행한다고 6일 밝혔다.\n참가 대상 학년은 초등학교 4학년부터 중학교 3학년이다.\n온라인 화상회의 프로그램(ZOOM)을 통해 오전 10시부터 1시간 동안 진행된다.\n참가자는 박물관 홈페이지를 통해 선착순으로 30명을 모집한다.\n서대문자연사박물관 연간 회원은 이달 8일 오전 11시, 일반 회원은 이달 10일 오전 11시부터 신청할 수 있고 수강료는 1만 4,000원이다.\n식물학자인 김진옥 박사가 식물표본 제작 방법을 소개하고 식물에 대한 다양한 궁금증을 풀어준다.",
        "partNum": "P2",
        "useType": 1,
        "processType": "A",
        "processPattern": "00",
        "processLevel": "하",
        "sentenceCount": 6,
        "processSentencenum": 0,
        "sentenceInfo": [
            {
                "sentenceNo": 1,
                "sentenceContent": "서울 서대문구 서대문자연사박물관은 오는 20일 ‘식물학자가 들려주는 식물 이야기’ 체험 교실을 진행한다고 6일 밝혔다.",
                "sentenceSize": 66
            },
            {
                "sentenceNo": 2,
                "sentenceContent": "참가 대상 학년은 초등학교 4학년부터 중학교 3학년이다.",
                "sentenceSize": 31
            },
            {
                "sentenceNo": 3,
                "sentenceContent": "온라인 화상회의 프로그램(ZOOM)을 통해 오전 10시부터 1시간 동안 진행된다.",
                "sentenceSize": 45
            },
            {
                "sentenceNo": 4,
                "sentenceContent": "참가자는 박물관 홈페이지를 통해 선착순으로 30명을 모집한다.",
                "sentenceSize": 34
            },
            {
                "sentenceNo": 5,
                "sentenceContent": "서대문자연사박물관 연간 회원은 이달 8일 오전 11시, 일반 회원은 이달 10일 오전 11시부터 신청할 수 있고 수강료는 1만 4,000원이다.",
                "sentenceSize": 80
            },
            {
                "sentenceNo": 6,
                "sentenceContent": "식물학자인 김진옥 박사가 식물표본 제작 방법을 소개하고 식물에 대한 다양한 궁금증을 풀어준다.",
                "sentenceSize": 52
            }
        ]
    }
}