{
    "sourceDataInfo": {
        "newsID": "SO_M01_916046",
        "newsCategory": "사회",
        "newsSubcategory": "사회",
        "newsTitle": "뉴스 검색 좀 더 똑똑하게 해볼까요",
        "newsSubTitle": "추억의 카인즈, 빅데이터 입혀 부활하나… 언론재단 뉴스빅데이터 분석 플랫폼 3월 중 공개예정",
        "newsContent": "뉴스 빅데이터 분석 플랫폼 '빅카인즈'가 3월 선보인다.\n빅카인즈는 기존의 뉴스 공공데이터베이스 카인즈(KINDS, Korean Integrated News Database System)를 바탕으로 새롭게 구축한 서비스다.\n한국언론진흥재단(언론재단)은 지난 19일 빅카인즈 설명회를 갖고 실시간 뉴스 데이터를 기반으로 일반인에 유용한 정보와 언론인에게 필요한 분석 도구를 다양하게 제공하겠다고 밝혔다.\n빅카인즈는 언론사가 실시간으로 보내는 데이터를 기반으로 한다.\n언론재단은 자동분류시스템으로 기사를 주제별, 명사별로 분류한다.\n눈에 띄는 기능은 택소노미(분류체계)라 불리는 검색어 확장 서비스다.\n기존에는 '대통령'이란 단어를 검색하면 대통령이란 단어가 들어간 모든 기사가 등장하지만 택소노미를 활용하면 연산자(AND, OR)를 미리 연결해 박근혜·박정희·대통령이란 단어가 포함되고 김대중·노무현이란 단어가 제외된 기사만 쉽게 골라 분석할 수 있다.\n빅카인즈는 일반인용 서비스와 함께 언론인용 분석도구를 따로 제공한다.\n이를 이용하면 기사작성에 도움이 될 것으로 보인다.\n예컨대 매체별로 민경욱 전 대변인의 세월호 참사 관련 코멘트만 간편하게 확인해 인쇄할 수 있다. '박희태 성추행' 같은 사건사고를 검색하면 해당 사건과 관련한 기사 트랜드를 타임라인으로 볼 수 있는 기능도 있다.\n오늘 언론이 가장 많이 인용한 인용문이나 정보원도 추출할 수 있다. '세월호'의 뉴스 언급 빈도 추이를 시기별 그래프 형태로 분석할 수도 있다.\n언론재단 빅데이터팀 관계자는 \\\"막대, 도넛, 방사형 등 다양한 시각화 요소를 구성한 뒤 기사 작성 시 웹페이지에 링크만 걸면 바로 사용할 수 있다\\\"고 설명했다.\n빅카인즈에서 눈에 띄는 서비스는 실시간으로 제공하는 '오늘의 뉴스키워드'다.\n언론재단은 매일 수집되는 뉴스를 분석하고 이슈 키워드를 자동으로 추출해 특정일의 이슈 키워드 10개를 실시간으로 제공할 예정이다.\n이는 사실상 포털사이트 '실시간검색어'처럼 그날의 주요 이슈를 한 눈에 알아볼 수 있게끔 도와준다.\n언론재단은 향후 세세한 기술적 문제를 해결하고 언론인용 분석도구를 고도화하는 한편 소셜 데이터 분석 기능을 추가해 뉴스와 SNS 간의 상관성을 분석해 나갈 계획이다.\n외부의 공공 데이터베이스를 수집해 뉴스 빅데이터와 융합·분석할 계획도 갖고 있다.\n언론재단은 정부3.0정책 일환으로 뉴스콘텐츠와 빅데이터 기술의 결합을 통해 뉴스의 사회적 활용 가치를 높이고자 2015년부터 '뉴스빅데이터 분석시스템 구축' 사업을 실시했다.\n이번 빅카인즈 시스템은 기술조사에 3개월, 구축에 6개월이 소요됐다.\n언론재단은 카인즈를 통해 구축된 25년 치 뉴스데이터를 활용하는 한편 앞으로 1945년 해방 이후 모든 기사를 분석할 기반을 조성할 예정이다.",
        "partNum": "P2",
        "useType": 1,
        "processType": "A",
        "processPattern": "00",
        "processLevel": "하",
        "sentenceCount": 20,
        "processSentencenum": 0,
        "sentenceInfo": [
            {
                "sentenceNo": 1,
                "sentenceContent": "뉴스 빅데이터 분석 플랫폼 '빅카인즈'가 3월 선보인다.",
                "sentenceSize": 31
            },
            {
                "sentenceNo": 2,
                "sentenceContent": "빅카인즈는 기존의 뉴스 공공데이터베이스 카인즈(KINDS, Korean Integrated News Database System)를 바탕으로 새롭게 구축한 서비스다.",
                "sentenceSize": 92
            },
            {
                "sentenceNo": 3,
                "sentenceContent": "한국언론진흥재단(언론재단)은 지난 19일 빅카인즈 설명회를 갖고 실시간 뉴스 데이터를 기반으로 일반인에 유용한 정보와 언론인에게 필요한 분석 도구를 다양하게 제공하겠다고 밝혔다.",
                "sentenceSize": 99
            },
            {
                "sentenceNo": 4,
                "sentenceContent": "빅카인즈는 언론사가 실시간으로 보내는 데이터를 기반으로 한다.",
                "sentenceSize": 34
            },
            {
                "sentenceNo": 5,
                "sentenceContent": "언론재단은 자동분류시스템으로 기사를 주제별, 명사별로 분류한다.",
                "sentenceSize": 35
            },
            {
                "sentenceNo": 6,
                "sentenceContent": "눈에 띄는 기능은 택소노미(분류체계)라 불리는 검색어 확장 서비스다.",
                "sentenceSize": 38
            },
            {
                "sentenceNo": 7,
                "sentenceContent": "기존에는 '대통령'이란 단어를 검색하면 대통령이란 단어가 들어간 모든 기사가 등장하지만 택소노미를 활용하면 연산자(AND, OR)를 미리 연결해 박근혜·박정희·대통령이란 단어가 포함되고 김대중·노무현이란 단어가 제외된 기사만 쉽게 골라 분석할 수 있다.",
                "sentenceSize": 141
            },
            {
                "sentenceNo": 8,
                "sentenceContent": "빅카인즈는 일반인용 서비스와 함께 언론인용 분석도구를 따로 제공한다.",
                "sentenceSize": 38
            },
            {
                "sentenceNo": 9,
                "sentenceContent": "이를 이용하면 기사작성에 도움이 될 것으로 보인다.",
                "sentenceSize": 28
            },
            {
                "sentenceNo": 10,
                "sentenceContent": "예컨대 매체별로 민경욱 전 대변인의 세월호 참사 관련 코멘트만 간편하게 확인해 인쇄할 수 있다. '박희태 성추행' 같은 사건사고를 검색하면 해당 사건과 관련한 기사 트랜드를 타임라인으로 볼 수 있는 기능도 있다.",
                "sentenceSize": 118
            },
            {
                "sentenceNo": 11,
                "sentenceContent": "오늘 언론이 가장 많이 인용한 인용문이나 정보원도 추출할 수 있다. '세월호'의 뉴스 언급 빈도 추이를 시기별 그래프 형태로 분석할 수도 있다.",
                "sentenceSize": 80
            },
            {
                "sentenceNo": 12,
                "sentenceContent": "언론재단 빅데이터팀 관계자는 \\\"막대, 도넛, 방사형 등 다양한 시각화 요소를 구성한 뒤 기사 작성 시 웹페이지에 링크만 걸면 바로 사용할 수 있다\\\"고 설명했다.",
                "sentenceSize": 91
            },
            {
                "sentenceNo": 13,
                "sentenceContent": "빅카인즈에서 눈에 띄는 서비스는 실시간으로 제공하는 '오늘의 뉴스키워드'다.",
                "sentenceSize": 42
            },
            {
                "sentenceNo": 14,
                "sentenceContent": "언론재단은 매일 수집되는 뉴스를 분석하고 이슈 키워드를 자동으로 추출해 특정일의 이슈 키워드 10개를 실시간으로 제공할 예정이다.",
                "sentenceSize": 72
            },
            {
                "sentenceNo": 15,
                "sentenceContent": "이는 사실상 포털사이트 '실시간검색어'처럼 그날의 주요 이슈를 한 눈에 알아볼 수 있게끔 도와준다.",
                "sentenceSize": 55
            },
            {
                "sentenceNo": 16,
                "sentenceContent": "언론재단은 향후 세세한 기술적 문제를 해결하고 언론인용 분석도구를 고도화하는 한편 소셜 데이터 분석 기능을 추가해 뉴스와 SNS 간의 상관성을 분석해 나갈 계획이다.",
                "sentenceSize": 92
            },
            {
                "sentenceNo": 17,
                "sentenceContent": "외부의 공공 데이터베이스를 수집해 뉴스 빅데이터와 융합·분석할 계획도 갖고 있다.",
                "sentenceSize": 45
            },
            {
                "sentenceNo": 18,
                "sentenceContent": "언론재단은 정부3.0정책 일환으로 뉴스콘텐츠와 빅데이터 기술의 결합을 통해 뉴스의 사회적 활용 가치를 높이고자 2015년부터 '뉴스빅데이터 분석시스템 구축' 사업을 실시했다.",
                "sentenceSize": 97
            },
            {
                "sentenceNo": 19,
                "sentenceContent": "이번 빅카인즈 시스템은 기술조사에 3개월, 구축에 6개월이 소요됐다.",
                "sentenceSize": 38
            },
            {
                "sentenceNo": 20,
                "sentenceContent": "언론재단은 카인즈를 통해 구축된 25년 치 뉴스데이터를 활용하는 한편 앞으로 1945년 해방 이후 모든 기사를 분석할 기반을 조성할 예정이다.",
                "sentenceSize": 79
            }
        ]
    }
}