{
    "sourceDataInfo": {
        "newsID": "SO_M06_905278",
        "newsCategory": "사회",
        "newsSubcategory": "사회,전국,수도권",
        "newsTitle": "경기도, 지자체 최초 中企‘ESG경영 기반 조성’사업 시행",
        "newsSubTitle": "null",
        "newsContent": "경기도는 올해부터 1억원을 들여 광역지자체 최초로 도내 중소기업의 이에스지(ESG, 환경·사회·지배구조) 경영 도입을 지원하는 ‘중소기업 ESG 경영 기반 도입 조성사업’을 시행한다고 18일 밝혔다.\n이 사업은 최근 탄소중립이나 기업의 사회적 책임 강화 등 국제규범의 대두, 글로벌 통상환경 변화 가속화 등으로 기업의 ESG 경영 요구가 커진 데 따라 도 차원의 체계적 지원을 목적으로 도입됐다.\n사업은 크게 ‘도내 우수 중소기업 ESG 진단평가 지원’과 ‘ESG 경영 기본교육과정’, ‘ESG 교육 컨텐츠 보급’ 등이다.\nESG 진단평가 지원은 ESG 경영 도입을 희망하는 도내 중소기업을 대상으로 신용평가사가 직접 현장 진단 및 자료 검증을 추진, 해당 업체의 ESG 수준 및 개선사항 등을 평가하는 분야다.\n해당 기업은 ESG 평가보고서와 ESG 수준 제고를 위한 개선방안을 받을 수 있어 국제 수준에 걸맞은 ESG 도입에 큰 도움이 될 것으로 보인다.\n올해 사업 대상은 도내 본사나 공장을 두고 3년 이상 가동 중인 중소기업으로, 공모를 통해 최종 지원 업체를 선정한다.\n참여 희망 기업은 3월 7일부터 4월 8일까지 이지비즈를 통해 온라인 신청하면 된다.\nESG 경영 기본교육과정은 ESG 경영에 대한 이해와 참여 유도를 위해 신설된 프로그램으로, 중소기업 임직원을 대상으로 진행될 예정이다.\n오는 5월부터 분기별로 100명씩 총 3회(총 300명)에 걸쳐 실시간 비대면 방식으로 개최될 예정이다.\nESG에 대한 이해와 중요성, 도입 방법 등에 대해 교육을 진행하게 된다.\n또 ESG 인식 개선·확산을 위해 ‘ESG 교육 콘텐츠 보급’도 추진한다.\n도민 누구나 수강할 수 있는 경기도평생학습포털(GSEEK)에 5편의 콘텐츠를 게시하고, 이지비즈에 등록된 도내 중소기업(12만 개 사)과 경제단체·기관을 대상上으로 3편의 교육용 자료를 보급해 활용토록 할 예정이다.\n이 밖에도 도는 중소기업 ESG 도입 지원과 함께 도 산하 공공기관의 ESG 선행 도입으로 민간 기업의 ESG 확산을 선도한다는 계획이다.\n이를 위해 경기도경제과학진흥원을 ‘ESG 선도기관’으로 선정, 올해 상반기 중 ESG 경영 도입을 위한 공공 표준모델 개발에 착수한다.\n해당 모델을 도 공공기관 전체로 확대해 ESG 경영 확산에 앞장서겠다는 구상이다.\n류광열 경기도 경제실장은 “경제·산업구조 전환기를 맞아 ESG 경영은 더 이상 선택이 아닌 필수가 됐다. 이는 중소기업에도 마찬가지”라며 “ESG 경영 도입과 확산을 통해 도내 중소기업이 지속 가능한 성장 기반을 다질 수 있도록 경기도가 선도적인 역할을 하겠다”고 말했다.",
        "partNum": "P2",
        "useType": 1,
        "processType": "A",
        "processPattern": "00",
        "processLevel": "하",
        "sentenceCount": 16,
        "processSentencenum": 0,
        "sentenceInfo": [
            {
                "sentenceNo": 1,
                "sentenceContent": "경기도는 올해부터 1억원을 들여 광역지자체 최초로 도내 중소기업의 이에스지(ESG, 환경·사회·지배구조) 경영 도입을 지원하는 ‘중소기업 ESG 경영 기반 도입 조성사업’을 시행한다고 18일 밝혔다.",
                "sentenceSize": 111
            },
            {
                "sentenceNo": 2,
                "sentenceContent": "이 사업은 최근 탄소중립이나 기업의 사회적 책임 강화 등 국제규범의 대두, 글로벌 통상환경 변화 가속화 등으로 기업의 ESG 경영 요구가 커진 데 따라 도 차원의 체계적 지원을 목적으로 도입됐다.",
                "sentenceSize": 109
            },
            {
                "sentenceNo": 3,
                "sentenceContent": "사업은 크게 ‘도내 우수 중소기업 ESG 진단평가 지원’과 ‘ESG 경영 기본교육과정’, ‘ESG 교육 컨텐츠 보급’ 등이다.",
                "sentenceSize": 70
            },
            {
                "sentenceNo": 4,
                "sentenceContent": "ESG 진단평가 지원은 ESG 경영 도입을 희망하는 도내 중소기업을 대상으로 신용평가사가 직접 현장 진단 및 자료 검증을 추진, 해당 업체의 ESG 수준 및 개선사항 등을 평가하는 분야다.",
                "sentenceSize": 105
            },
            {
                "sentenceNo": 5,
                "sentenceContent": "해당 기업은 ESG 평가보고서와 ESG 수준 제고를 위한 개선방안을 받을 수 있어 국제 수준에 걸맞은 ESG 도입에 큰 도움이 될 것으로 보인다.",
                "sentenceSize": 81
            },
            {
                "sentenceNo": 6,
                "sentenceContent": "올해 사업 대상은 도내 본사나 공장을 두고 3년 이상 가동 중인 중소기업으로, 공모를 통해 최종 지원 업체를 선정한다.",
                "sentenceSize": 66
            },
            {
                "sentenceNo": 7,
                "sentenceContent": "참여 희망 기업은 3월 7일부터 4월 8일까지 이지비즈를 통해 온라인 신청하면 된다.",
                "sentenceSize": 47
            },
            {
                "sentenceNo": 8,
                "sentenceContent": "ESG 경영 기본교육과정은 ESG 경영에 대한 이해와 참여 유도를 위해 신설된 프로그램으로, 중소기업 임직원을 대상으로 진행될 예정이다.",
                "sentenceSize": 76
            },
            {
                "sentenceNo": 9,
                "sentenceContent": "오는 5월부터 분기별로 100명씩 총 3회(총 300명)에 걸쳐 실시간 비대면 방식으로 개최될 예정이다.",
                "sentenceSize": 58
            },
            {
                "sentenceNo": 10,
                "sentenceContent": "ESG에 대한 이해와 중요성, 도입 방법 등에 대해 교육을 진행하게 된다.",
                "sentenceSize": 41
            },
            {
                "sentenceNo": 11,
                "sentenceContent": "또 ESG 인식 개선·확산을 위해 ‘ESG 교육 콘텐츠 보급’도 추진한다.",
                "sentenceSize": 41
            },
            {
                "sentenceNo": 12,
                "sentenceContent": "도민 누구나 수강할 수 있는 경기도평생학습포털(GSEEK)에 5편의 콘텐츠를 게시하고, 이지비즈에 등록된 도내 중소기업(12만 개 사)과 경제단체·기관을 대상上으로 3편의 교육용 자료를 보급해 활용토록 할 예정이다.",
                "sentenceSize": 120
            },
            {
                "sentenceNo": 13,
                "sentenceContent": "이 밖에도 도는 중소기업 ESG 도입 지원과 함께 도 산하 공공기관의 ESG 선행 도입으로 민간 기업의 ESG 확산을 선도한다는 계획이다.",
                "sentenceSize": 77
            },
            {
                "sentenceNo": 14,
                "sentenceContent": "이를 위해 경기도경제과학진흥원을 ‘ESG 선도기관’으로 선정, 올해 상반기 중 ESG 경영 도입을 위한 공공 표준모델 개발에 착수한다.",
                "sentenceSize": 75
            },
            {
                "sentenceNo": 15,
                "sentenceContent": "해당 모델을 도 공공기관 전체로 확대해 ESG 경영 확산에 앞장서겠다는 구상이다.",
                "sentenceSize": 45
            },
            {
                "sentenceNo": 16,
                "sentenceContent": "류광열 경기도 경제실장은 “경제·산업구조 전환기를 맞아 ESG 경영은 더 이상 선택이 아닌 필수가 됐다. 이는 중소기업에도 마찬가지”라며 “ESG 경영 도입과 확산을 통해 도내 중소기업이 지속 가능한 성장 기반을 다질 수 있도록 경기도가 선도적인 역할을 하겠다”고 말했다.",
                "sentenceSize": 152
            }
        ]
    }
}