{
    "sourceDataInfo": {
        "newsID": "SO_M06_902051",
        "newsCategory": "사회",
        "newsSubcategory": "사회,법조,법조",
        "newsTitle": "'특별사면' 박근혜, 오늘 밤 12시 석방…17년3개월형 면제",
        "newsSubTitle": "null",
        "newsContent": "박근혜(69) 전 대통령이 신년 특별사면으로 30일 밤 12시 풀려난다.\n법무부에 따르면 박 전 대통령의 석방 절차는 사면의 효력이 발생하는 31일 0시를 전후로 현재 입원 중인 서울 강남구 삼성서울병원에서 이뤄진다.\n국정농단 사건 등으로 징역 22년을 확정받고 서울구치소에서 수감생활을 해온 박 전 대통령은 최근 건강이 나빠져 최소 내년 2월 2일까지는 병원에 입원해 치료를 받을 것으로 알려졌다.\n측근인 유영하 변호사 등 소수 외에는 외부인 접촉도 차단돼있다.\n박 전 대통령은 지병으로 지난달 22일 입원 후 한 달간 치료를 받을 예정이었다가 이후 6주 이상 입원이 필요하다는 전문의 소견을 받았다.\n박범계 법무부 장관은 전날 법조 출입기자 간담회에서도 \\\"병원 3개 진료과의 소견서를 다시 봤더니 소견서 정도가 아니라 진단서였다\\\"며 \\\"서울성모병원 입원 과정 등 어떻게 치료받았는지 내용도 보태져 사면 결정에 이르렀다\\\"고 밝혔다.\n박 전 대통령은 사면·복권돼 풀려나지만 전직대통령 예우에 관한 법률에 따른 전직 대통령으로서의 예우는 받지 못하고 경호만 지원받는다.\n박 전 대통령의 경호는 대통령 등의 경호에 관한 법률에 따라 일단 대통령경호처가 맡는다.\n법률에 따르면 대통령이 임기 만료 전 퇴임한 경우 경호 기간은 그로부터 5년간이다.\n박 전 대통령은 4년 9개월간 구속돼 있었으므로 원칙적으로는 3개월 후, 내년 3월 초면 경호처의 경호가 끝나 경찰로 이첩된다.\n하지만 '그 밖에 처장이 경호가 필요하다고 인정하는 국내외 요인'도 경호할 수 있도록 한 조항이 포함된 만큼 경호처와 경찰 간 논의가 이뤄질 것으로 보인다.\n박 전 대통령은 올해 1월 국정농단과 국가정보원 특수활동비 상납 등 혐의로 대법원에서 징역 20년과 벌금 180억원, 추징금 35억원을 확정받았다.\n2018년 11월에는 옛 새누리당(현 국민의힘)의 공천 과정에 불법 개입한 혐의로 징역 2년이 추가 확정됐다.\n박 전 대통령은 2017년 3월 31일 구속 이후 1,736일(4년9개월)간 수감 생활을 했다.\n이번 사면으로 박 전 대통령은 남은 17년3개월형과 아직 내지 않은 벌금 150억여원을 면제받는다.",
        "partNum": "P2",
        "useType": 1,
        "processType": "A",
        "processPattern": "00",
        "processLevel": "하",
        "sentenceCount": 15,
        "processSentencenum": 0,
        "sentenceInfo": [
            {
                "sentenceNo": 1,
                "sentenceContent": "박근혜(69) 전 대통령이 신년 특별사면으로 30일 밤 12시 풀려난다.",
                "sentenceSize": 40
            },
            {
                "sentenceNo": 2,
                "sentenceContent": "법무부에 따르면 박 전 대통령의 석방 절차는 사면의 효력이 발생하는 31일 0시를 전후로 현재 입원 중인 서울 강남구 삼성서울병원에서 이뤄진다.",
                "sentenceSize": 80
            },
            {
                "sentenceNo": 3,
                "sentenceContent": "국정농단 사건 등으로 징역 22년을 확정받고 서울구치소에서 수감생활을 해온 박 전 대통령은 최근 건강이 나빠져 최소 내년 2월 2일까지는 병원에 입원해 치료를 받을 것으로 알려졌다.",
                "sentenceSize": 101
            },
            {
                "sentenceNo": 4,
                "sentenceContent": "측근인 유영하 변호사 등 소수 외에는 외부인 접촉도 차단돼있다.",
                "sentenceSize": 35
            },
            {
                "sentenceNo": 5,
                "sentenceContent": "박 전 대통령은 지병으로 지난달 22일 입원 후 한 달간 치료를 받을 예정이었다가 이후 6주 이상 입원이 필요하다는 전문의 소견을 받았다.",
                "sentenceSize": 77
            },
            {
                "sentenceNo": 6,
                "sentenceContent": "박범계 법무부 장관은 전날 법조 출입기자 간담회에서도 \\\"병원 3개 진료과의 소견서를 다시 봤더니 소견서 정도가 아니라 진단서였다\\\"며 \\\"서울성모병원 입원 과정 등 어떻게 치료받았는지 내용도 보태져 사면 결정에 이르렀다\\\"고 밝혔다.",
                "sentenceSize": 131
            },
            {
                "sentenceNo": 7,
                "sentenceContent": "박 전 대통령은 사면·복권돼 풀려나지만 전직대통령 예우에 관한 법률에 따른 전직 대통령으로서의 예우는 받지 못하고 경호만 지원받는다.",
                "sentenceSize": 74
            },
            {
                "sentenceNo": 8,
                "sentenceContent": "박 전 대통령의 경호는 대통령 등의 경호에 관한 법률에 따라 일단 대통령경호처가 맡는다.",
                "sentenceSize": 49
            },
            {
                "sentenceNo": 9,
                "sentenceContent": "법률에 따르면 대통령이 임기 만료 전 퇴임한 경우 경호 기간은 그로부터 5년간이다.",
                "sentenceSize": 46
            },
            {
                "sentenceNo": 10,
                "sentenceContent": "박 전 대통령은 4년 9개월간 구속돼 있었으므로 원칙적으로는 3개월 후, 내년 3월 초면 경호처의 경호가 끝나 경찰로 이첩된다.",
                "sentenceSize": 71
            },
            {
                "sentenceNo": 11,
                "sentenceContent": "하지만 '그 밖에 처장이 경호가 필요하다고 인정하는 국내외 요인'도 경호할 수 있도록 한 조항이 포함된 만큼 경호처와 경찰 간 논의가 이뤄질 것으로 보인다.",
                "sentenceSize": 87
            },
            {
                "sentenceNo": 12,
                "sentenceContent": "박 전 대통령은 올해 1월 국정농단과 국가정보원 특수활동비 상납 등 혐의로 대법원에서 징역 20년과 벌금 180억원, 추징금 35억원을 확정받았다.",
                "sentenceSize": 82
            },
            {
                "sentenceNo": 13,
                "sentenceContent": "2018년 11월에는 옛 새누리당(현 국민의힘)의 공천 과정에 불법 개입한 혐의로 징역 2년이 추가 확정됐다.",
                "sentenceSize": 61
            },
            {
                "sentenceNo": 14,
                "sentenceContent": "박 전 대통령은 2017년 3월 31일 구속 이후 1,736일(4년9개월)간 수감 생활을 했다.",
                "sentenceSize": 53
            },
            {
                "sentenceNo": 15,
                "sentenceContent": "이번 사면으로 박 전 대통령은 남은 17년3개월형과 아직 내지 않은 벌금 150억여원을 면제받는다.",
                "sentenceSize": 55
            }
        ]
    }
}