{
    "sourceDataInfo": {
        "newsID": "SO_M06_890022",
        "newsCategory": "사회",
        "newsSubcategory": "사회,전국,수도권",
        "newsTitle": "포천시, 용정일반산업단지 100% 분양 완료…'지역경제 청신호'",
        "newsSubTitle": "null",
        "newsContent": "경기 포천시는 군내면 용정리 일원에 있는 용정일반산업단지 분양이 100% 완료돼 지역경제 활성화에 파란불이 켜졌다고 29일 밝혔다.\n용정일반산업단지는 규모 94만㎡로 조성된 산업단지다.\n현재 지식산업센터, 식료품, 기계 및 장비, 가구, 물류 등 환경 오염이 적은 업종만을 유치해 시민들의 환경권 보호와 다른 산업단지에서는 느낄 수 없는 쾌적한 환경을 한층 더 높였다.\n또 이미 입주한 80개 기업과 앞으로 입주할 30개의 기업 등 앞으로 2~3년 안에 110여개 업체가 본격적으로 가동될 예정이다.\n시는 포천나들목(IC) 인근 최적의 교통 입지를 갖춘 산업단지를 2012년 착공해 4년 간의 공사를 거쳤다.\n2016년 9월 준공 후 본격적인 기업 유치에 돌입했다.",
        "partNum": "P2",
        "useType": 1,
        "processType": "A",
        "processPattern": "00",
        "processLevel": "하",
        "sentenceCount": 6,
        "processSentencenum": 0,
        "sentenceInfo": [
            {
                "sentenceNo": 1,
                "sentenceContent": "경기 포천시는 군내면 용정리 일원에 있는 용정일반산업단지 분양이 100% 완료돼 지역경제 활성화에 파란불이 켜졌다고 29일 밝혔다.",
                "sentenceSize": 73
            },
            {
                "sentenceNo": 2,
                "sentenceContent": "용정일반산업단지는 규모 94만㎡로 조성된 산업단지다.",
                "sentenceSize": 29
            },
            {
                "sentenceNo": 3,
                "sentenceContent": "현재 지식산업센터, 식료품, 기계 및 장비, 가구, 물류 등 환경 오염이 적은 업종만을 유치해 시민들의 환경권 보호와 다른 산업단지에서는 느낄 수 없는 쾌적한 환경을 한층 더 높였다.",
                "sentenceSize": 102
            },
            {
                "sentenceNo": 4,
                "sentenceContent": "또 이미 입주한 80개 기업과 앞으로 입주할 30개의 기업 등 앞으로 2~3년 안에 110여개 업체가 본격적으로 가동될 예정이다.",
                "sentenceSize": 72
            },
            {
                "sentenceNo": 5,
                "sentenceContent": "시는 포천나들목(IC) 인근 최적의 교통 입지를 갖춘 산업단지를 2012년 착공해 4년 간의 공사를 거쳤다.",
                "sentenceSize": 60
            },
            {
                "sentenceNo": 6,
                "sentenceContent": "2016년 9월 준공 후 본격적인 기업 유치에 돌입했다.",
                "sentenceSize": 31
            }
        ]
    }
}