{
    "sourceDataInfo": {
        "newsID": "SO_M06_880022",
        "newsCategory": "사회",
        "newsSubcategory": "사회,전국,수도권",
        "newsTitle": "인천항만공사 노조 \\\"부사장 16명 중 14명 낙하산…더 못 참아\\\"",
        "newsSubTitle": "오는 4월 임기 만료 경영·운영 부사장 후임에 낙하산 임명 반대",
        "newsContent": "해양수산부 산하 인천항만공사(IPA) 노동조합이 관행적으로 이뤄져 온 자사 임원에 대한 '낙하산 인사'에 반발하며 집단행동을 예고하고 나섰다.\nIPA노조는 1일 성명을 통해 \\\"오는 4월 임기가 끝나는 경영부사장과 운영부사장 자리에 또 낙하산 인사를 내려 보내는 것에 결사반대한다\\\"고 밝혔다.\n2005년 설립된 IPA는 사장과 3명의 부사장 등 총 4명의 상임이사 체제로 운영되는데 임원 임명은 해수부와 청와대의 인사 검증을 거쳐 최종 결정된다.\n노조는 \\\"IPA 창립 이래 임원은 미리 대상자를 정해놓고 외형상으로만 관련 법의 절차에 따른 구색 맞추기에 급급했다\\\"며 \\\"역대 16명의 부사장 중 14명이 낙하산 출신이었다\\\"고 주장했다.\n노조는 이어 \\\"낙하산 임원 중 정치권 출신은 전문지식과 행정 경험이 부족했고, 정치권에 줄을 댄 민간기업 출신도 인천 연고나 근무경력이 없는 무자격자들이었다\\\"며 \\\"공기업 가운데 IPA처럼 낙하산으로만 임원이 구성된 공기업은 극히 드물다\\\"고 비판했다.\n국내 다른 항만공사들의 경우 기업 내부 역량을 결집하고 업무 추진의 전문성을 강화하는 차원에서 일정 비율의 임원을 내부 승진으로 선임하고 있다.\n현재 부산항만공사는 부사장 3명 중 2명이, 울산항만공사와 여수광양항만공사는 각각 2명의 부사장 중 1명이 내부 직원 출신이다.\n노조는 \\\"낙하산 인사가 또다시 감행되면 해수부 장관에게 그 책임을 물어 부당함을 알리는 여론투쟁과 노동 관련 법에 따른 단체행동도 불사하겠다\\\"며 \\\"이어 한국노총 전국공공산업노동조합연맹, 전국해양수산노동조합연합과 연계해 강력한 투쟁을 전개하겠다\\\"고 강조했다.",
        "partNum": "P2",
        "useType": 1,
        "processType": "A",
        "processPattern": "00",
        "processLevel": "하",
        "sentenceCount": 8,
        "processSentencenum": 0,
        "sentenceInfo": [
            {
                "sentenceNo": 1,
                "sentenceContent": "해양수산부 산하 인천항만공사(IPA) 노동조합이 관행적으로 이뤄져 온 자사 임원에 대한 '낙하산 인사'에 반발하며 집단행동을 예고하고 나섰다.",
                "sentenceSize": 79
            },
            {
                "sentenceNo": 2,
                "sentenceContent": "IPA노조는 1일 성명을 통해 \\\"오는 4월 임기가 끝나는 경영부사장과 운영부사장 자리에 또 낙하산 인사를 내려 보내는 것에 결사반대한다\\\"고 밝혔다.",
                "sentenceSize": 84
            },
            {
                "sentenceNo": 3,
                "sentenceContent": "2005년 설립된 IPA는 사장과 3명의 부사장 등 총 4명의 상임이사 체제로 운영되는데 임원 임명은 해수부와 청와대의 인사 검증을 거쳐 최종 결정된다.",
                "sentenceSize": 85
            },
            {
                "sentenceNo": 4,
                "sentenceContent": "노조는 \\\"IPA 창립 이래 임원은 미리 대상자를 정해놓고 외형상으로만 관련 법의 절차에 따른 구색 맞추기에 급급했다\\\"며 \\\"역대 16명의 부사장 중 14명이 낙하산 출신이었다\\\"고 주장했다.",
                "sentenceSize": 108
            },
            {
                "sentenceNo": 5,
                "sentenceContent": "노조는 이어 \\\"낙하산 임원 중 정치권 출신은 전문지식과 행정 경험이 부족했고, 정치권에 줄을 댄 민간기업 출신도 인천 연고나 근무경력이 없는 무자격자들이었다\\\"며 \\\"공기업 가운데 IPA처럼 낙하산으로만 임원이 구성된 공기업은 극히 드물다\\\"고 비판했다.",
                "sentenceSize": 143
            },
            {
                "sentenceNo": 6,
                "sentenceContent": "국내 다른 항만공사들의 경우 기업 내부 역량을 결집하고 업무 추진의 전문성을 강화하는 차원에서 일정 비율의 임원을 내부 승진으로 선임하고 있다.",
                "sentenceSize": 80
            },
            {
                "sentenceNo": 7,
                "sentenceContent": "현재 부산항만공사는 부사장 3명 중 2명이, 울산항만공사와 여수광양항만공사는 각각 2명의 부사장 중 1명이 내부 직원 출신이다.",
                "sentenceSize": 71
            },
            {
                "sentenceNo": 8,
                "sentenceContent": "노조는 \\\"낙하산 인사가 또다시 감행되면 해수부 장관에게 그 책임을 물어 부당함을 알리는 여론투쟁과 노동 관련 법에 따른 단체행동도 불사하겠다\\\"며 \\\"이어 한국노총 전국공공산업노동조합연맹, 전국해양수산노동조합연합과 연계해 강력한 투쟁을 전개하겠다\\\"고 강조했다.",
                "sentenceSize": 147
            }
        ]
    }
}