{
    "sourceDataInfo": {
        "newsID": "SO_M06_886549",
        "newsCategory": "사회",
        "newsSubcategory": "사회,전국,수도권",
        "newsTitle": "경기도, '2021 플레이엑스포 수출상담회' 개막…900여건 진행",
        "newsSubTitle": "null",
        "newsContent": "수도권 최대 규모 융·복합 게임산업전시회 ‘2021 플레이엑스포 B2B 수출상담회’가 10일 온라인 개막식을 시작으로 5일간 진행된다.\n경기도가 주최하고 경기콘텐츠진흥원이 주관하는 플레이엑스포 B2B(Business to Business 기업 간 전자상거래) 수출상담회는 각국 바이어들과 온라인으로 게임 콘텐츠 수출상담을 24시간 진행한다.\n이번 수출상담회에는 이미 300여개의 바이어와 개발사가 참여 신청을 완료했다.\n특히 세계적 게임기업인 미국의 엑스박스(XBox), 일본의 세가(SEGA)를 비롯해 북·남미 14개사, 아시아 137개사가 참여한다.\n또 아르헨티나·멕시코·오스트리아 등 다양한 권역에서 처음 참가하는 바이어들이 많아져 개발사의 미팅 수요 역시 증가한 것으로 보인다.\n개막 전에 이미 915건의 온라인 수출 상담이 예정돼 현재 순조롭게 상담이 진행되고 있다.\n행사기간 중에도 참가 신청 및 현장 매칭이 가능하므로 최종 상담 건수는 더 늘어날 것으로 도는 기대하고 있다.",
        "partNum": "P2",
        "useType": 1,
        "processType": "A",
        "processPattern": "00",
        "processLevel": "하",
        "sentenceCount": 7,
        "processSentencenum": 0,
        "sentenceInfo": [
            {
                "sentenceNo": 1,
                "sentenceContent": "수도권 최대 규모 융·복합 게임산업전시회 ‘2021 플레이엑스포 B2B 수출상담회’가 10일 온라인 개막식을 시작으로 5일간 진행된다.",
                "sentenceSize": 75
            },
            {
                "sentenceNo": 2,
                "sentenceContent": "경기도가 주최하고 경기콘텐츠진흥원이 주관하는 플레이엑스포 B2B(Business to Business 기업 간 전자상거래) 수출상담회는 각국 바이어들과 온라인으로 게임 콘텐츠 수출상담을 24시간 진행한다.",
                "sentenceSize": 114
            },
            {
                "sentenceNo": 3,
                "sentenceContent": "이번 수출상담회에는 이미 300여개의 바이어와 개발사가 참여 신청을 완료했다.",
                "sentenceSize": 43
            },
            {
                "sentenceNo": 4,
                "sentenceContent": "특히 세계적 게임기업인 미국의 엑스박스(XBox), 일본의 세가(SEGA)를 비롯해 북·남미 14개사, 아시아 137개사가 참여한다.",
                "sentenceSize": 74
            },
            {
                "sentenceNo": 5,
                "sentenceContent": "또 아르헨티나·멕시코·오스트리아 등 다양한 권역에서 처음 참가하는 바이어들이 많아져 개발사의 미팅 수요 역시 증가한 것으로 보인다.",
                "sentenceSize": 73
            },
            {
                "sentenceNo": 6,
                "sentenceContent": "개막 전에 이미 915건의 온라인 수출 상담이 예정돼 현재 순조롭게 상담이 진행되고 있다.",
                "sentenceSize": 50
            },
            {
                "sentenceNo": 7,
                "sentenceContent": "행사기간 중에도 참가 신청 및 현장 매칭이 가능하므로 최종 상담 건수는 더 늘어날 것으로 도는 기대하고 있다.",
                "sentenceSize": 61
            }
        ]
    }
}