{
    "sourceDataInfo": {
        "newsID": "SO_M06_911153",
        "newsCategory": "사회",
        "newsSubcategory": "사회,전국,수도권",
        "newsTitle": "경기주택도시공사, 동탄2신도시 호수공원·장지천에 힐링공간 조성",
        "newsSubTitle": "null",
        "newsContent": "경기주택도시공사(GH)는 동탄2신도시 내 호수공원과 장지천의 경관 개선을 위해 야간 경관 조명을 설치했다고 18일 밝혔다.\n동탄호수공원은 산척저수지와 송방천을 중심으로 주거와 문화복합시설, 공원 등이 함께 어우러진 친환경 수변 문화공원으로 2019 대한민국 국토대전에서 국토부장관상을 받은 지역 명소이다.\n화성시 동탄면 장지리 일원에 있는 장지천은 지난해 GH가 벚꽃길을 조성하여 지역주민들이 즐겨 찾는 장소이다.\nGH는 산책로 주변에 토끼·별·민들레 모양의 LED 경관조명을 설치하고, 수문, 교량 등 구조물에는 라인조명을 설치하여 파노라마 연출 등이 가능하도록 했다.\nGH는 시민들에게 즐길 거리를 제공을 위해 하트, 초승달, 보름달 모양의 LED조형물을 활용한 포토존을 설치했다.\nGH 관계자는 “이번 조명 설치를 통해 시민들의 특별한 볼거리가 되고, 호수공원과 장지천이 마음 편히 쉬고 머물 수 있는 공간이 되길 바란다”고 말했다.",
        "partNum": "P2",
        "useType": 1,
        "processType": "A",
        "processPattern": "00",
        "processLevel": "하",
        "sentenceCount": 6,
        "processSentencenum": 0,
        "sentenceInfo": [
            {
                "sentenceNo": 1,
                "sentenceContent": "경기주택도시공사(GH)는 동탄2신도시 내 호수공원과 장지천의 경관 개선을 위해 야간 경관 조명을 설치했다고 18일 밝혔다.",
                "sentenceSize": 68
            },
            {
                "sentenceNo": 2,
                "sentenceContent": "동탄호수공원은 산척저수지와 송방천을 중심으로 주거와 문화복합시설, 공원 등이 함께 어우러진 친환경 수변 문화공원으로 2019 대한민국 국토대전에서 국토부장관상을 받은 지역 명소이다.",
                "sentenceSize": 101
            },
            {
                "sentenceNo": 3,
                "sentenceContent": "화성시 동탄면 장지리 일원에 있는 장지천은 지난해 GH가 벚꽃길을 조성하여 지역주민들이 즐겨 찾는 장소이다.",
                "sentenceSize": 60
            },
            {
                "sentenceNo": 4,
                "sentenceContent": "GH는 산책로 주변에 토끼·별·민들레 모양의 LED 경관조명을 설치하고, 수문, 교량 등 구조물에는 라인조명을 설치하여 파노라마 연출 등이 가능하도록 했다.",
                "sentenceSize": 87
            },
            {
                "sentenceNo": 5,
                "sentenceContent": "GH는 시민들에게 즐길 거리를 제공을 위해 하트, 초승달, 보름달 모양의 LED조형물을 활용한 포토존을 설치했다.",
                "sentenceSize": 63
            },
            {
                "sentenceNo": 6,
                "sentenceContent": "GH 관계자는 “이번 조명 설치를 통해 시민들의 특별한 볼거리가 되고, 호수공원과 장지천이 마음 편히 쉬고 머물 수 있는 공간이 되길 바란다”고 말했다.",
                "sentenceSize": 85
            }
        ]
    }
}