{
    "sourceDataInfo": {
        "newsID": "SO_M06_879016",
        "newsCategory": "사회",
        "newsSubcategory": "사회,전국,수도권",
        "newsTitle": "평택항과 서해·경부선 잇는‘포승~평택 단선철도’건설 '탄력'",
        "newsSubTitle": "제4차 전국항만기본계획에 평택항 인입철도 건설 위한 부지매립 계획 반영",
        "newsContent": "그동안 속도를 내지 못했던 평택항 ‘포승~평택 단선철도 건설 사업’이 탄력을 받게 됐다.\n이는 ‘제4차 전국항만기본계획’에 평택항 인입철도 건설을 위한 부지매립 계획이 반영됐기 때문이다.\n17일 경기도에 따르면 이 사업은 늘어나는 평택항 물동량 대비하고 서해선·경부선과 연계수송 체계를 확립하기 위해 경부선 평택역과 평택항을 연결하는 총 30.3㎞의 철도를 건설하는 사업이다.\n이 사업에 들어가는 비용은 모두 7,168억원이다.\n지난 2010년 11월 첫 삽을 뜬 이래 2015년 2월 ‘1공사구역(평택~숙성)’을 개통했으며, ‘2공사구역(숙성~안중)’은 2017년 5월 착공해 현재 공사가 한창이다.\n하지만 나머지 ‘3공사구역(안중~포승)’은 노선이 먼바다로 이어져 평택항 부지매립이 반드시 선행돼야만 추진할 수 있다.\n해양수산부의 10년 단위 국가계획인 ‘제4차 전국항만기본계획(2021~2030년)’에 매립계획이 반영되지 않을 경우, 철도사업 추진이 10년 이상 지연될 수 있는 상황이었다.\n이에 도는 평택시, 경기평택항만공사 등과 협조체계를 구축해 이 노선의 당위성과 부지매립의 필요성을 해양수산부에 지속해서 건의했다.\n그 결과 철도건설 부지매립계획이 해양수산부가 지난해 12월 30일 고시한 ‘제4차 전국항만기본계획’에 포함되는 데 성공했다.\n구체적으로 철도 건설 부지(항만시설용부지 251만3,000㎡, 항만배후단지 444만9,000㎡) 총 696만2,000㎡에 대한 세부 매립계획이 담겼으며, 접근성 제고를 위한 배후수송망의 조기 확충, 철도 인입 시설의 위치와 개발 시기 확정 추진 등 철도 인입의 필요성이 충분히 반영됐다.\n도는 이번 계획을 토대로 오는 2030년 이내에 부지매립과 함께 ‘포승∼평택 단선철도 건설 사업’이 완료될 수 있도록 관계기관과 지속 협의해 나가겠다는 계획이다.\n이계삼 경기도 철도항만물류국장은 “포승~평택 단선철도 3공사구역 건설 사업은 평택항 및 현덕지구의 활성화를 위해 꼭 필요한 사업”이라며 “철도 부지 매립계획이 반영된 만큼 국토교통부·평택지방해양수산청 등 관계기관 및 지역 의원과 함께 조속한 철도건설을 추진하기 위해 협의해 나가겠다”고 말했다.",
        "partNum": "P2",
        "useType": 1,
        "processType": "A",
        "processPattern": "00",
        "processLevel": "하",
        "sentenceCount": 12,
        "processSentencenum": 0,
        "sentenceInfo": [
            {
                "sentenceNo": 1,
                "sentenceContent": "그동안 속도를 내지 못했던 평택항 ‘포승~평택 단선철도 건설 사업’이 탄력을 받게 됐다.",
                "sentenceSize": 49
            },
            {
                "sentenceNo": 2,
                "sentenceContent": "이는 ‘제4차 전국항만기본계획’에 평택항 인입철도 건설을 위한 부지매립 계획이 반영됐기 때문이다.",
                "sentenceSize": 54
            },
            {
                "sentenceNo": 3,
                "sentenceContent": "17일 경기도에 따르면 이 사업은 늘어나는 평택항 물동량 대비하고 서해선·경부선과 연계수송 체계를 확립하기 위해 경부선 평택역과 평택항을 연결하는 총 30.3㎞의 철도를 건설하는 사업이다.",
                "sentenceSize": 105
            },
            {
                "sentenceNo": 4,
                "sentenceContent": "이 사업에 들어가는 비용은 모두 7,168억원이다.",
                "sentenceSize": 28
            },
            {
                "sentenceNo": 5,
                "sentenceContent": "지난 2010년 11월 첫 삽을 뜬 이래 2015년 2월 ‘1공사구역(평택~숙성)’을 개통했으며, ‘2공사구역(숙성~안중)’은 2017년 5월 착공해 현재 공사가 한창이다.",
                "sentenceSize": 96
            },
            {
                "sentenceNo": 6,
                "sentenceContent": "하지만 나머지 ‘3공사구역(안중~포승)’은 노선이 먼바다로 이어져 평택항 부지매립이 반드시 선행돼야만 추진할 수 있다.",
                "sentenceSize": 66
            },
            {
                "sentenceNo": 7,
                "sentenceContent": "해양수산부의 10년 단위 국가계획인 ‘제4차 전국항만기본계획(2021~2030년)’에 매립계획이 반영되지 않을 경우, 철도사업 추진이 10년 이상 지연될 수 있는 상황이었다.",
                "sentenceSize": 97
            },
            {
                "sentenceNo": 8,
                "sentenceContent": "이에 도는 평택시, 경기평택항만공사 등과 협조체계를 구축해 이 노선의 당위성과 부지매립의 필요성을 해양수산부에 지속해서 건의했다.",
                "sentenceSize": 72
            },
            {
                "sentenceNo": 9,
                "sentenceContent": "그 결과 철도건설 부지매립계획이 해양수산부가 지난해 12월 30일 고시한 ‘제4차 전국항만기본계획’에 포함되는 데 성공했다.",
                "sentenceSize": 69
            },
            {
                "sentenceNo": 10,
                "sentenceContent": "구체적으로 철도 건설 부지(항만시설용부지 251만3,000㎡, 항만배후단지 444만9,000㎡) 총 696만2,000㎡에 대한 세부 매립계획이 담겼으며, 접근성 제고를 위한 배후수송망의 조기 확충, 철도 인입 시설의 위치와 개발 시기 확정 추진 등 철도 인입의 필요성이 충분히 반영됐다.",
                "sentenceSize": 160
            },
            {
                "sentenceNo": 11,
                "sentenceContent": "도는 이번 계획을 토대로 오는 2030년 이내에 부지매립과 함께 ‘포승∼평택 단선철도 건설 사업’이 완료될 수 있도록 관계기관과 지속 협의해 나가겠다는 계획이다.",
                "sentenceSize": 90
            },
            {
                "sentenceNo": 12,
                "sentenceContent": "이계삼 경기도 철도항만물류국장은 “포승~평택 단선철도 3공사구역 건설 사업은 평택항 및 현덕지구의 활성화를 위해 꼭 필요한 사업”이라며 “철도 부지 매립계획이 반영된 만큼 국토교통부·평택지방해양수산청 등 관계기관 및 지역 의원과 함께 조속한 철도건설을 추진하기 위해 협의해 나가겠다”고 말했다.",
                "sentenceSize": 164
            }
        ]
    }
}