{
    "sourceDataInfo": {
        "newsID": "SO_M06_894574",
        "newsCategory": "사회",
        "newsSubcategory": "사회,전국,충청권",
        "newsTitle": "대전시, 사회적 거리두기 3단계 4주간 유지",
        "newsSubTitle": "백신접종완료자 포함 가정 모임 및 다중이용시설 이용 8명까지추석 연휴기간중 입원환자, 면회객 모두 예방접종완료자인 경우 접촉 면회 허용",
        "newsContent": "대전시는 정부 방침에 따라 사회적 거리두기 3단계를 오는 6일부터 다음달 3일까지 4주간 유지한다고 3일 밝혔다.\n사적모임은 6일부터 백신접종 완료자를 포함해 가정 모임과 다중이용시설 이용 시 8명까지 가능하다.\n이는 전국 사회적 거리두기 3단계 지역에서 공통적으로 적용된다.\n추석 연휴 기간인 오는 17일부터 23일까지 1주간에는 4단계 지역에서도 직계가족 모임은 접종완료자를 포함 8인까지 가능하다.\n이는 가정내 모임에 한해서만 가능하다.\n특히 요양병원과 요양원에 대해서는 오는 13일부터 26일까지 2주 동안 입원자와 면회객 모두 백신 접종을 완료한 경우 접촉 면회를 허용하고 그 외의 경우는 비접촉 면회를 허용한다.\n시 방역당국은 추석 특별 대책으로 코로나19 백신 접종 완료나 진단 검사 후 방문을 당부했다.\n다만 고령의 부모님이 백신 미 접종자인 경우에는 방문 자제를 강력히 권고했다.\n결혼식장도 3단계에서 인원이 일부 조정돼 예식장홀은 99명까지 허용되지만 식사는 49명까지 가능하다.\n단 식사의 경우 동선과 공간이 분리된 경우에 한해 각각 49명, 49명씩 가능하다.\n그동안 일부 감염 위험 요소가 있는 기업형 슈퍼마켓(SSM)과 같은 준대형마트는 출입명부 작성이 권고되며 이외의 다른 방역수칙은 기존 3단계 수칙과 동일하게 적용한다.\n시는 추석 연휴기간 동안 비상진료체계를 상시 운영하고 문 여는 병?의원 및 약국 등의 정보를 실시간 제공해서 의료체계에 누수가 없도록 할 계획이다.\n또한 휴석 연휴기간 코로나 검사를 위한 선별진료소(보건소)는 휴무없이 오전에 운영한다.\n한밭종합운동장(20일 낮 12시~오후 6시), 관저보건지소(21일 낮 12시~오후 6시), 시청 남문광장(22일 낮 12시~오후 6시)등 임시선별검사소는 순환적으로 오후에 운영된다.\n시 방역 당국은 코로나19 유행 규모가 크고 정체기가 지속되는 상황에서 전국민 70%가 백신 1차 백신 접종을 완료하는 9월말까지 방역에 대한 긴장의 끈을 놓지 않을 계획이다.\n이동한 시 보건복지국장은 “이번 조치는 전국적으로 동일하게 적용하는 만큼 고향 출발전 백신 접종 및 진단 검사를 실시해야 한다”며 “이동중이거나 고향에서 짧게 머물고 귀가 후에는 건강 상태를 확인하고 출근하기 전에 코로나 진단 검사를 받아야 한다”고 당부했다.",
        "partNum": "P2",
        "useType": 1,
        "processType": "A",
        "processPattern": "00",
        "processLevel": "하",
        "sentenceCount": 16,
        "processSentencenum": 0,
        "sentenceInfo": [
            {
                "sentenceNo": 1,
                "sentenceContent": "대전시는 정부 방침에 따라 사회적 거리두기 3단계를 오는 6일부터 다음달 3일까지 4주간 유지한다고 3일 밝혔다.",
                "sentenceSize": 63
            },
            {
                "sentenceNo": 2,
                "sentenceContent": "사적모임은 6일부터 백신접종 완료자를 포함해 가정 모임과 다중이용시설 이용 시 8명까지 가능하다.",
                "sentenceSize": 54
            },
            {
                "sentenceNo": 3,
                "sentenceContent": "이는 전국 사회적 거리두기 3단계 지역에서 공통적으로 적용된다.",
                "sentenceSize": 35
            },
            {
                "sentenceNo": 4,
                "sentenceContent": "추석 연휴 기간인 오는 17일부터 23일까지 1주간에는 4단계 지역에서도 직계가족 모임은 접종완료자를 포함 8인까지 가능하다.",
                "sentenceSize": 70
            },
            {
                "sentenceNo": 5,
                "sentenceContent": "이는 가정내 모임에 한해서만 가능하다.",
                "sentenceSize": 21
            },
            {
                "sentenceNo": 6,
                "sentenceContent": "특히 요양병원과 요양원에 대해서는 오는 13일부터 26일까지 2주 동안 입원자와 면회객 모두 백신 접종을 완료한 경우 접촉 면회를 허용하고 그 외의 경우는 비접촉 면회를 허용한다.",
                "sentenceSize": 100
            },
            {
                "sentenceNo": 7,
                "sentenceContent": "시 방역당국은 추석 특별 대책으로 코로나19 백신 접종 완료나 진단 검사 후 방문을 당부했다.",
                "sentenceSize": 52
            },
            {
                "sentenceNo": 8,
                "sentenceContent": "다만 고령의 부모님이 백신 미 접종자인 경우에는 방문 자제를 강력히 권고했다.",
                "sentenceSize": 43
            },
            {
                "sentenceNo": 9,
                "sentenceContent": "결혼식장도 3단계에서 인원이 일부 조정돼 예식장홀은 99명까지 허용되지만 식사는 49명까지 가능하다.",
                "sentenceSize": 56
            },
            {
                "sentenceNo": 10,
                "sentenceContent": "단 식사의 경우 동선과 공간이 분리된 경우에 한해 각각 49명, 49명씩 가능하다.",
                "sentenceSize": 46
            },
            {
                "sentenceNo": 11,
                "sentenceContent": "그동안 일부 감염 위험 요소가 있는 기업형 슈퍼마켓(SSM)과 같은 준대형마트는 출입명부 작성이 권고되며 이외의 다른 방역수칙은 기존 3단계 수칙과 동일하게 적용한다.",
                "sentenceSize": 93
            },
            {
                "sentenceNo": 12,
                "sentenceContent": "시는 추석 연휴기간 동안 비상진료체계를 상시 운영하고 문 여는 병?의원 및 약국 등의 정보를 실시간 제공해서 의료체계에 누수가 없도록 할 계획이다.",
                "sentenceSize": 82
            },
            {
                "sentenceNo": 13,
                "sentenceContent": "또한 휴석 연휴기간 코로나 검사를 위한 선별진료소(보건소)는 휴무없이 오전에 운영한다.",
                "sentenceSize": 48
            },
            {
                "sentenceNo": 14,
                "sentenceContent": "한밭종합운동장(20일 낮 12시~오후 6시), 관저보건지소(21일 낮 12시~오후 6시), 시청 남문광장(22일 낮 12시~오후 6시)등 임시선별검사소는 순환적으로 오후에 운영된다.",
                "sentenceSize": 101
            },
            {
                "sentenceNo": 15,
                "sentenceContent": "시 방역 당국은 코로나19 유행 규모가 크고 정체기가 지속되는 상황에서 전국민 70%가 백신 1차 백신 접종을 완료하는 9월말까지 방역에 대한 긴장의 끈을 놓지 않을 계획이다.",
                "sentenceSize": 98
            },
            {
                "sentenceNo": 16,
                "sentenceContent": "이동한 시 보건복지국장은 “이번 조치는 전국적으로 동일하게 적용하는 만큼 고향 출발전 백신 접종 및 진단 검사를 실시해야 한다”며 “이동중이거나 고향에서 짧게 머물고 귀가 후에는 건강 상태를 확인하고 출근하기 전에 코로나 진단 검사를 받아야 한다”고 당부했다.",
                "sentenceSize": 145
            }
        ]
    }
}