{
    "sourceDataInfo": {
        "newsID": "SO_M06_890599",
        "newsCategory": "사회",
        "newsSubcategory": "사회,전국,수도권",
        "newsTitle": "경기도, 이스라엘 화이자 백신 학원종사자·운수종사자 등에 우선 접종",
        "newsSubTitle": "null",
        "newsContent": "경기도가 정부로부터 받은 이스라엘 화이자 백신 14만명분을 오는 13일부터 24일까지 학원?교습소 종사자, 버스?택시 운수종사자, 택배기사(집배원 포함), 환경미화원 등 4개 직군에 우선 접종한다고 7일 밝혔다.\n최근 코로나19 확진자 급증에 따른 것으로 이달 말 예정된 지방정부 자율접종을 앞당겨 시행하는 것이라고 도는 설명했다.\n지방정부 자율접종이란 지역 여건에 따라 지방정부가 백신접종 우선순위를 정해 접종하는 것이다.\n도가 선정한 우선순위 4개 직군은 대민 접촉이 많아 전파 위험이 큰 직종, 직종·직군 확인이 쉬워 현장 접수와 즉시 접종이 가능한 직군이다.\n도는 31개 시군 전체 약 17만여명이 종사하는 것으로 추계하고 있다.\n접종 백신은 화이자다.\n도는 14만명분(28만회분)을 배정받아 오는 13일부터 24일까지 도내 48개 지역예방접종센터에서 접종할 계획이다.\n도는 만약 백신접종 희망자가 14만 명을 넘을 경우, 7월 말 추가될 지방정부 자율접종 대상에 이번에 백신을 맞지 못한 사람들을 최우선 선정할 계획이다.\n류영철 경기도 보건건강국장은 “수도권 방역상황이 심각해 자율접종을 조기 시행하는 만큼 대상군에 포함된 학원종사자 등은 백신접종에 적극적으로 동참해 달라”며 “접종에 불편함이 없도록 철저히 준비하겠다”고 말했다.",
        "partNum": "P2",
        "useType": 1,
        "processType": "A",
        "processPattern": "00",
        "processLevel": "하",
        "sentenceCount": 9,
        "processSentencenum": 0,
        "sentenceInfo": [
            {
                "sentenceNo": 1,
                "sentenceContent": "경기도가 정부로부터 받은 이스라엘 화이자 백신 14만명분을 오는 13일부터 24일까지 학원?교습소 종사자, 버스?택시 운수종사자, 택배기사(집배원 포함), 환경미화원 등 4개 직군에 우선 접종한다고 7일 밝혔다.",
                "sentenceSize": 118
            },
            {
                "sentenceNo": 2,
                "sentenceContent": "최근 코로나19 확진자 급증에 따른 것으로 이달 말 예정된 지방정부 자율접종을 앞당겨 시행하는 것이라고 도는 설명했다.",
                "sentenceSize": 66
            },
            {
                "sentenceNo": 3,
                "sentenceContent": "지방정부 자율접종이란 지역 여건에 따라 지방정부가 백신접종 우선순위를 정해 접종하는 것이다.",
                "sentenceSize": 51
            },
            {
                "sentenceNo": 4,
                "sentenceContent": "도가 선정한 우선순위 4개 직군은 대민 접촉이 많아 전파 위험이 큰 직종, 직종·직군 확인이 쉬워 현장 접수와 즉시 접종이 가능한 직군이다.",
                "sentenceSize": 78
            },
            {
                "sentenceNo": 5,
                "sentenceContent": "도는 31개 시군 전체 약 17만여명이 종사하는 것으로 추계하고 있다.",
                "sentenceSize": 39
            },
            {
                "sentenceNo": 6,
                "sentenceContent": "접종 백신은 화이자다.",
                "sentenceSize": 12
            },
            {
                "sentenceNo": 7,
                "sentenceContent": "도는 14만명분(28만회분)을 배정받아 오는 13일부터 24일까지 도내 48개 지역예방접종센터에서 접종할 계획이다.",
                "sentenceSize": 64
            },
            {
                "sentenceNo": 8,
                "sentenceContent": "도는 만약 백신접종 희망자가 14만 명을 넘을 경우, 7월 말 추가될 지방정부 자율접종 대상에 이번에 백신을 맞지 못한 사람들을 최우선 선정할 계획이다.",
                "sentenceSize": 85
            },
            {
                "sentenceNo": 9,
                "sentenceContent": "류영철 경기도 보건건강국장은 “수도권 방역상황이 심각해 자율접종을 조기 시행하는 만큼 대상군에 포함된 학원종사자 등은 백신접종에 적극적으로 동참해 달라”며 “접종에 불편함이 없도록 철저히 준비하겠다”고 말했다.",
                "sentenceSize": 117
            }
        ]
    }
}