{
    "sourceDataInfo": {
        "newsID": "SO_M06_905686",
        "newsCategory": "사회",
        "newsSubcategory": "사회,전국,영남권",
        "newsTitle": "부산시 취업연수생 모집 평균 경쟁률 5:1…23~25일 추가 모집",
        "newsSubTitle": "서류 미제출 등 결원 발생한 부서 대상",
        "newsContent": "부산시는 지난 7일부터 18일까지 2주간 부산 공공기관 행정체험 취업연수생을 모집한 결과 800여 명이 넘는 청년들이 지원해 평균 경쟁률 5대1을 기록했다고 24일 밝혔다.\n취업연수생 취업지원사업은 부산지역 미취업청년들이 부산시, 공기업 등에서 경험을 쌓아 취업에 성공할 수 있도록 지원한다.\n상·하반기로 나눠 약 3개월간 근무를 하며 올해는 상·하반기 각각 160여 명씩 선발할 계획이다.\n이번 취업연수생 모집은 희망 청년들의 적성과 진로에 따라 기관별로 부서를 선택할 수 있도록 해 청년들의 관심이 어느 때보다도 높았다.\n전체 취업연수생 160명 모집에 804명이 지원해 평균 경쟁률은 5대1을 보였고 부산지역 공기업 등은 20명 모집에 205명이 몰려 10대1의 경쟁률을 기록했다.\n부산교통공사 경영지원처 인권인사부가 27대1로 전체 공공기관 중 가장 높은 경쟁률을 나타냈고 부산관광공사 경영지원팀 17대1 등 부산지역 구직 청년들의 경력 형성 의지가 취업연수생 모집에서 그대로 드러났다.\n부산시는 서류 미제출, 자격조건 미달 등으로 결원이 발생한 부서에 대해 오는 25일까지 취업연수생을 추가로 모집하고 있다.\n신청은 부산일자리정보망 누리집에서 온라인으로 하면 된다.\n자세한 사항은 일자리정보망 누리집을 참고하면 된다.",
        "partNum": "P2",
        "useType": 1,
        "processType": "A",
        "processPattern": "00",
        "processLevel": "하",
        "sentenceCount": 9,
        "processSentencenum": 0,
        "sentenceInfo": [
            {
                "sentenceNo": 1,
                "sentenceContent": "부산시는 지난 7일부터 18일까지 2주간 부산 공공기관 행정체험 취업연수생을 모집한 결과 800여 명이 넘는 청년들이 지원해 평균 경쟁률 5대1을 기록했다고 24일 밝혔다.",
                "sentenceSize": 96
            },
            {
                "sentenceNo": 2,
                "sentenceContent": "취업연수생 취업지원사업은 부산지역 미취업청년들이 부산시, 공기업 등에서 경험을 쌓아 취업에 성공할 수 있도록 지원한다.",
                "sentenceSize": 66
            },
            {
                "sentenceNo": 3,
                "sentenceContent": "상·하반기로 나눠 약 3개월간 근무를 하며 올해는 상·하반기 각각 160여 명씩 선발할 계획이다.",
                "sentenceSize": 54
            },
            {
                "sentenceNo": 4,
                "sentenceContent": "이번 취업연수생 모집은 희망 청년들의 적성과 진로에 따라 기관별로 부서를 선택할 수 있도록 해 청년들의 관심이 어느 때보다도 높았다.",
                "sentenceSize": 74
            },
            {
                "sentenceNo": 5,
                "sentenceContent": "전체 취업연수생 160명 모집에 804명이 지원해 평균 경쟁률은 5대1을 보였고 부산지역 공기업 등은 20명 모집에 205명이 몰려 10대1의 경쟁률을 기록했다.",
                "sentenceSize": 90
            },
            {
                "sentenceNo": 6,
                "sentenceContent": "부산교통공사 경영지원처 인권인사부가 27대1로 전체 공공기관 중 가장 높은 경쟁률을 나타냈고 부산관광공사 경영지원팀 17대1 등 부산지역 구직 청년들의 경력 형성 의지가 취업연수생 모집에서 그대로 드러났다.",
                "sentenceSize": 115
            },
            {
                "sentenceNo": 7,
                "sentenceContent": "부산시는 서류 미제출, 자격조건 미달 등으로 결원이 발생한 부서에 대해 오는 25일까지 취업연수생을 추가로 모집하고 있다.",
                "sentenceSize": 68
            },
            {
                "sentenceNo": 8,
                "sentenceContent": "신청은 부산일자리정보망 누리집에서 온라인으로 하면 된다.",
                "sentenceSize": 31
            },
            {
                "sentenceNo": 9,
                "sentenceContent": "자세한 사항은 일자리정보망 누리집을 참고하면 된다.",
                "sentenceSize": 28
            }
        ]
    }
}