{
    "sourceDataInfo": {
        "newsID": "SO_M06_894470",
        "newsCategory": "사회",
        "newsSubcategory": "사회,전국,영남권",
        "newsTitle": "도로공사 해외투자개발사업으로 시장개척",
        "newsSubTitle": "null",
        "newsContent": "한국도로공사는 민관 공동으로 해외 유료도로 운영권을 인수하는 신규 해외투자개발 사업 등으로 침체된 건설시장 판로개척에 동참카로 했다고 2일 밝혔다.\n신규 해외투자개발 사업은 지난 7월 정부가 발표한 해외수주 활력제고 및 고도화 방안 중‘인프라 공기업의 디벨로퍼 모델 을 도로분야에 시범 적용하는 방식이다.\n이에 따라 도로공사는 사업을 발굴·주관하고 한국해외인프라도시개발지원공사(KIND), 한국수출입은행, 해외건설협회는 운영권 인수에 필요한 자금을 조달·지원하며, 건설사 등의 민간기업은 도로개량?유지관리를 담당하게 된다.\n검토대상은 운영 중인 해외 유료도로의 운영권을 인수하는 방법으로(Brownfield) 도로 등 인프라를 신설하고 운영하는 기존 방법(Greenfield)에 비해 수익성은 다소 낮지만 건설 및 자금조달 책임 등의 위험이 거의 없으며, 인수즉시 운영이 가능하다는 장점이 있다.\n도로공사는 고속도로 유지관리 경력이 없는 민간 건설사에게 도로운영에 관한 사업관리 경험과 노하우를 공유해 민간 건설사의 글로벌 경쟁력도 지원할 계획이다.\n따라서 국토교통부와 한국도로공사는 1일‘해외도로 투자개발사업 추진 간담회’를 개최해 참여사들과 함께 사업설명 및 협력방안 등을 논의했으며, 추후 타당성 조사를 통해 사업을 구체화 할 예정이다.\n한국도로공사는 지난 2005년 캄보디아 도로 시공감리를 시작으로 지금까지 41개국, 179건의 사업을 민간기업과 함께 진행했고, 현재는 건설 중인 방글라데시 파드마대교 건설사업이 마무리되면 해당 교량에 대한 운영 및 유지관리 사업의 독점적 수의계약을 체결할 예정이다.",
        "partNum": "P2",
        "useType": 1,
        "processType": "A",
        "processPattern": "00",
        "processLevel": "하",
        "sentenceCount": 7,
        "processSentencenum": 0,
        "sentenceInfo": [
            {
                "sentenceNo": 1,
                "sentenceContent": "한국도로공사는 민관 공동으로 해외 유료도로 운영권을 인수하는 신규 해외투자개발 사업 등으로 침체된 건설시장 판로개척에 동참카로 했다고 2일 밝혔다.",
                "sentenceSize": 82
            },
            {
                "sentenceNo": 2,
                "sentenceContent": "신규 해외투자개발 사업은 지난 7월 정부가 발표한 해외수주 활력제고 및 고도화 방안 중‘인프라 공기업의 디벨로퍼 모델 을 도로분야에 시범 적용하는 방식이다.",
                "sentenceSize": 87
            },
            {
                "sentenceNo": 3,
                "sentenceContent": "이에 따라 도로공사는 사업을 발굴·주관하고 한국해외인프라도시개발지원공사(KIND), 한국수출입은행, 해외건설협회는 운영권 인수에 필요한 자금을 조달·지원하며, 건설사 등의 민간기업은 도로개량?유지관리를 담당하게 된다.",
                "sentenceSize": 121
            },
            {
                "sentenceNo": 4,
                "sentenceContent": "검토대상은 운영 중인 해외 유료도로의 운영권을 인수하는 방법으로(Brownfield) 도로 등 인프라를 신설하고 운영하는 기존 방법(Greenfield)에 비해 수익성은 다소 낮지만 건설 및 자금조달 책임 등의 위험이 거의 없으며, 인수즉시 운영이 가능하다는 장점이 있다.",
                "sentenceSize": 152
            },
            {
                "sentenceNo": 5,
                "sentenceContent": "도로공사는 고속도로 유지관리 경력이 없는 민간 건설사에게 도로운영에 관한 사업관리 경험과 노하우를 공유해 민간 건설사의 글로벌 경쟁력도 지원할 계획이다.",
                "sentenceSize": 85
            },
            {
                "sentenceNo": 6,
                "sentenceContent": "따라서 국토교통부와 한국도로공사는 1일‘해외도로 투자개발사업 추진 간담회’를 개최해 참여사들과 함께 사업설명 및 협력방안 등을 논의했으며, 추후 타당성 조사를 통해 사업을 구체화 할 예정이다.",
                "sentenceSize": 107
            },
            {
                "sentenceNo": 7,
                "sentenceContent": "한국도로공사는 지난 2005년 캄보디아 도로 시공감리를 시작으로 지금까지 41개국, 179건의 사업을 민간기업과 함께 진행했고, 현재는 건설 중인 방글라데시 파드마대교 건설사업이 마무리되면 해당 교량에 대한 운영 및 유지관리 사업의 독점적 수의계약을 체결할 예정이다.",
                "sentenceSize": 149
            }
        ]
    }
}