{
    "sourceDataInfo": {
        "newsID": "SO_M06_892232",
        "newsCategory": "사회",
        "newsSubcategory": "사회,사회일반,사회일반",
        "newsTitle": "\\\"AZ·얀센 백신 접종후 사물이 두 개로 보이면 '길랭-바레 증후군' 의심을\\\"",
        "newsSubTitle": "당국 \\\"매우 드물게 '길랭-바레 증후군' 발생 가능성\\\" 주의 당부면역체계가 신경세포 손상시켜 근육 약화·마비 유발하는 신경학적 장애당국, \\\"AZ, 얀센 접종 후 이상증상 나타날 경우 신속히 의료기관 방문\\\" 당부",
        "newsContent": "보건당국은 신종 코로나바이러스 감염증(코로나19) 백신 가운데 아스트라제네카(AZ), 얀센 등 바이러스 벡터 계열의 백신을 접종한 뒤 매우 드물게 '길랭-바레 증후군'이 나타날 수 있다며 주의를 당부했다.\n28일 코로나19 예방접종대응추진단(이하 추진단)은 바이러스 벡터 백신 접종 후 매우 드물지만 길랭-바레 증후군 사례가 세계보건기구(WHO) 및 국외 의약품 규제기관에 보고되고 있다고 밝혔다.\n이에 식품의약품안전처는 길랭-바레 증후군 이상반응에 관한 의약품 안전성 서한을 전날 보건의료 전문가, 접종 대상자 등에게 배포했다.\n길랭-바레 증후군은 면역체계가 신경세포를 손상시켜 근육 약화나 마비를 유발하는 드문 신경학적 장애다.\n이 증후군의 주요 증상으로는 사물이 두 개로 보이는 '복시'가 있으며, 또 눈동자를 움직이기 어렵거나 삼키기, 말하기, 씹기, 걷기, 몸 움직임 조정 등에 어려움이 생기는 증상도 있다.\n손과 팔이 저리기도 하고 팔·다리, 몸·얼굴 근육이 약화하거나 방광이나 장 기능에 장애가 생기기도 한다.\n추진단은 아스트라제네카, 얀센 등의 코로나19 백신을 접종한 뒤 이런 증상이 나타날 경우 신속히 의료기관을 방문해 진료를 받아 달라고 당부했다.\n추진단은 또 의료기관에는 이런 증상을 보이는 환자를 진료한 경우 즉각 당국에 이상반응 신고를 해 달라고 요청했다.",
        "partNum": "P2",
        "useType": 1,
        "processType": "A",
        "processPattern": "00",
        "processLevel": "하",
        "sentenceCount": 8,
        "processSentencenum": 0,
        "sentenceInfo": [
            {
                "sentenceNo": 1,
                "sentenceContent": "보건당국은 신종 코로나바이러스 감염증(코로나19) 백신 가운데 아스트라제네카(AZ), 얀센 등 바이러스 벡터 계열의 백신을 접종한 뒤 매우 드물게 '길랭-바레 증후군'이 나타날 수 있다며 주의를 당부했다.",
                "sentenceSize": 114
            },
            {
                "sentenceNo": 2,
                "sentenceContent": "28일 코로나19 예방접종대응추진단(이하 추진단)은 바이러스 벡터 백신 접종 후 매우 드물지만 길랭-바레 증후군 사례가 세계보건기구(WHO) 및 국외 의약품 규제기관에 보고되고 있다고 밝혔다.",
                "sentenceSize": 107
            },
            {
                "sentenceNo": 3,
                "sentenceContent": "이에 식품의약품안전처는 길랭-바레 증후군 이상반응에 관한 의약품 안전성 서한을 전날 보건의료 전문가, 접종 대상자 등에게 배포했다.",
                "sentenceSize": 73
            },
            {
                "sentenceNo": 4,
                "sentenceContent": "길랭-바레 증후군은 면역체계가 신경세포를 손상시켜 근육 약화나 마비를 유발하는 드문 신경학적 장애다.",
                "sentenceSize": 56
            },
            {
                "sentenceNo": 5,
                "sentenceContent": "이 증후군의 주요 증상으로는 사물이 두 개로 보이는 '복시'가 있으며, 또 눈동자를 움직이기 어렵거나 삼키기, 말하기, 씹기, 걷기, 몸 움직임 조정 등에 어려움이 생기는 증상도 있다.",
                "sentenceSize": 103
            },
            {
                "sentenceNo": 6,
                "sentenceContent": "손과 팔이 저리기도 하고 팔·다리, 몸·얼굴 근육이 약화하거나 방광이나 장 기능에 장애가 생기기도 한다.",
                "sentenceSize": 58
            },
            {
                "sentenceNo": 7,
                "sentenceContent": "추진단은 아스트라제네카, 얀센 등의 코로나19 백신을 접종한 뒤 이런 증상이 나타날 경우 신속히 의료기관을 방문해 진료를 받아 달라고 당부했다.",
                "sentenceSize": 80
            },
            {
                "sentenceNo": 8,
                "sentenceContent": "추진단은 또 의료기관에는 이런 증상을 보이는 환자를 진료한 경우 즉각 당국에 이상반응 신고를 해 달라고 요청했다.",
                "sentenceSize": 63
            }
        ]
    }
}