{
    "sourceDataInfo": {
        "newsID": "SO_M06_898111",
        "newsCategory": "사회",
        "newsSubcategory": "사회,사회일반,사회일반",
        "newsTitle": "‘시술비 선결제’ 후 폐업 강남 피부과…피해자 집단 고소",
        "newsSubTitle": "고객 한 명당 많게는 수백만원까지 선불 결제",
        "newsContent": "고객들에게 피부미용 시술비용을 현금으로 선결제하도록 유도한 뒤 돌연 폐업한 서울 강남의 유명 피부과 의원 원장이 피해 고객들로부터 집단 고소당했다.\n서울 강남경찰서는 원장 A씨를 사기 혐의로 입건해 수사 중이라고 28일 밝혔다.\n피해자들에 따르면 A씨는 고객 한 사람당 많게는 수백만원의 시술비용을 선불로 받은 뒤 병원 문을 닫은 것으로 드러났다.\n피해자들은 해당 병원이 사전에 폐업 일정을 공지하거나 시술비용을 돌려주기는커녕 정상적으로 영업을 이어갈 것처럼 속였다고 주장하고 있다.\n또한 해당 피부과는 고객들에게 현금으로 선결제하면 부가세 10%에 해당하는 금액을 할인해주겠다며 현금 선결제를 유도하기도 한 것으로 확인됐다.\n피해자들에 따르면 폐업하기 불과 이틀 전인 지난달 8일 \\\"코로나19 확진자가 발생해 영업하지 못하게 됐다\\\"며 \\\"10월 초 원래 위치에서 5분 거리에 확장 오픈하는 2호점에서 관리·시술을 받을 수 있도록 하겠다\\\"고 안내하는 단체 문자메시지를 받았다고 한다.\n이번에 집단 고소에 나선 피해자의 수는 41명, 피해 액수는 7,000여만 원에 이르는 것으로 밝혀졌다.\n피해자들의 법률대리를 맡은 김민중 변호사는 \\\"피해자들이 지금도 계속 모이고 있어 추이를 보고 2차 고소를 할 계획\\\"이라고 전했다.\n경찰 관계자는 \\\"조만간 관계자들을 불러 사건 경위를 조사할 계획\\\"이라고 밝혔다.",
        "partNum": "P2",
        "useType": 1,
        "processType": "A",
        "processPattern": "00",
        "processLevel": "하",
        "sentenceCount": 9,
        "processSentencenum": 0,
        "sentenceInfo": [
            {
                "sentenceNo": 1,
                "sentenceContent": "고객들에게 피부미용 시술비용을 현금으로 선결제하도록 유도한 뒤 돌연 폐업한 서울 강남의 유명 피부과 의원 원장이 피해 고객들로부터 집단 고소당했다.",
                "sentenceSize": 82
            },
            {
                "sentenceNo": 2,
                "sentenceContent": "서울 강남경찰서는 원장 A씨를 사기 혐의로 입건해 수사 중이라고 28일 밝혔다.",
                "sentenceSize": 44
            },
            {
                "sentenceNo": 3,
                "sentenceContent": "피해자들에 따르면 A씨는 고객 한 사람당 많게는 수백만원의 시술비용을 선불로 받은 뒤 병원 문을 닫은 것으로 드러났다.",
                "sentenceSize": 66
            },
            {
                "sentenceNo": 4,
                "sentenceContent": "피해자들은 해당 병원이 사전에 폐업 일정을 공지하거나 시술비용을 돌려주기는커녕 정상적으로 영업을 이어갈 것처럼 속였다고 주장하고 있다.",
                "sentenceSize": 75
            },
            {
                "sentenceNo": 5,
                "sentenceContent": "또한 해당 피부과는 고객들에게 현금으로 선결제하면 부가세 10%에 해당하는 금액을 할인해주겠다며 현금 선결제를 유도하기도 한 것으로 확인됐다.",
                "sentenceSize": 79
            },
            {
                "sentenceNo": 6,
                "sentenceContent": "피해자들에 따르면 폐업하기 불과 이틀 전인 지난달 8일 \\\"코로나19 확진자가 발생해 영업하지 못하게 됐다\\\"며 \\\"10월 초 원래 위치에서 5분 거리에 확장 오픈하는 2호점에서 관리·시술을 받을 수 있도록 하겠다\\\"고 안내하는 단체 문자메시지를 받았다고 한다.",
                "sentenceSize": 146
            },
            {
                "sentenceNo": 7,
                "sentenceContent": "이번에 집단 고소에 나선 피해자의 수는 41명, 피해 액수는 7,000여만 원에 이르는 것으로 밝혀졌다.",
                "sentenceSize": 58
            },
            {
                "sentenceNo": 8,
                "sentenceContent": "피해자들의 법률대리를 맡은 김민중 변호사는 \\\"피해자들이 지금도 계속 모이고 있어 추이를 보고 2차 고소를 할 계획\\\"이라고 전했다.",
                "sentenceSize": 74
            },
            {
                "sentenceNo": 9,
                "sentenceContent": "경찰 관계자는 \\\"조만간 관계자들을 불러 사건 경위를 조사할 계획\\\"이라고 밝혔다.",
                "sentenceSize": 46
            }
        ]
    }
}