{
    "sourceDataInfo": {
        "newsID": "SO_M01_915781",
        "newsCategory": "사회",
        "newsSubcategory": "사회",
        "newsTitle": "뉴라이트 단체대표 \\\"민주당 대변인, 미친 여성\\\" 발언 파문",
        "newsSubTitle": "조형곤 21C미래교육연합 대표 EBS 방송에서 ‘배재정 의원 두고 막말 파문’…문제화면 편집된 상태",
        "newsContent": "조형곤 21C 미래교육연합 공동대표가 EBS 토론 프로그램에서 배재정 민주당 의원을 지칭하며 \\\"미친여성\\\"이라고 발언해 파문이 일고 있다.\n배재정 민주당 의원이 강력 반발, 현재 EBS 다시보기 VOD 서비스에선 문제 발언이 편집된 상태지만 배 의원 측은 EBS의 공식사과를 요구하고 나섰다.\n조형곤 대표는 지난 23일 EBS 심야 생방송 에 패널로 출연, '한국사 교과서 논쟁'과 관련해 자신의 의견을 얘기하던 중 배재정 의원에 대해 '미친 여성'이라는 표현을 사용해 물의를 빚었다.\n조 대표는 이날 방송에서 \\\"저는 지난 6월 달에 뉴스를 듣다가 정말 정신이 번쩍 드는 뉴스가 나왔다\\\"면서 \\\"'일제강점기가 조선의 근대화에 긍정적인 역할을 했다는 내용, 독립운동가 김구 선생과 안중근 의사를 테러 활동을 한 사람으로 표현 하고 있다. 5.16 군사쿠데타를 혁명으로 미화하고 있고 4.19혁명은 학생운동으로 폄하하고 있다'라는 뉴스가 나왔다\\\"고 말했다.\n조 대표는 \\\"(해당 뉴스를 보면서) '아니 어떤 미친' 하고 욕이 바로 나오더라. '역사학자가 그렇게 얘기할 수 가 있어' 그랬는데, 그 역사교과서가 시중에 나오지도 않았는데, 검정단계에 있는데 도대체 어떻게 알고 논평을 했는지, 이게 공당이라고 하는 민주당 대변인 배재정 민주당 대변인의 논평이었다\\\"고 밝혔다.\n조 대표는 \\\"6월부터 7월, 8월 세 달을 기다리면서, 역사교과서가 8월이나 9월에 나왔다고 하는데 찾아보니깐 보니까 전혀, 민주당 배재정 대변인의 이야기는 사실이 아니다\\\"면서 \\\"오늘 할 이야기도 아니고 저렇게 허위사실 유포를 해도 저렇게 공중파를 통해서 할 수 있을까 싶을 정도로 해버렸다. 제가 '미친'하고 욕했던, 3개월 전 상황을 다시 생각해 보면 다시 미친, 이분이 '미친 여성' 아닌가 싶을 생각이 들 정도로 심각한 오류, 심각한 상황\\\"이라고 말했다.\n해당 발언이 그대로 방송에 나간 후 배재정 의원 측은 강하게 반발했다.\n배재정 의원실 관계자는 26일 미디어오늘과 통화에서 \\\"어제(25일) EBS측에 조형곤 대표의 섭외경위와 EBS의 공식적인 사과, VOD 서비스에 대한 적절한 조치를 요구하는 공문을 보냈다\\\"면서 \\\"하지만 현재까지 EBS는 VOD서비스에서 문제의 발언을 삭제한 것 외에는 별다른 입장표명이나 조치를 취하지 않고 있다\\\"고 말했다.\n이 관계자는 \\\"공영방송 토론프로그램에 출연한 패널이 공당의 대변인을 향해 '미친 여성'이라고 발언하는 게 온당하냐\\\"면서 \\\"방송통신심의위원회에도 문제를 제기한 상태\\\"라고 말했다.\nEBS는 '정확한 사실관계 등을 파악해 조만간 공식조치'를 취할 계획이다.\nEBS 관계자는 \\\"어제 저녁에 관련 내용을 인지했고, 현재 정확한 사실관계를 파악 중\\\"이라고 말했다.\n이 관계자는 \\\"문제의 발언이 생방송 도중에 갑작스레 나와 제대로 대응을 못한 것 같다\\\"면서 \\\"배재정 의원 측이 섭외 경위와 사과 등을 요구하고 있기 때문에 정확한 사실관계를 파악한 뒤 입장을 밝히겠다. 배재정 의원에게 사과할 부분이 있으면 사과하겠다\\\"고 말했다.",
        "partNum": "P2",
        "useType": 1,
        "processType": "A",
        "processPattern": "00",
        "processLevel": "하",
        "sentenceCount": 12,
        "processSentencenum": 0,
        "sentenceInfo": [
            {
                "sentenceNo": 1,
                "sentenceContent": "조형곤 21C 미래교육연합 공동대표가 EBS 토론 프로그램에서 배재정 민주당 의원을 지칭하며 \\\"미친여성\\\"이라고 발언해 파문이 일고 있다.",
                "sentenceSize": 78
            },
            {
                "sentenceNo": 2,
                "sentenceContent": "배재정 민주당 의원이 강력 반발, 현재 EBS 다시보기 VOD 서비스에선 문제 발언이 편집된 상태지만 배 의원 측은 EBS의 공식사과를 요구하고 나섰다.",
                "sentenceSize": 85
            },
            {
                "sentenceNo": 3,
                "sentenceContent": "조형곤 대표는 지난 23일 EBS 심야 생방송 에 패널로 출연, '한국사 교과서 논쟁'과 관련해 자신의 의견을 얘기하던 중 배재정 의원에 대해 '미친 여성'이라는 표현을 사용해 물의를 빚었다.",
                "sentenceSize": 107
            },
            {
                "sentenceNo": 4,
                "sentenceContent": "조 대표는 이날 방송에서 \\\"저는 지난 6월 달에 뉴스를 듣다가 정말 정신이 번쩍 드는 뉴스가 나왔다\\\"면서 \\\"'일제강점기가 조선의 근대화에 긍정적인 역할을 했다는 내용, 독립운동가 김구 선생과 안중근 의사를 테러 활동을 한 사람으로 표현 하고 있다. 5.16 군사쿠데타를 혁명으로 미화하고 있고 4.19혁명은 학생운동으로 폄하하고 있다'라는 뉴스가 나왔다\\\"고 말했다.",
                "sentenceSize": 208
            },
            {
                "sentenceNo": 5,
                "sentenceContent": "조 대표는 \\\"(해당 뉴스를 보면서) '아니 어떤 미친' 하고 욕이 바로 나오더라. '역사학자가 그렇게 얘기할 수 가 있어' 그랬는데, 그 역사교과서가 시중에 나오지도 않았는데, 검정단계에 있는데 도대체 어떻게 알고 논평을 했는지, 이게 공당이라고 하는 민주당 대변인 배재정 민주당 대변인의 논평이었다\\\"고 밝혔다.",
                "sentenceSize": 176
            },
            {
                "sentenceNo": 6,
                "sentenceContent": "조 대표는 \\\"6월부터 7월, 8월 세 달을 기다리면서, 역사교과서가 8월이나 9월에 나왔다고 하는데 찾아보니깐 보니까 전혀, 민주당 배재정 대변인의 이야기는 사실이 아니다\\\"면서 \\\"오늘 할 이야기도 아니고 저렇게 허위사실 유포를 해도 저렇게 공중파를 통해서 할 수 있을까 싶을 정도로 해버렸다. 제가 '미친'하고 욕했던, 3개월 전 상황을 다시 생각해 보면 다시 미친, 이분이 '미친 여성' 아닌가 싶을 생각이 들 정도로 심각한 오류, 심각한 상황\\\"이라고 말했다.",
                "sentenceSize": 262
            },
            {
                "sentenceNo": 7,
                "sentenceContent": "해당 발언이 그대로 방송에 나간 후 배재정 의원 측은 강하게 반발했다.",
                "sentenceSize": 39
            },
            {
                "sentenceNo": 8,
                "sentenceContent": "배재정 의원실 관계자는 26일 미디어오늘과 통화에서 \\\"어제(25일) EBS측에 조형곤 대표의 섭외경위와 EBS의 공식적인 사과, VOD 서비스에 대한 적절한 조치를 요구하는 공문을 보냈다\\\"면서 \\\"하지만 현재까지 EBS는 VOD서비스에서 문제의 발언을 삭제한 것 외에는 별다른 입장표명이나 조치를 취하지 않고 있다\\\"고 말했다.",
                "sentenceSize": 185
            },
            {
                "sentenceNo": 9,
                "sentenceContent": "이 관계자는 \\\"공영방송 토론프로그램에 출연한 패널이 공당의 대변인을 향해 '미친 여성'이라고 발언하는 게 온당하냐\\\"면서 \\\"방송통신심의위원회에도 문제를 제기한 상태\\\"라고 말했다.",
                "sentenceSize": 102
            },
            {
                "sentenceNo": 10,
                "sentenceContent": "EBS는 '정확한 사실관계 등을 파악해 조만간 공식조치'를 취할 계획이다.",
                "sentenceSize": 41
            },
            {
                "sentenceNo": 11,
                "sentenceContent": "EBS 관계자는 \\\"어제 저녁에 관련 내용을 인지했고, 현재 정확한 사실관계를 파악 중\\\"이라고 말했다.",
                "sentenceSize": 58
            },
            {
                "sentenceNo": 12,
                "sentenceContent": "이 관계자는 \\\"문제의 발언이 생방송 도중에 갑작스레 나와 제대로 대응을 못한 것 같다\\\"면서 \\\"배재정 의원 측이 섭외 경위와 사과 등을 요구하고 있기 때문에 정확한 사실관계를 파악한 뒤 입장을 밝히겠다. 배재정 의원에게 사과할 부분이 있으면 사과하겠다\\\"고 말했다.",
                "sentenceSize": 150
            }
        ]
    }
}