{
    "sourceDataInfo": {
        "newsID": "SO_M06_896119",
        "newsCategory": "사회",
        "newsSubcategory": "사회,전국,수도권",
        "newsTitle": "국도17호선 양지면 평창사거리~양지IC 4차로 → 6차로 확장",
        "newsSubTitle": "용인시, 제5차 국도·국지도 5개년 계획에 반영···3.1㎞ 상습 정체 구간 개선",
        "newsContent": "국도 17호선 처인구 양지면 평창사거리~양지IC 3.1㎞ 구간이 기존 4차로에서 6차로로 확장된다.\n시는 28일 국토교통부에서 발표한 ‘제5차 국도·국지도 건설 계획(2021~2025년)’에 국도17호선 처인구 양지면 평창사거리~양지IC 구간 도로 확장 사업이 반영됐다고 29일 밝혔다.\n이 구간은 국도42호선과 국도17호선이 교차하는 데다 영동고속도로 양지IC가 있어 몇 차례 신호를 받아야 지날 수 있을 정도로 출퇴근 시간과 주말에 상습 정체가 있었다.\n도로 확장 공사에는 국비 399억원이 투입된다.\n시는 이 구간이 기존 4차로에서 6차로로 확장되면 고질적인 정체 문제가 상당 부분 해소될 것으로 기대하고 있다.\n앞서 시와 도로관리청인 서울지방국토관리청 수원국토관리사무소는 기획재정부·국토교통부 등 중앙부처와 국회를 수차례 방문해 해당 노선을 제5차 국도·국지도 5개년 계획에 반영해달라고 건의한 바 있다.\n백군기 용인시장은 “국도 17호선 확장으로 지역 교통난 해소와 용인 반도체클러스터의 접근성 향상에도 보탬이 될 것으로 기대한다”며 “사통팔달 용인에 걸맞은 교통 인프라를 구축해 나가겠다”고 말했다.",
        "partNum": "P2",
        "useType": 1,
        "processType": "A",
        "processPattern": "00",
        "processLevel": "하",
        "sentenceCount": 7,
        "processSentencenum": 0,
        "sentenceInfo": [
            {
                "sentenceNo": 1,
                "sentenceContent": "국도 17호선 처인구 양지면 평창사거리~양지IC 3.1㎞ 구간이 기존 4차로에서 6차로로 확장된다.",
                "sentenceSize": 55
            },
            {
                "sentenceNo": 2,
                "sentenceContent": "시는 28일 국토교통부에서 발표한 ‘제5차 국도·국지도 건설 계획(2021~2025년)’에 국도17호선 처인구 양지면 평창사거리~양지IC 구간 도로 확장 사업이 반영됐다고 29일 밝혔다.",
                "sentenceSize": 104
            },
            {
                "sentenceNo": 3,
                "sentenceContent": "이 구간은 국도42호선과 국도17호선이 교차하는 데다 영동고속도로 양지IC가 있어 몇 차례 신호를 받아야 지날 수 있을 정도로 출퇴근 시간과 주말에 상습 정체가 있었다.",
                "sentenceSize": 94
            },
            {
                "sentenceNo": 4,
                "sentenceContent": "도로 확장 공사에는 국비 399억원이 투입된다.",
                "sentenceSize": 26
            },
            {
                "sentenceNo": 5,
                "sentenceContent": "시는 이 구간이 기존 4차로에서 6차로로 확장되면 고질적인 정체 문제가 상당 부분 해소될 것으로 기대하고 있다.",
                "sentenceSize": 62
            },
            {
                "sentenceNo": 6,
                "sentenceContent": "앞서 시와 도로관리청인 서울지방국토관리청 수원국토관리사무소는 기획재정부·국토교통부 등 중앙부처와 국회를 수차례 방문해 해당 노선을 제5차 국도·국지도 5개년 계획에 반영해달라고 건의한 바 있다.",
                "sentenceSize": 108
            },
            {
                "sentenceNo": 7,
                "sentenceContent": "백군기 용인시장은 “국도 17호선 확장으로 지역 교통난 해소와 용인 반도체클러스터의 접근성 향상에도 보탬이 될 것으로 기대한다”며 “사통팔달 용인에 걸맞은 교통 인프라를 구축해 나가겠다”고 말했다.",
                "sentenceSize": 110
            }
        ]
    }
}