{
    "sourceDataInfo": {
        "newsID": "SO_M06_906157",
        "newsCategory": "사회",
        "newsSubcategory": "사회,사회일반,사회일반",
        "newsTitle": "심석희, 선수촌 앞 주저앉아 '눈물'…취재진에 건넨 편지 내용은",
        "newsSubTitle": "“김아랑·최민정 선수와 국민·팬들께 진심으로 사과”최민정 측 \\\"심석희 접근 막아달라\\\" 빙상연맹에 요청",
        "newsContent": "동료 선수 험담 논란으로 징계를 받았던 쇼트트랙 선수 심석희(서울시청)가 진천선수촌 앞에 주저앉아 눈물을 흘리는 모습을 보였다.\n3일 SBS 보도에 따르면 전날 선수촌 앞에 도착한 심석희는 취재진에게 “죄송하다. 제가 지금 말하기 힘들다”며 편지를 건넸다.\n이날 선수촌 앞에서는 심석희 복귀에 반대하는 트럭 시위가 열렸다.\n이를 의식한 듯 심석희는 한 시간 넘게 차에서 내리지 못했다.\n차 밖으로 나와 선수촌으로 향하던 심석희는 결국 눈물을 쏟으며 자리에 주저앉기도 했다.\n이날 취재진과 만난 심석희는 인터뷰 대신 미리 작성한 편지를 건넸다.\n편지에는 “많은 관심과 응원을 주신 국민분들과 팬 여러분 그리고 관계자분들과 기자분들에게 충격과 혼란을 드려 진심으로 사죄한다”며 “이 자리를 빌려 김아랑 선수와 최민정 선수에게 진심으로 사죄드린다”고 적었다.\n그는 “언론을 통한 사과만 하는 것보다, 당사자와의 사과가 먼저라고 생각했다”며 “소속팀과 오랜 논의 끝에 대표팀 합류를 결정하게 됐고, 비로소 제 진심 어린 마음을 전할 기회가 주어진 것이라고 생각했다”고 언급했다.\n그러면서 “여러 힘들었을 상황 속에도 쇼트트랙 대표팀 선수분들이 최상의 경기를 해내 주어서 진심으로 축하하고 감사드린다”라고 했다.\n험담 메시지와 관련해서는 “지난해 10월, 비록 성폭력 2심 재판 중 증거가 아닌, 피고인이 무죄를 주장하기 위해 작성한 의견서를 마지막 대법원 판결을 앞두고 불법유출이라는 또 다른 범죄로 인해 언론에 공개됐지만, 제가 당시 대표팀 팀원들은 비판하였다는 사실은 명백한 저의 잘못”이라며 사과했다.\n심석희는 “앞으로 힘들겠지만, 제가 희생해서라도, 팀원들이 단합될 수 있도록 최선의 노력을 다하겠다”고 다짐했다.\n그는 마지막으로 “저를 믿어주시고 응원해주시는 분들에게 진심으로 감사드린다. 그분들이 계시기에 제가 존재하는 것 같다. 힘과 위로를 받아 다시 한번 용기 내어 나아가겠다”며 글을 맺었다.\n이날 최민정은 매니지먼트사인 올댓스포츠를 통해 대한빙상경기연맹에 공문을 보내 “특정 선수와 훈련 이외에 장소에서 접촉이 발생하지 않도록 해달라”고 요청했다.\n올댓스포츠는 공식입장에서 “최민정은 그동안 특정 선수의 고의충돌 의혹과 욕설 및 비하 등으로 스트레스를 받았고, 훈련 혹은 세계선수권대회 기간 특정 선수의 보복행위가 있을지 모른다는 불안감을 느끼는 상태”라고 전했다.\n한편 심석희는 지난해 10월 2018 평창 동계올림픽 당시 대표팀 코치와 주고받은 사적인 메시지가 공개되면서 논란에 휩싸였다.\n해당 메시지 내용엔 동료 선수인 최민정과 김아랑을 향한 욕설이 담겨있었다.\n또 최민정에 관해선 올림픽 경기 중 고의 충돌을 의심하게 하는 내용이 포함됐다.\n이후 심석희는 대한빙상경기연맹으로부터 선수자격 2개월 정지 중징계를 받았고, 2022 베이징 동계올림픽에 출전하지 못했다.",
        "partNum": "P2",
        "useType": 1,
        "processType": "A",
        "processPattern": "00",
        "processLevel": "하",
        "sentenceCount": 18,
        "processSentencenum": 0,
        "sentenceInfo": [
            {
                "sentenceNo": 1,
                "sentenceContent": "동료 선수 험담 논란으로 징계를 받았던 쇼트트랙 선수 심석희(서울시청)가 진천선수촌 앞에 주저앉아 눈물을 흘리는 모습을 보였다.",
                "sentenceSize": 71
            },
            {
                "sentenceNo": 2,
                "sentenceContent": "3일 SBS 보도에 따르면 전날 선수촌 앞에 도착한 심석희는 취재진에게 “죄송하다. 제가 지금 말하기 힘들다”며 편지를 건넸다.",
                "sentenceSize": 71
            },
            {
                "sentenceNo": 3,
                "sentenceContent": "이날 선수촌 앞에서는 심석희 복귀에 반대하는 트럭 시위가 열렸다.",
                "sentenceSize": 36
            },
            {
                "sentenceNo": 4,
                "sentenceContent": "이를 의식한 듯 심석희는 한 시간 넘게 차에서 내리지 못했다.",
                "sentenceSize": 34
            },
            {
                "sentenceNo": 5,
                "sentenceContent": "차 밖으로 나와 선수촌으로 향하던 심석희는 결국 눈물을 쏟으며 자리에 주저앉기도 했다.",
                "sentenceSize": 48
            },
            {
                "sentenceNo": 6,
                "sentenceContent": "이날 취재진과 만난 심석희는 인터뷰 대신 미리 작성한 편지를 건넸다.",
                "sentenceSize": 38
            },
            {
                "sentenceNo": 7,
                "sentenceContent": "편지에는 “많은 관심과 응원을 주신 국민분들과 팬 여러분 그리고 관계자분들과 기자분들에게 충격과 혼란을 드려 진심으로 사죄한다”며 “이 자리를 빌려 김아랑 선수와 최민정 선수에게 진심으로 사죄드린다”고 적었다.",
                "sentenceSize": 117
            },
            {
                "sentenceNo": 8,
                "sentenceContent": "그는 “언론을 통한 사과만 하는 것보다, 당사자와의 사과가 먼저라고 생각했다”며 “소속팀과 오랜 논의 끝에 대표팀 합류를 결정하게 됐고, 비로소 제 진심 어린 마음을 전할 기회가 주어진 것이라고 생각했다”고 언급했다.",
                "sentenceSize": 121
            },
            {
                "sentenceNo": 9,
                "sentenceContent": "그러면서 “여러 힘들었을 상황 속에도 쇼트트랙 대표팀 선수분들이 최상의 경기를 해내 주어서 진심으로 축하하고 감사드린다”라고 했다.",
                "sentenceSize": 73
            },
            {
                "sentenceNo": 10,
                "sentenceContent": "험담 메시지와 관련해서는 “지난해 10월, 비록 성폭력 2심 재판 중 증거가 아닌, 피고인이 무죄를 주장하기 위해 작성한 의견서를 마지막 대법원 판결을 앞두고 불법유출이라는 또 다른 범죄로 인해 언론에 공개됐지만, 제가 당시 대표팀 팀원들은 비판하였다는 사실은 명백한 저의 잘못”이라며 사과했다.",
                "sentenceSize": 165
            },
            {
                "sentenceNo": 11,
                "sentenceContent": "심석희는 “앞으로 힘들겠지만, 제가 희생해서라도, 팀원들이 단합될 수 있도록 최선의 노력을 다하겠다”고 다짐했다.",
                "sentenceSize": 63
            },
            {
                "sentenceNo": 12,
                "sentenceContent": "그는 마지막으로 “저를 믿어주시고 응원해주시는 분들에게 진심으로 감사드린다. 그분들이 계시기에 제가 존재하는 것 같다. 힘과 위로를 받아 다시 한번 용기 내어 나아가겠다”며 글을 맺었다.",
                "sentenceSize": 104
            },
            {
                "sentenceNo": 13,
                "sentenceContent": "이날 최민정은 매니지먼트사인 올댓스포츠를 통해 대한빙상경기연맹에 공문을 보내 “특정 선수와 훈련 이외에 장소에서 접촉이 발생하지 않도록 해달라”고 요청했다.",
                "sentenceSize": 87
            },
            {
                "sentenceNo": 14,
                "sentenceContent": "올댓스포츠는 공식입장에서 “최민정은 그동안 특정 선수의 고의충돌 의혹과 욕설 및 비하 등으로 스트레스를 받았고, 훈련 혹은 세계선수권대회 기간 특정 선수의 보복행위가 있을지 모른다는 불안감을 느끼는 상태”라고 전했다.",
                "sentenceSize": 121
            },
            {
                "sentenceNo": 15,
                "sentenceContent": "한편 심석희는 지난해 10월 2018 평창 동계올림픽 당시 대표팀 코치와 주고받은 사적인 메시지가 공개되면서 논란에 휩싸였다.",
                "sentenceSize": 70
            },
            {
                "sentenceNo": 16,
                "sentenceContent": "해당 메시지 내용엔 동료 선수인 최민정과 김아랑을 향한 욕설이 담겨있었다.",
                "sentenceSize": 41
            },
            {
                "sentenceNo": 17,
                "sentenceContent": "또 최민정에 관해선 올림픽 경기 중 고의 충돌을 의심하게 하는 내용이 포함됐다.",
                "sentenceSize": 44
            },
            {
                "sentenceNo": 18,
                "sentenceContent": "이후 심석희는 대한빙상경기연맹으로부터 선수자격 2개월 정지 중징계를 받았고, 2022 베이징 동계올림픽에 출전하지 못했다.",
                "sentenceSize": 68
            }
        ]
    }
}