{
    "sourceDataInfo": {
        "newsID": "SO_M06_890872",
        "newsCategory": "사회",
        "newsSubcategory": "사회,노동·고용·취업,고용·취업",
        "newsTitle": "실업급여 5년간 3번 이상 수령 땐 최대 절반 삭감",
        "newsSubTitle": "고용부 '반복수급 페널티 제도' 도입",
        "newsContent": "정부가 실업급여 반복 수급 문제를 해결하기 위해 5년간 3번 이상 수령하면 최대 50%를 삭감하는 방안을 추진한다.\n고용노동부는 9일 고용보험위원회가 이 같은 내용의‘고용보험 제도개선안'을 의결했다고 밝혔다.\n개선안은 5년 동안 3회 이상 받는 경우 3회부터 일정 비율로 금액을 삭감하는 방안이다.\n고용부는 세 번째 10%, 네 번째 25%, 다섯 번째 40%, 여섯 번째는 50%씩 줄이는 안을 검토하고 있다.\n실업급여의 수급 자격 인정부터 수급까지 대기 기간도 길어진다. 5년간 3회 이상 받은 경우 세 번째 수급 시 대기 기간은 2주, 네 번째부터는 4주로 늘어난다.\n단 수급 기간이 절반도 지나지 않아 재취업해 1년간 근무하거나 평균 임금이 최저임금의 80% 미만인 저소득자에게는 페널티가 적용되지 않는다.\n최종안은 고용부가 이달 중 입법 예고할 개정안에 담긴다.\n반복 수급은‘실업급여 중독’이라는 신조어까지 나올 정도로 문제라는 지적을 받고 있다.\n고용보험기금 고갈 우려를 키우는 원인 중 하나로도 거론된다.\n홍석준 국민의힘 의원실에 따르면 5년간 3회 이상 실업급여를 수령한 사람은 지난 2016년 7만 7,000명에서 지난해 9만 4,000명으로 22% 증가했다.\n이들의 수령 금액도 2,180억 원에서 4,800억 원으로 두 배 이상 급증했다.",
        "partNum": "P2",
        "useType": 1,
        "processType": "A",
        "processPattern": "00",
        "processLevel": "하",
        "sentenceCount": 11,
        "processSentencenum": 0,
        "sentenceInfo": [
            {
                "sentenceNo": 1,
                "sentenceContent": "정부가 실업급여 반복 수급 문제를 해결하기 위해 5년간 3번 이상 수령하면 최대 50%를 삭감하는 방안을 추진한다.",
                "sentenceSize": 64
            },
            {
                "sentenceNo": 2,
                "sentenceContent": "고용노동부는 9일 고용보험위원회가 이 같은 내용의‘고용보험 제도개선안'을 의결했다고 밝혔다.",
                "sentenceSize": 51
            },
            {
                "sentenceNo": 3,
                "sentenceContent": "개선안은 5년 동안 3회 이상 받는 경우 3회부터 일정 비율로 금액을 삭감하는 방안이다.",
                "sentenceSize": 49
            },
            {
                "sentenceNo": 4,
                "sentenceContent": "고용부는 세 번째 10%, 네 번째 25%, 다섯 번째 40%, 여섯 번째는 50%씩 줄이는 안을 검토하고 있다.",
                "sentenceSize": 63
            },
            {
                "sentenceNo": 5,
                "sentenceContent": "실업급여의 수급 자격 인정부터 수급까지 대기 기간도 길어진다. 5년간 3회 이상 받은 경우 세 번째 수급 시 대기 기간은 2주, 네 번째부터는 4주로 늘어난다.",
                "sentenceSize": 89
            },
            {
                "sentenceNo": 6,
                "sentenceContent": "단 수급 기간이 절반도 지나지 않아 재취업해 1년간 근무하거나 평균 임금이 최저임금의 80% 미만인 저소득자에게는 페널티가 적용되지 않는다.",
                "sentenceSize": 78
            },
            {
                "sentenceNo": 7,
                "sentenceContent": "최종안은 고용부가 이달 중 입법 예고할 개정안에 담긴다.",
                "sentenceSize": 31
            },
            {
                "sentenceNo": 8,
                "sentenceContent": "반복 수급은‘실업급여 중독’이라는 신조어까지 나올 정도로 문제라는 지적을 받고 있다.",
                "sentenceSize": 47
            },
            {
                "sentenceNo": 9,
                "sentenceContent": "고용보험기금 고갈 우려를 키우는 원인 중 하나로도 거론된다.",
                "sentenceSize": 33
            },
            {
                "sentenceNo": 10,
                "sentenceContent": "홍석준 국민의힘 의원실에 따르면 5년간 3회 이상 실업급여를 수령한 사람은 지난 2016년 7만 7,000명에서 지난해 9만 4,000명으로 22% 증가했다.",
                "sentenceSize": 88
            },
            {
                "sentenceNo": 11,
                "sentenceContent": "이들의 수령 금액도 2,180억 원에서 4,800억 원으로 두 배 이상 급증했다.",
                "sentenceSize": 45
            }
        ]
    }
}