{
    "sourceDataInfo": {
        "newsID": "SO_M06_905297",
        "newsCategory": "사회",
        "newsSubcategory": "사회,사회일반,사회일반",
        "newsTitle": "서울에 이어 대전도 …법원 \\\"대전 12∼18세 방역패스 적용 중단\\\"",
        "newsSubTitle": "null",
        "newsContent": "12∼18세 청소년을 코로나19 접종증명·음성확인제(방역패스) 적용 대상으로 삼은 행정 처분을 중단하라는 법원 결정이 서울에 이어 대전에서도 나왔다.\n대전지법 행정1부(오영표 부장판사)는 18일 A군 등 96명이 대전시장을 상대로 낸 방역패스 적용 대상 확대 등 고시처분 취소 집행정지 신청 사건에서 일부 인용 결정했다.\n재판부는 “코로나19 감염 중증화율이 현저히 낮고 사망 사례가 없는 12∼18세 청소년을 방역패스 적용대상으로 삼는 것은 합리적인 근거가 있는 제한이라고 보기 어렵다”며 “해당 연령대 청소년에게 방역패스를 적용하지 않는다고 해서 공공복리에 중대한 악영향을 초래할 것으로도 보이지 않는다”고 밝혔다.\n또 청소년의 경우 코로나19에 감염된다고 하더라도 위중증으로 이어질 가능성이 현저히 낮은 점도 근거로 들었다.\n재판부가 신청인 측 손을 들어준 부분은 ‘12세 이상 18세 이하인 자에 대한 방역패스 적용 대상 확대 조치 중지’ 사안이다.\n유흥시설 5종과 식당·카페(홀덤펍, 편의점) 등에 대한 방역패스 의무적용 시설 지정 효력 정지 신청은 기각했다.",
        "partNum": "P2",
        "useType": 1,
        "processType": "A",
        "processPattern": "00",
        "processLevel": "하",
        "sentenceCount": 6,
        "processSentencenum": 0,
        "sentenceInfo": [
            {
                "sentenceNo": 1,
                "sentenceContent": "12∼18세 청소년을 코로나19 접종증명·음성확인제(방역패스) 적용 대상으로 삼은 행정 처분을 중단하라는 법원 결정이 서울에 이어 대전에서도 나왔다.",
                "sentenceSize": 83
            },
            {
                "sentenceNo": 2,
                "sentenceContent": "대전지법 행정1부(오영표 부장판사)는 18일 A군 등 96명이 대전시장을 상대로 낸 방역패스 적용 대상 확대 등 고시처분 취소 집행정지 신청 사건에서 일부 인용 결정했다.",
                "sentenceSize": 95
            },
            {
                "sentenceNo": 3,
                "sentenceContent": "재판부는 “코로나19 감염 중증화율이 현저히 낮고 사망 사례가 없는 12∼18세 청소년을 방역패스 적용대상으로 삼는 것은 합리적인 근거가 있는 제한이라고 보기 어렵다”며 “해당 연령대 청소년에게 방역패스를 적용하지 않는다고 해서 공공복리에 중대한 악영향을 초래할 것으로도 보이지 않는다”고 밝혔다.",
                "sentenceSize": 166
            },
            {
                "sentenceNo": 4,
                "sentenceContent": "또 청소년의 경우 코로나19에 감염된다고 하더라도 위중증으로 이어질 가능성이 현저히 낮은 점도 근거로 들었다.",
                "sentenceSize": 61
            },
            {
                "sentenceNo": 5,
                "sentenceContent": "재판부가 신청인 측 손을 들어준 부분은 ‘12세 이상 18세 이하인 자에 대한 방역패스 적용 대상 확대 조치 중지’ 사안이다.",
                "sentenceSize": 70
            },
            {
                "sentenceNo": 6,
                "sentenceContent": "유흥시설 5종과 식당·카페(홀덤펍, 편의점) 등에 대한 방역패스 의무적용 시설 지정 효력 정지 신청은 기각했다.",
                "sentenceSize": 62
            }
        ]
    }
}