{
    "sourceDataInfo": {
        "newsID": "SO_M06_909076",
        "newsCategory": "사회",
        "newsSubcategory": "사회,전국,영남권",
        "newsTitle": "창원대 공동실험실습관-마산용마고 ‘과학기술 인재 공동 육성’ MOU",
        "newsSubTitle": "null",
        "newsContent": "창원대 공동실험실습관과 마산용마고는 15일 ‘지역의 과학기술 인재 공동 육성을 위한 업무 협약’을 체결했다고 밝혔다.\n이번 협약은 창원대 공동실험실습관과 마산용마고의 자원을 상호 지원함으로써 지역의 과학문화 확산 및 과학교육 활성화를 목표로 마련됐다.\n특히 과학중점 학교로 지정된 마산용마고 학생들에게 공동실험실습관의 첨단 분석장비를 개방·공유함으로써 지역 인재의 연구역량을 강화할 목적으로 추진됐다.\n또한 창원대 신소재공학부 구본흔 교수, 메카융합공학부 허석환 교수, 생물학화학융합학부 장영훈 교수, 식품영양학과 김미정 교수, 물리학과 곽진성 교수 등 창원대학교 교수진 5명이 마산용마고에서 초청특강을 펼쳤다.\n특강은 ‘이공계 전문가와의 만남’을 주제로, 다양한 분야에서의 연구 활동과 첨단 분석장비를 활용한 연구결과를 소개해 학생들의 호평을 받았다.\n마산용마고 이용수 교장은 “이번 MOU가 학생들의 연구 활동 활성화 및 질적 향상을 가져올 것으로 기대한다. 앞으로도 마산 지역 유일 과학중점 학교로서 미래사회가 요구하는 융합적 소양을 갖춘 인재를 길러내기 위해 혼신의 교육활동을 전개해 나갈 것”이라고 전했다.\n창원대 구본흔 R&D혁신본부장 겸 공동실험실습관장은 “마산용마고와 뜻깊은 업무협약을 체결하게 돼 매우 의미 있게 생각하며, 이용수 교장 선생님을 비롯해 지역의 과학 인재 육성에 애쓰시는 선생님들께 존중의 마음을 담아 감사 말씀을 전한다”며“창원대는 마산용마고와 대학-고교의 모범적인 협업사례를 제시할 것이며, 나아가 국가중심국립대학으로서의 공공성·책무성을 확보해 나갈 것“이라고 강조했다.",
        "partNum": "P2",
        "useType": 1,
        "processType": "A",
        "processPattern": "00",
        "processLevel": "하",
        "sentenceCount": 7,
        "processSentencenum": 0,
        "sentenceInfo": [
            {
                "sentenceNo": 1,
                "sentenceContent": "창원대 공동실험실습관과 마산용마고는 15일 ‘지역의 과학기술 인재 공동 육성을 위한 업무 협약’을 체결했다고 밝혔다.",
                "sentenceSize": 65
            },
            {
                "sentenceNo": 2,
                "sentenceContent": "이번 협약은 창원대 공동실험실습관과 마산용마고의 자원을 상호 지원함으로써 지역의 과학문화 확산 및 과학교육 활성화를 목표로 마련됐다.",
                "sentenceSize": 74
            },
            {
                "sentenceNo": 3,
                "sentenceContent": "특히 과학중점 학교로 지정된 마산용마고 학생들에게 공동실험실습관의 첨단 분석장비를 개방·공유함으로써 지역 인재의 연구역량을 강화할 목적으로 추진됐다.",
                "sentenceSize": 83
            },
            {
                "sentenceNo": 4,
                "sentenceContent": "또한 창원대 신소재공학부 구본흔 교수, 메카융합공학부 허석환 교수, 생물학화학융합학부 장영훈 교수, 식품영양학과 김미정 교수, 물리학과 곽진성 교수 등 창원대학교 교수진 5명이 마산용마고에서 초청특강을 펼쳤다.",
                "sentenceSize": 117
            },
            {
                "sentenceNo": 5,
                "sentenceContent": "특강은 ‘이공계 전문가와의 만남’을 주제로, 다양한 분야에서의 연구 활동과 첨단 분석장비를 활용한 연구결과를 소개해 학생들의 호평을 받았다.",
                "sentenceSize": 78
            },
            {
                "sentenceNo": 6,
                "sentenceContent": "마산용마고 이용수 교장은 “이번 MOU가 학생들의 연구 활동 활성화 및 질적 향상을 가져올 것으로 기대한다. 앞으로도 마산 지역 유일 과학중점 학교로서 미래사회가 요구하는 융합적 소양을 갖춘 인재를 길러내기 위해 혼신의 교육활동을 전개해 나갈 것”이라고 전했다.",
                "sentenceSize": 146
            },
            {
                "sentenceNo": 7,
                "sentenceContent": "창원대 구본흔 R&D혁신본부장 겸 공동실험실습관장은 “마산용마고와 뜻깊은 업무협약을 체결하게 돼 매우 의미 있게 생각하며, 이용수 교장 선생님을 비롯해 지역의 과학 인재 육성에 애쓰시는 선생님들께 존중의 마음을 담아 감사 말씀을 전한다”며“창원대는 마산용마고와 대학-고교의 모범적인 협업사례를 제시할 것이며, 나아가 국가중심국립대학으로서의 공공성·책무성을 확보해 나갈 것“이라고 강조했다.",
                "sentenceSize": 217
            }
        ]
    }
}