{
    "sourceDataInfo": {
        "newsID": "SO_M06_911041",
        "newsCategory": "사회",
        "newsSubcategory": "사회,전국,수도권",
        "newsTitle": "인천TP, XR 퍼블리싱 지원 참여기업 모집",
        "newsSubTitle": "null",
        "newsContent": "인천테크노파크(인천TP)는 ‘인천 XR(확장현실)기업 퍼블리싱 지원사업’에 참여할 기업을 모집한다고 17일 밝혔다.\n이 사업은 기업의 XR 콘텐츠에 대한 사업·상용화를 지원, 국내외 시장진출 등 경쟁력 향상을 돕는 프로그램이다.\n지원 대상은 XR 콘텐츠를 보유한 인천지역 중소·중견기업이다.\n인천TP는 8개 안팎의 기업을 선정해 국내외 홍보·광고, 전시회 참가, 디자인 개발·개선, 특허·인증 취득 및 해외 시장조사와 통·번역 등에 들어가는 비용을 한 기업에 많게는 2500만 원까지 지원이 가능하다.\n지원신청은 인천 VR·AR 제작거점센터 누리집에서 신청서 등을 내려받아 작성한 뒤 오는 23~24일 접수하면 된다.\n자세한 내용은 누리집을 열어보거나, 인천TP 콘텐츠지원센터로 문의하면 된다.",
        "partNum": "P2",
        "useType": 1,
        "processType": "A",
        "processPattern": "00",
        "processLevel": "하",
        "sentenceCount": 6,
        "processSentencenum": 0,
        "sentenceInfo": [
            {
                "sentenceNo": 1,
                "sentenceContent": "인천테크노파크(인천TP)는 ‘인천 XR(확장현실)기업 퍼블리싱 지원사업’에 참여할 기업을 모집한다고 17일 밝혔다.",
                "sentenceSize": 64
            },
            {
                "sentenceNo": 2,
                "sentenceContent": "이 사업은 기업의 XR 콘텐츠에 대한 사업·상용화를 지원, 국내외 시장진출 등 경쟁력 향상을 돕는 프로그램이다.",
                "sentenceSize": 62
            },
            {
                "sentenceNo": 3,
                "sentenceContent": "지원 대상은 XR 콘텐츠를 보유한 인천지역 중소·중견기업이다.",
                "sentenceSize": 34
            },
            {
                "sentenceNo": 4,
                "sentenceContent": "인천TP는 8개 안팎의 기업을 선정해 국내외 홍보·광고, 전시회 참가, 디자인 개발·개선, 특허·인증 취득 및 해외 시장조사와 통·번역 등에 들어가는 비용을 한 기업에 많게는 2500만 원까지 지원이 가능하다.",
                "sentenceSize": 117
            },
            {
                "sentenceNo": 5,
                "sentenceContent": "지원신청은 인천 VR·AR 제작거점센터 누리집에서 신청서 등을 내려받아 작성한 뒤 오는 23~24일 접수하면 된다.",
                "sentenceSize": 64
            },
            {
                "sentenceNo": 6,
                "sentenceContent": "자세한 내용은 누리집을 열어보거나, 인천TP 콘텐츠지원센터로 문의하면 된다.",
                "sentenceSize": 42
            }
        ]
    }
}