{
    "sourceDataInfo": {
        "newsID": "SO_M06_879807",
        "newsCategory": "사회",
        "newsSubcategory": "사회,전국,수도권",
        "newsTitle": "오산시, '코로나19 예방접종 대응 추진단' 출범",
        "newsSubTitle": "null",
        "newsContent": "오산시는 신종 코로나바이러스 감염증(코로나19) 백신을 신속하고 안전하게 접종하기 위해 '코로나19 예방접종 대응 추진단'을 출범한다고 26일 밝혔다.\n예방접종 센터를 오산스포츠센터 실내체육관에 설치할 예정이다.\n추진단은 김능식 오산부시장을 단장으로 행정추진반(자치행정국장), 접종추진반(보건소장) 2개의 반을 중심으로 10개 과가 협조해 구성한다.\n추진단은 백신접종 시 코로나19 유행에 따른 방역수칙과 예방접종 수칙을 준수해 시민의 안전을 최우선으로 하는 것을 목적으로, 시행 전 충분한 홍보를 통해 모든 시민이 접종받을 수 있도록 전력을 기울이고 있다.\n오산시는 백신 접종 후 이상반응 쉼터(침상 메트리스, 응급의약품 구비 등) 운영과 이상반응 모니터 요원을 배치하여 시민들이 안전하고 불안감 없이 접종받을 수 있도록 할 방침이다.\n곽상욱 오산시장은 “시민들의 교통 편의성과 코로나19 방역수칙의 준수원칙을 최우선으로 고려하여 오산스포츠센터 실내체육관에서 접종할 예정”이며“오산시가 앞장서 코로나19 이전의 일상생활로 돌아갈 수 있도록 전 오산시민의 접종이 안전하게 이루어질 수 있도록 최선을 다하겠다”고 말했다.",
        "partNum": "P2",
        "useType": 1,
        "processType": "A",
        "processPattern": "00",
        "processLevel": "하",
        "sentenceCount": 6,
        "processSentencenum": 0,
        "sentenceInfo": [
            {
                "sentenceNo": 1,
                "sentenceContent": "오산시는 신종 코로나바이러스 감염증(코로나19) 백신을 신속하고 안전하게 접종하기 위해 '코로나19 예방접종 대응 추진단'을 출범한다고 26일 밝혔다.",
                "sentenceSize": 84
            },
            {
                "sentenceNo": 2,
                "sentenceContent": "예방접종 센터를 오산스포츠센터 실내체육관에 설치할 예정이다.",
                "sentenceSize": 33
            },
            {
                "sentenceNo": 3,
                "sentenceContent": "추진단은 김능식 오산부시장을 단장으로 행정추진반(자치행정국장), 접종추진반(보건소장) 2개의 반을 중심으로 10개 과가 협조해 구성한다.",
                "sentenceSize": 76
            },
            {
                "sentenceNo": 4,
                "sentenceContent": "추진단은 백신접종 시 코로나19 유행에 따른 방역수칙과 예방접종 수칙을 준수해 시민의 안전을 최우선으로 하는 것을 목적으로, 시행 전 충분한 홍보를 통해 모든 시민이 접종받을 수 있도록 전력을 기울이고 있다.",
                "sentenceSize": 116
            },
            {
                "sentenceNo": 5,
                "sentenceContent": "오산시는 백신 접종 후 이상반응 쉼터(침상 메트리스, 응급의약품 구비 등) 운영과 이상반응 모니터 요원을 배치하여 시민들이 안전하고 불안감 없이 접종받을 수 있도록 할 방침이다.",
                "sentenceSize": 99
            },
            {
                "sentenceNo": 6,
                "sentenceContent": "곽상욱 오산시장은 “시민들의 교통 편의성과 코로나19 방역수칙의 준수원칙을 최우선으로 고려하여 오산스포츠센터 실내체육관에서 접종할 예정”이며“오산시가 앞장서 코로나19 이전의 일상생활로 돌아갈 수 있도록 전 오산시민의 접종이 안전하게 이루어질 수 있도록 최선을 다하겠다”고 말했다.",
                "sentenceSize": 157
            }
        ]
    }
}