{
    "sourceDataInfo": {
        "newsID": "SO_M06_899612",
        "newsCategory": "사회",
        "newsSubcategory": "사회,전국,영남권",
        "newsTitle": "부산형 긴급복지 지원제도 적극 추진",
        "newsSubTitle": "null",
        "newsContent": "부산시는 복지 사각지대에 놓인 위기가구를 집중적으로 발굴·지원하기 위해 ‘부산형 긴급복지지원사업’을 적극 추진한다고 21일 밝혔다.\n이 사업은 새로운 복지 혁신을 위한 박형준 부산시장의 공약사업이다.\n법정 지원 밖에 놓인 위기가구를 신속하게 지원하는 것이 주요 내용이다.\n코로나19 확산에 따른 주 소득자의 실직이나 휴·폐업, 질병 등으로 생계가 곤란한 가구가 대상이다.\n소득 재산이 기준중위소득 100% 이하, 일반 재산 3억5,000만원 이하, 금융 재산 1,000만원 이하인 경우 읍·면·동 행정복지센터에서 신청할 수 있다.\n생계비는 1인 가구 47만 원 등으로 72시간 안에 지원받을 수 있다.\n시는 찾아가는 복지상담으로 겨울철 복지 위기가구를 찾아 도움을 줄 계획이다.",
        "partNum": "P2",
        "useType": 1,
        "processType": "A",
        "processPattern": "00",
        "processLevel": "하",
        "sentenceCount": 7,
        "processSentencenum": 0,
        "sentenceInfo": [
            {
                "sentenceNo": 1,
                "sentenceContent": "부산시는 복지 사각지대에 놓인 위기가구를 집중적으로 발굴·지원하기 위해 ‘부산형 긴급복지지원사업’을 적극 추진한다고 21일 밝혔다.",
                "sentenceSize": 73
            },
            {
                "sentenceNo": 2,
                "sentenceContent": "이 사업은 새로운 복지 혁신을 위한 박형준 부산시장의 공약사업이다.",
                "sentenceSize": 37
            },
            {
                "sentenceNo": 3,
                "sentenceContent": "법정 지원 밖에 놓인 위기가구를 신속하게 지원하는 것이 주요 내용이다.",
                "sentenceSize": 39
            },
            {
                "sentenceNo": 4,
                "sentenceContent": "코로나19 확산에 따른 주 소득자의 실직이나 휴·폐업, 질병 등으로 생계가 곤란한 가구가 대상이다.",
                "sentenceSize": 55
            },
            {
                "sentenceNo": 5,
                "sentenceContent": "소득 재산이 기준중위소득 100% 이하, 일반 재산 3억5,000만원 이하, 금융 재산 1,000만원 이하인 경우 읍·면·동 행정복지센터에서 신청할 수 있다.",
                "sentenceSize": 88
            },
            {
                "sentenceNo": 6,
                "sentenceContent": "생계비는 1인 가구 47만 원 등으로 72시간 안에 지원받을 수 있다.",
                "sentenceSize": 39
            },
            {
                "sentenceNo": 7,
                "sentenceContent": "시는 찾아가는 복지상담으로 겨울철 복지 위기가구를 찾아 도움을 줄 계획이다.",
                "sentenceSize": 42
            }
        ]
    }
}