{
    "sourceDataInfo": {
        "newsID": "SO_M01_915447",
        "newsCategory": "사회",
        "newsSubcategory": "사회",
        "newsTitle": "희망버스 이어 '평화의 비행기' 뜬다",
        "newsSubTitle": "내달 3일 제주 강정마을 ‘평화 순례’…“공권력 투입 반대, 해군기지건설 실상 공개”",
        "newsContent": "시민사회 단체들이 한진중공업 정리해고 철회를 촉구하며 출발한 '희망의 버스'에 이어 제주도 해군기지를 건설을 반대하는 평화 순례단 '평화의 비행기'를 추진한다.\n금명간 공권력이 투입돼 '제2의 4․3 항쟁 악몽'이 재연될 것이라는 우려가 제기되고 있어, 국책사업을 둘러싼 논란이 불거지고 있다.\n20일 천주교인권위원회에 따르면, 시민사회 단체들은 내달 3일 오후 12시 김포공항에서 제주도로 가는 티웨이항공TW765편 좌석 전체(170석)를 미리 예약해 제주 해군기지 건설 예정지인 서귀포시 강정마을을 순례하는 '제주 강정 구럼비 해변으로 가는 평화의 비행기' 행사를 마련했다.\n당일 코스는 오후 4시 제주 올레꾼들이 가장 사랑하는 코스로 알려질 정도로 풍경이 아름다운 '제주 올레7코스'를 돌아본 뒤, 오후 7시부터 구럼비 해변에서 열리는 평화콘서트에 참석하는 일정이다.\n이같은 행사는 오는 27일부터 내달 4일까지 진행되는 '강정마을 집중방문' 주간에 열리며, 이 주간에는 그밖의 시민평화 운동도 함께 전개될 예정이다. '날라리 평화 유랑단'이라는 이름으로 오는 29일부터 내달 2일까지 제주에서 평화 순례 홍보 활동을 벌어질 예정이며 시민들의 참여 신청도 받고 있다.\n김덕진 천주교인권위원회 사무국장은 통화에서 \\\"최근 서울에서 제주도로 공권력이 투입되고 있어 강정마을 주민들이 불안해하고 있고 일방적인 밀어붙이기가 염려된다\\\"며 \\\"해군기지 건설이 강정마을만의 문제가 아니라 미군 주도하의 미사일 방어 체제 MD 구축의 초석이라는 의혹도 있어, 많은 분들에게 해군기지 건설의 실상을 보여주고 싶어 행사를 추진하게 됐다\\\"고 말했다 김덕진 사무국장은 \\\"시민들이 자발적으로 참여해 평화적인 행사를 하는 것에 일각에서는 '좌파 세력들이 모인다'고 하는데, 시민들은 이같은 '색깔 씌우기'에 상관하지 않을 것\\\"이라며 \\\"희망버스에서 보여준 연대가 강정마을에도 이어지길 바란다\\\"고 말했다.\n한편, 제주지법은 오는 22일까지 해군기지 건설 관련 가처분 신청 최종 소명자료를 제출하도록 주문했고 다음 주중 법원 결정이 나올 예정이다.\n김관진 국방장관은 지난 18일 열린 국회 국방위원회에서 '강정마을에 제출된 공사방해 금지가처분 결과가 나오면 바로 조치하겠다'고 밝혀, 선고 결과에 따라 공권력이 투입될 것이라는 전망도 나오고 있다.\n정부는 지난 2007년 남방 해상 교통로, 독도, 이어도를 포함한 영토 수호 목적으로 제주해군기지 건설을 국책사업으로 추진한다고 밝혔지만, 최근 세계적인 여성운동가 글로리아 스타이넘이 \\\"제주 해군기지는 결국 MD 기지\\\"라며 서태평양 지역에서의 미국의 패권 강화가 목적이라고 언론에 밝힐 정도로 국내외 반발은 커지고 있다.",
        "partNum": "P2",
        "useType": 1,
        "processType": "A",
        "processPattern": "00",
        "processLevel": "하",
        "sentenceCount": 9,
        "processSentencenum": 0,
        "sentenceInfo": [
            {
                "sentenceNo": 1,
                "sentenceContent": "시민사회 단체들이 한진중공업 정리해고 철회를 촉구하며 출발한 '희망의 버스'에 이어 제주도 해군기지를 건설을 반대하는 평화 순례단 '평화의 비행기'를 추진한다.",
                "sentenceSize": 89
            },
            {
                "sentenceNo": 2,
                "sentenceContent": "금명간 공권력이 투입돼 '제2의 4․3 항쟁 악몽'이 재연될 것이라는 우려가 제기되고 있어, 국책사업을 둘러싼 논란이 불거지고 있다.",
                "sentenceSize": 74
            },
            {
                "sentenceNo": 3,
                "sentenceContent": "20일 천주교인권위원회에 따르면, 시민사회 단체들은 내달 3일 오후 12시 김포공항에서 제주도로 가는 티웨이항공TW765편 좌석 전체(170석)를 미리 예약해 제주 해군기지 건설 예정지인 서귀포시 강정마을을 순례하는 '제주 강정 구럼비 해변으로 가는 평화의 비행기' 행사를 마련했다.",
                "sentenceSize": 158
            },
            {
                "sentenceNo": 4,
                "sentenceContent": "당일 코스는 오후 4시 제주 올레꾼들이 가장 사랑하는 코스로 알려질 정도로 풍경이 아름다운 '제주 올레7코스'를 돌아본 뒤, 오후 7시부터 구럼비 해변에서 열리는 평화콘서트에 참석하는 일정이다.",
                "sentenceSize": 108
            },
            {
                "sentenceNo": 5,
                "sentenceContent": "이같은 행사는 오는 27일부터 내달 4일까지 진행되는 '강정마을 집중방문' 주간에 열리며, 이 주간에는 그밖의 시민평화 운동도 함께 전개될 예정이다. '날라리 평화 유랑단'이라는 이름으로 오는 29일부터 내달 2일까지 제주에서 평화 순례 홍보 활동을 벌어질 예정이며 시민들의 참여 신청도 받고 있다.",
                "sentenceSize": 167
            },
            {
                "sentenceNo": 6,
                "sentenceContent": "김덕진 천주교인권위원회 사무국장은 통화에서 \\\"최근 서울에서 제주도로 공권력이 투입되고 있어 강정마을 주민들이 불안해하고 있고 일방적인 밀어붙이기가 염려된다\\\"며 \\\"해군기지 건설이 강정마을만의 문제가 아니라 미군 주도하의 미사일 방어 체제 MD 구축의 초석이라는 의혹도 있어, 많은 분들에게 해군기지 건설의 실상을 보여주고 싶어 행사를 추진하게 됐다\\\"고 말했다 김덕진 사무국장은 \\\"시민들이 자발적으로 참여해 평화적인 행사를 하는 것에 일각에서는 '좌파 세력들이 모인다'고 하는데, 시민들은 이같은 '색깔 씌우기'에 상관하지 않을 것\\\"이라며 \\\"희망버스에서 보여준 연대가 강정마을에도 이어지길 바란다\\\"고 말했다.",
                "sentenceSize": 346
            },
            {
                "sentenceNo": 7,
                "sentenceContent": "한편, 제주지법은 오는 22일까지 해군기지 건설 관련 가처분 신청 최종 소명자료를 제출하도록 주문했고 다음 주중 법원 결정이 나올 예정이다.",
                "sentenceSize": 78
            },
            {
                "sentenceNo": 8,
                "sentenceContent": "김관진 국방장관은 지난 18일 열린 국회 국방위원회에서 '강정마을에 제출된 공사방해 금지가처분 결과가 나오면 바로 조치하겠다'고 밝혀, 선고 결과에 따라 공권력이 투입될 것이라는 전망도 나오고 있다.",
                "sentenceSize": 111
            },
            {
                "sentenceNo": 9,
                "sentenceContent": "정부는 지난 2007년 남방 해상 교통로, 독도, 이어도를 포함한 영토 수호 목적으로 제주해군기지 건설을 국책사업으로 추진한다고 밝혔지만, 최근 세계적인 여성운동가 글로리아 스타이넘이 \\\"제주 해군기지는 결국 MD 기지\\\"라며 서태평양 지역에서의 미국의 패권 강화가 목적이라고 언론에 밝힐 정도로 국내외 반발은 커지고 있다.",
                "sentenceSize": 181
            }
        ]
    }
}