{
    "sourceDataInfo": {
        "newsID": "SO_M06_880126",
        "newsCategory": "사회",
        "newsSubcategory": "사회,행정·지자체,행정",
        "newsTitle": "서울 금천구, 중소기업 육성자금 48억원 지원",
        "newsSubTitle": "null",
        "newsContent": "서울 금천구는 코로나19 확산으로 어려움을 겪고 있는 중소기업의 자금난 해소를 위해 총 48억원을 지원한다고 2일 밝혔다.\n지원 대상은 금천구에 주사무소 또는 사업장을 둔 중소기업으로 제조업, 지식산업, 정보통신산업, 사회적경제기업 등이다.\n다만 최근 5년 이내 지원을 받은 업체는 대상에서 제외된다.\n업체당 1억원 이내로 지원받을 수 있다.\n대출금리는 연 1.5%이고 상환조건은 1년 거치 3년 균등(연 4회) 분할 상환이다.\n신청을 희망하는 기업은 오는 19일까지 지정 은행 담당자와 사전 상담을 거친 후 구청 11층 지역경제과로 방문 신청하면 된다.\n중소기업육성기금 운용심의위원회의 심의를 거쳐 최종 지원 여부가 결정된다.\n선정된 업체의 변제 능력을 우리은행 금천구청지점에서 심사한 후 기업체에 직접 지원한다.",
        "partNum": "P2",
        "useType": 1,
        "processType": "A",
        "processPattern": "00",
        "processLevel": "하",
        "sentenceCount": 8,
        "processSentencenum": 0,
        "sentenceInfo": [
            {
                "sentenceNo": 1,
                "sentenceContent": "서울 금천구는 코로나19 확산으로 어려움을 겪고 있는 중소기업의 자금난 해소를 위해 총 48억원을 지원한다고 2일 밝혔다.",
                "sentenceSize": 68
            },
            {
                "sentenceNo": 2,
                "sentenceContent": "지원 대상은 금천구에 주사무소 또는 사업장을 둔 중소기업으로 제조업, 지식산업, 정보통신산업, 사회적경제기업 등이다.",
                "sentenceSize": 65
            },
            {
                "sentenceNo": 3,
                "sentenceContent": "다만 최근 5년 이내 지원을 받은 업체는 대상에서 제외된다.",
                "sentenceSize": 33
            },
            {
                "sentenceNo": 4,
                "sentenceContent": "업체당 1억원 이내로 지원받을 수 있다.",
                "sentenceSize": 22
            },
            {
                "sentenceNo": 5,
                "sentenceContent": "대출금리는 연 1.5%이고 상환조건은 1년 거치 3년 균등(연 4회) 분할 상환이다.",
                "sentenceSize": 47
            },
            {
                "sentenceNo": 6,
                "sentenceContent": "신청을 희망하는 기업은 오는 19일까지 지정 은행 담당자와 사전 상담을 거친 후 구청 11층 지역경제과로 방문 신청하면 된다.",
                "sentenceSize": 70
            },
            {
                "sentenceNo": 7,
                "sentenceContent": "중소기업육성기금 운용심의위원회의 심의를 거쳐 최종 지원 여부가 결정된다.",
                "sentenceSize": 40
            },
            {
                "sentenceNo": 8,
                "sentenceContent": "선정된 업체의 변제 능력을 우리은행 금천구청지점에서 심사한 후 기업체에 직접 지원한다.",
                "sentenceSize": 48
            }
        ]
    }
}