{
    "sourceDataInfo": {
        "newsID": "SO_M06_886271",
        "newsCategory": "사회",
        "newsSubcategory": "사회,전국,수도권",
        "newsTitle": "경기주택도시공사, 임대주택관리 자회사 설립",
        "newsSubTitle": "null",
        "newsContent": "경기주택도시공사(GH)는 도내 공공임대주택의 효율적인 관리를 위해 3일 자로 10억원의 자본금을 100% 출자해 만든 GH자산관리(주) 설립등기를 완료했다고 5일 밝혔다.\nGH는 그동안 주택관리공단 등 외부기관에 의존하던 임대주택 관리업무의 독립성 확보와 업무 노하우 축적, 고객서비스 제고를 위해 자회사설립을 추진해 왔다.\n이에 따라 지난해 10월 제347회 경기도의회 임시회에서 자회사 설립을 위한 10억원 출자동의안을 승인받은 바 있다.\n설립등기를 마친 GH자산관리는 오는 7월까지 임대관리 전문인력 충원 등 제반 준비를 마치고 8~9월 남양주 다산신도시에 입주하는 임대주택 3개 단지 4,726호를 대상으로 임대관리업무를 개시할 예정이다.\n이와 함께 단계적으로 다산신도시 전체 임대아파트 10개 단지 12,104호를 독자적으로 관리해 나갈 계획이다.\n앞으로 GH자산관리는 1만여 세대에 이르는 경기도 전역의 행복주택과 대규모로 계획 중인 기본주택은 물론이고 GH가 시행하는 각종 주차시설, 공공지식산업센터, 공정상가 등 모든 시설물을 관리해 나갈 예정이다.",
        "partNum": "P2",
        "useType": 1,
        "processType": "A",
        "processPattern": "00",
        "processLevel": "하",
        "sentenceCount": 6,
        "processSentencenum": 0,
        "sentenceInfo": [
            {
                "sentenceNo": 1,
                "sentenceContent": "경기주택도시공사(GH)는 도내 공공임대주택의 효율적인 관리를 위해 3일 자로 10억원의 자본금을 100% 출자해 만든 GH자산관리(주) 설립등기를 완료했다고 5일 밝혔다.",
                "sentenceSize": 95
            },
            {
                "sentenceNo": 2,
                "sentenceContent": "GH는 그동안 주택관리공단 등 외부기관에 의존하던 임대주택 관리업무의 독립성 확보와 업무 노하우 축적, 고객서비스 제고를 위해 자회사설립을 추진해 왔다.",
                "sentenceSize": 85
            },
            {
                "sentenceNo": 3,
                "sentenceContent": "이에 따라 지난해 10월 제347회 경기도의회 임시회에서 자회사 설립을 위한 10억원 출자동의안을 승인받은 바 있다.",
                "sentenceSize": 65
            },
            {
                "sentenceNo": 4,
                "sentenceContent": "설립등기를 마친 GH자산관리는 오는 7월까지 임대관리 전문인력 충원 등 제반 준비를 마치고 8~9월 남양주 다산신도시에 입주하는 임대주택 3개 단지 4,726호를 대상으로 임대관리업무를 개시할 예정이다.",
                "sentenceSize": 113
            },
            {
                "sentenceNo": 5,
                "sentenceContent": "이와 함께 단계적으로 다산신도시 전체 임대아파트 10개 단지 12,104호를 독자적으로 관리해 나갈 계획이다.",
                "sentenceSize": 61
            },
            {
                "sentenceNo": 6,
                "sentenceContent": "앞으로 GH자산관리는 1만여 세대에 이르는 경기도 전역의 행복주택과 대규모로 계획 중인 기본주택은 물론이고 GH가 시행하는 각종 주차시설, 공공지식산업센터, 공정상가 등 모든 시설물을 관리해 나갈 예정이다.",
                "sentenceSize": 115
            }
        ]
    }
}