{
    "sourceDataInfo": {
        "newsID": "SO_M06_901807",
        "newsCategory": "사회",
        "newsSubcategory": "사회,사건사고,사건사고",
        "newsTitle": "우회전했는데 '역주행' 버스가…\\\"살인행위\\\" 공분",
        "newsSubTitle": "null",
        "newsContent": "서울 광진구 건대입구사거리에서 역주행하는 버스로 인해 위험천만한 상황이 벌어졌다는 사연을 두고 네티즌의 공분이 일고 있다.\n최근 한 온라인 커뮤니티에는 '버스랑 사고 날뻔 했네요'라는 제목의 글이 올라왔다.\n글 작성자 A씨가 공개한 당시 상황이 담긴 블랙박스 영상을 보면 전날 오후 7시쯤 A씨 차량이 건대입구사거리에서 성수사거리 방향으로 서서히 우회전 진입하는 모습이 담겼다.\n우회전으로 진입한 도로는 3차선 도로로 1차선과 2, 3차선이 나눠져 있는데 해당 차로의 1차선으로 들어가는 과정에서 역주행하는 버스를 마주했다.\n다행히 차량의 속도가 빠르지 않아 황급히 2차선으로 방향을 바꿨지만 따라오는 차량이 있었다면 큰 사고로 이어질 수 있는 아찔한 장면이었다.\n이에 대해 A씨는 \\\"비상 깜빡이를 켠 버스가 제 앞으로 와서 순간 놀래 2차선으로 바로 들어갔다\\\"면서 \\\"제가 차선을 착각하고 역주행한 줄 알았는데 블랙박스를 보니 버스가 역주행하고 있었다\\\"고 당시 상황을 전했다.\n그러면서 A씨는 \\\"버스 뒤를 따라오던 차도 있었다\\\"면서 \\\"퇴근시간 차가 막힌다고 해도 역주행은 살인이 될 수 있다. 버스 번호판이 보이지 않아 신고는 하지 못했다\\\"고 분통을 터뜨렸다.\n이같은 사연을 접한 네티즌들은 \\\"사람을 죽이려고 환장한건가\\\", \\\"저건 진짜 살인행위\\\", \\\"다음부터 역주행 인지하면 그 자리에 서서 바로 신고해라\\\", \\\"서울 버스가 저렇게 다닌다니\\\" 등 역주행 버스를 질타하는 목소리를 높였다.\n12대 중과실로 규정된 역주행은 교통사고 발생시 운전자가 종합보험에 가입돼 있어도, 피해자와 합의해도 형사처벌을 피할 수 없다.\n교통사고처리특례법 3조에 따라 5년 이하의 금고, 2,000만원 이하의 벌금형에 처할 수 있다.",
        "partNum": "P2",
        "useType": 1,
        "processType": "A",
        "processPattern": "00",
        "processLevel": "하",
        "sentenceCount": 10,
        "processSentencenum": 0,
        "sentenceInfo": [
            {
                "sentenceNo": 1,
                "sentenceContent": "서울 광진구 건대입구사거리에서 역주행하는 버스로 인해 위험천만한 상황이 벌어졌다는 사연을 두고 네티즌의 공분이 일고 있다.",
                "sentenceSize": 68
            },
            {
                "sentenceNo": 2,
                "sentenceContent": "최근 한 온라인 커뮤니티에는 '버스랑 사고 날뻔 했네요'라는 제목의 글이 올라왔다.",
                "sentenceSize": 46
            },
            {
                "sentenceNo": 3,
                "sentenceContent": "글 작성자 A씨가 공개한 당시 상황이 담긴 블랙박스 영상을 보면 전날 오후 7시쯤 A씨 차량이 건대입구사거리에서 성수사거리 방향으로 서서히 우회전 진입하는 모습이 담겼다.",
                "sentenceSize": 95
            },
            {
                "sentenceNo": 4,
                "sentenceContent": "우회전으로 진입한 도로는 3차선 도로로 1차선과 2, 3차선이 나눠져 있는데 해당 차로의 1차선으로 들어가는 과정에서 역주행하는 버스를 마주했다.",
                "sentenceSize": 81
            },
            {
                "sentenceNo": 5,
                "sentenceContent": "다행히 차량의 속도가 빠르지 않아 황급히 2차선으로 방향을 바꿨지만 따라오는 차량이 있었다면 큰 사고로 이어질 수 있는 아찔한 장면이었다.",
                "sentenceSize": 77
            },
            {
                "sentenceNo": 6,
                "sentenceContent": "이에 대해 A씨는 \\\"비상 깜빡이를 켠 버스가 제 앞으로 와서 순간 놀래 2차선으로 바로 들어갔다\\\"면서 \\\"제가 차선을 착각하고 역주행한 줄 알았는데 블랙박스를 보니 버스가 역주행하고 있었다\\\"고 당시 상황을 전했다.",
                "sentenceSize": 122
            },
            {
                "sentenceNo": 7,
                "sentenceContent": "그러면서 A씨는 \\\"버스 뒤를 따라오던 차도 있었다\\\"면서 \\\"퇴근시간 차가 막힌다고 해도 역주행은 살인이 될 수 있다. 버스 번호판이 보이지 않아 신고는 하지 못했다\\\"고 분통을 터뜨렸다.",
                "sentenceSize": 106
            },
            {
                "sentenceNo": 8,
                "sentenceContent": "이같은 사연을 접한 네티즌들은 \\\"사람을 죽이려고 환장한건가\\\", \\\"저건 진짜 살인행위\\\", \\\"다음부터 역주행 인지하면 그 자리에 서서 바로 신고해라\\\", \\\"서울 버스가 저렇게 다닌다니\\\" 등 역주행 버스를 질타하는 목소리를 높였다.",
                "sentenceSize": 133
            },
            {
                "sentenceNo": 9,
                "sentenceContent": "12대 중과실로 규정된 역주행은 교통사고 발생시 운전자가 종합보험에 가입돼 있어도, 피해자와 합의해도 형사처벌을 피할 수 없다.",
                "sentenceSize": 71
            },
            {
                "sentenceNo": 10,
                "sentenceContent": "교통사고처리특례법 3조에 따라 5년 이하의 금고, 2,000만원 이하의 벌금형에 처할 수 있다.",
                "sentenceSize": 53
            }
        ]
    }
}