{
    "sourceDataInfo": {
        "newsID": "SO_M06_882662",
        "newsCategory": "사회",
        "newsSubcategory": "사회,사건사고,사건사고",
        "newsTitle": "특수본 '부동산 투기 신고센터' 개소 첫날…70건 제보 쇄도",
        "newsSubTitle": "null",
        "newsContent": "경찰이 한국토지주택공사(LH) 직원들의 투기 의혹 관련 제보를 받기 시작한 첫날 70건의 제보가 들어왔다.\n정부 합동 특별수사본부(특수본)는 15일 관련 제보를 받기 위해 설치한 경찰 신고센터를 운영한 지 하루만에 70건의 제보가 접수됐다고 밝혔다.\n센터에는 총경급(센터장)을 비롯해 전문 상담 경찰관 5명을 배치됐다.\n제보 내용에 따라 경찰청 국가수사본부가 직접 수사하거나 시·도경찰청에 사건을 배당한다.\n주요 신고 대상은 ▲ 공무원 또는 공공기관 직원의 내부정보 부정 이용행위 ▲ 부동산 투기행위 ▲ 부동산 시장 교란행위 등이다.\n특수본 관계자는 \\\"3기 신도시 투기 의혹 등을 철저하게 수사하기 위해 신고센터를 개설했다\\\"며 \\\"오늘 들어온 제보는 내용을 면밀히 검토해 수사 필요성을 따질 것\\\"이라고 말했다.\n신고 전화번호는 ☎ 02-3150-0025이다.\n신고센터 운영 시간은 평일 오전 9시부터 오후 9시까지, 토요일 오전 9시부터 오후 6시까지이다.",
        "partNum": "P2",
        "useType": 1,
        "processType": "A",
        "processPattern": "00",
        "processLevel": "하",
        "sentenceCount": 8,
        "processSentencenum": 0,
        "sentenceInfo": [
            {
                "sentenceNo": 1,
                "sentenceContent": "경찰이 한국토지주택공사(LH) 직원들의 투기 의혹 관련 제보를 받기 시작한 첫날 70건의 제보가 들어왔다.",
                "sentenceSize": 59
            },
            {
                "sentenceNo": 2,
                "sentenceContent": "정부 합동 특별수사본부(특수본)는 15일 관련 제보를 받기 위해 설치한 경찰 신고센터를 운영한 지 하루만에 70건의 제보가 접수됐다고 밝혔다.",
                "sentenceSize": 79
            },
            {
                "sentenceNo": 3,
                "sentenceContent": "센터에는 총경급(센터장)을 비롯해 전문 상담 경찰관 5명을 배치됐다.",
                "sentenceSize": 38
            },
            {
                "sentenceNo": 4,
                "sentenceContent": "제보 내용에 따라 경찰청 국가수사본부가 직접 수사하거나 시·도경찰청에 사건을 배당한다.",
                "sentenceSize": 48
            },
            {
                "sentenceNo": 5,
                "sentenceContent": "주요 신고 대상은 ▲ 공무원 또는 공공기관 직원의 내부정보 부정 이용행위 ▲ 부동산 투기행위 ▲ 부동산 시장 교란행위 등이다.",
                "sentenceSize": 70
            },
            {
                "sentenceNo": 6,
                "sentenceContent": "특수본 관계자는 \\\"3기 신도시 투기 의혹 등을 철저하게 수사하기 위해 신고센터를 개설했다\\\"며 \\\"오늘 들어온 제보는 내용을 면밀히 검토해 수사 필요성을 따질 것\\\"이라고 말했다.",
                "sentenceSize": 101
            },
            {
                "sentenceNo": 7,
                "sentenceContent": "신고 전화번호는 ☎ 02-3150-0025이다.",
                "sentenceSize": 26
            },
            {
                "sentenceNo": 8,
                "sentenceContent": "신고센터 운영 시간은 평일 오전 9시부터 오후 9시까지, 토요일 오전 9시부터 오후 6시까지이다.",
                "sentenceSize": 54
            }
        ]
    }
}