{
    "sourceDataInfo": {
        "newsID": "SO_M06_895735",
        "newsCategory": "사회",
        "newsSubcategory": "사회,행정·지자체,행정",
        "newsTitle": "동대문구, 서양 고전 전문가 초청 특강",
        "newsSubTitle": "null",
        "newsContent": "서울 동대문구가 오는 29일 ‘꿈을 여는 동대문 명사 특강’을 진행한다고 23일 밝혔다.\n이번 특강은 서양 고전 전문가 김헌 서울대학교 인문학연구원 교수가 ‘그리스 고전에서 찾는 행복의 지혜’의 주제로 진행한다.\n유럽 문명의 뿌리로 불리는 그리스·로마의 다양한 신과 영웅에 대한 흥미진진한 이야기를 전달할 예정이다.\n특강은 동대문구 유튜브 채널인 ‘DBS 동대문구 인터넷 방송’을 통해 29일 오후 3시부터 사전 신청자에게 송출된다.\n특강을 수강하려면 28일까지 동대문구 교육지원과 또는 인터넷 홈페이지를 통해 신청하면 된다.\n김 교수는 책 ‘무엇이 좋은 삶인가’, ‘천년의 수업’의 저자이며 tvN ‘벌거벗은 세계사’, JTBC ‘차이 나는 클래스’ 등 방송 프로그램에도 출연했다.",
        "partNum": "P2",
        "useType": 1,
        "processType": "A",
        "processPattern": "00",
        "processLevel": "하",
        "sentenceCount": 6,
        "processSentencenum": 0,
        "sentenceInfo": [
            {
                "sentenceNo": 1,
                "sentenceContent": "서울 동대문구가 오는 29일 ‘꿈을 여는 동대문 명사 특강’을 진행한다고 23일 밝혔다.",
                "sentenceSize": 49
            },
            {
                "sentenceNo": 2,
                "sentenceContent": "이번 특강은 서양 고전 전문가 김헌 서울대학교 인문학연구원 교수가 ‘그리스 고전에서 찾는 행복의 지혜’의 주제로 진행한다.",
                "sentenceSize": 68
            },
            {
                "sentenceNo": 3,
                "sentenceContent": "유럽 문명의 뿌리로 불리는 그리스·로마의 다양한 신과 영웅에 대한 흥미진진한 이야기를 전달할 예정이다.",
                "sentenceSize": 57
            },
            {
                "sentenceNo": 4,
                "sentenceContent": "특강은 동대문구 유튜브 채널인 ‘DBS 동대문구 인터넷 방송’을 통해 29일 오후 3시부터 사전 신청자에게 송출된다.",
                "sentenceSize": 65
            },
            {
                "sentenceNo": 5,
                "sentenceContent": "특강을 수강하려면 28일까지 동대문구 교육지원과 또는 인터넷 홈페이지를 통해 신청하면 된다.",
                "sentenceSize": 51
            },
            {
                "sentenceNo": 6,
                "sentenceContent": "김 교수는 책 ‘무엇이 좋은 삶인가’, ‘천년의 수업’의 저자이며 tvN ‘벌거벗은 세계사’, JTBC ‘차이 나는 클래스’ 등 방송 프로그램에도 출연했다.",
                "sentenceSize": 87
            }
        ]
    }
}