{
    "sourceDataInfo": {
        "newsID": "SO_M06_888107",
        "newsCategory": "사회",
        "newsSubcategory": "사회,사회일반,사회일반",
        "newsTitle": "서아프리카 해상서 한국인 선원 4명 등 해적에 납치돼",
        "newsSubTitle": "null",
        "newsContent": "서아프리카 해상에서 한국인 선원 4명이 또 해적에 납치되는 사건이 발생했다.\n1일 외교부에 따르면 지난달 31일 오후 7시 30분께(현지시간) 서아프리카 베냉 인근 해역에서 한국인 선원 등 총 36명이 승선한 참치잡이 어선이 해적의 습격을 받았다.\n해적은 한국인 선원 4명과 외국인 선원 1명을 납치해 달아났다.\n외교부 당국자는 \\\"현지 공관 및 관계 당국과 관련 동향을 면밀히 파악하고 공유해나가는 한편 필요한 조치를 취해 나갈 예정\\\"이라고 밝혔다.\n앞서 지난달 19일에도 서아프리카 가나 수도 아크라 동쪽 해상에서 참치잡이 어선 애틀랜틱 프린세스호가 해적의 공격을 받으면서 한국인 선장 1명과 중국인 3명, 러시아인 2명 등이 납치된 바 있다.\n서아프리카 해역에서는 해적의 선원 납치가 잇따르고 있다.\n해양수산부에 따르면 지난해 발생한 전 세계 해적의 선원 납치사건 중 서아프리카 해역에서 발생한 사건이 전체(135명)의 96.3%(130명)를 차지했다.",
        "partNum": "P2",
        "useType": 1,
        "processType": "A",
        "processPattern": "00",
        "processLevel": "하",
        "sentenceCount": 7,
        "processSentencenum": 0,
        "sentenceInfo": [
            {
                "sentenceNo": 1,
                "sentenceContent": "서아프리카 해상에서 한국인 선원 4명이 또 해적에 납치되는 사건이 발생했다.",
                "sentenceSize": 42
            },
            {
                "sentenceNo": 2,
                "sentenceContent": "1일 외교부에 따르면 지난달 31일 오후 7시 30분께(현지시간) 서아프리카 베냉 인근 해역에서 한국인 선원 등 총 36명이 승선한 참치잡이 어선이 해적의 습격을 받았다.",
                "sentenceSize": 95
            },
            {
                "sentenceNo": 3,
                "sentenceContent": "해적은 한국인 선원 4명과 외국인 선원 1명을 납치해 달아났다.",
                "sentenceSize": 35
            },
            {
                "sentenceNo": 4,
                "sentenceContent": "외교부 당국자는 \\\"현지 공관 및 관계 당국과 관련 동향을 면밀히 파악하고 공유해나가는 한편 필요한 조치를 취해 나갈 예정\\\"이라고 밝혔다.",
                "sentenceSize": 78
            },
            {
                "sentenceNo": 5,
                "sentenceContent": "앞서 지난달 19일에도 서아프리카 가나 수도 아크라 동쪽 해상에서 참치잡이 어선 애틀랜틱 프린세스호가 해적의 공격을 받으면서 한국인 선장 1명과 중국인 3명, 러시아인 2명 등이 납치된 바 있다.",
                "sentenceSize": 109
            },
            {
                "sentenceNo": 6,
                "sentenceContent": "서아프리카 해역에서는 해적의 선원 납치가 잇따르고 있다.",
                "sentenceSize": 31
            },
            {
                "sentenceNo": 7,
                "sentenceContent": "해양수산부에 따르면 지난해 발생한 전 세계 해적의 선원 납치사건 중 서아프리카 해역에서 발생한 사건이 전체(135명)의 96.3%(130명)를 차지했다.",
                "sentenceSize": 85
            }
        ]
    }
}