{
    "sourceDataInfo": {
        "newsID": "SO_M06_879295",
        "newsCategory": "사회",
        "newsSubcategory": "사회,전국,영남권",
        "newsTitle": "허성무 창원시장, ‘어린이 교통안전 릴레이 챌린지’ 동참",
        "newsSubTitle": "1단 멈춤, 2쪽 저쪽, 3초 동안, 4고 예방, 교통안전 실천 캠페인 동참 당부",
        "newsContent": "허성무(사진) 창원시장은 20일 어린이 보호 구역내 교통안전 실천 문화 정착을 위한 ‘어린이 교통안전 챌린지’에 동참했다.\n지난해 12월 행정안전부에서 시작된 이번 캠페인은 대국민 아이디어 공모를 통해 선정된 어린이 교통안전 구호인 1단 멈춤, 2쪽 저쪽, 3초 동안, 4고 예방 메시지를 소셜네트워크서비스(SNS)에 릴레이 챌린지 형태로 전파하는 방식이다.\n지난 13일 조광한 남양주시장의 지목에 따라 참여하게 된 허성무 시장은 “뜻깊은 릴레이 챌린지에 동참하게 돼 감사함을 전하고, 어린이가 안전한 교통환경 조성에 더욱 박차를 가하겠다”고 밝혔다.\n시는 올해도 지난해보다 26억원이 증액된 54억원(국비 25억원, 교육부 4억원, 시비 25억원)의 사업비로 113개 초등학교를 비롯한 207개 어린이 보호구역에 무인교통단속장비, 스마트 안전시설 등 시설 개선과 안전문화 확산을 위한 캠페인 전개에 총력을 다한다는 방침이다.\n허성무 시장은 “어린이 안전을 위해 안전속도 준수, 횡단보도 정지선 지키기 등 생활 속 교통안전 문화가 정착될 수 있도록 시민 여러분의 적극적인 참여를 당부드린다”고 전했다.\n한편 허성무 시장은 다음 챌린지 참여자로 은수미 성남시장, 허성곤 김해시장, 이치우 창원시 의회 의장을 지목했다.",
        "partNum": "P2",
        "useType": 1,
        "processType": "A",
        "processPattern": "00",
        "processLevel": "하",
        "sentenceCount": 6,
        "processSentencenum": 0,
        "sentenceInfo": [
            {
                "sentenceNo": 1,
                "sentenceContent": "허성무(사진) 창원시장은 20일 어린이 보호 구역내 교통안전 실천 문화 정착을 위한 ‘어린이 교통안전 챌린지’에 동참했다.",
                "sentenceSize": 68
            },
            {
                "sentenceNo": 2,
                "sentenceContent": "지난해 12월 행정안전부에서 시작된 이번 캠페인은 대국민 아이디어 공모를 통해 선정된 어린이 교통안전 구호인 1단 멈춤, 2쪽 저쪽, 3초 동안, 4고 예방 메시지를 소셜네트워크서비스(SNS)에 릴레이 챌린지 형태로 전파하는 방식이다.",
                "sentenceSize": 131
            },
            {
                "sentenceNo": 3,
                "sentenceContent": "지난 13일 조광한 남양주시장의 지목에 따라 참여하게 된 허성무 시장은 “뜻깊은 릴레이 챌린지에 동참하게 돼 감사함을 전하고, 어린이가 안전한 교통환경 조성에 더욱 박차를 가하겠다”고 밝혔다.",
                "sentenceSize": 107
            },
            {
                "sentenceNo": 4,
                "sentenceContent": "시는 올해도 지난해보다 26억원이 증액된 54억원(국비 25억원, 교육부 4억원, 시비 25억원)의 사업비로 113개 초등학교를 비롯한 207개 어린이 보호구역에 무인교통단속장비, 스마트 안전시설 등 시설 개선과 안전문화 확산을 위한 캠페인 전개에 총력을 다한다는 방침이다.",
                "sentenceSize": 153
            },
            {
                "sentenceNo": 5,
                "sentenceContent": "허성무 시장은 “어린이 안전을 위해 안전속도 준수, 횡단보도 정지선 지키기 등 생활 속 교통안전 문화가 정착될 수 있도록 시민 여러분의 적극적인 참여를 당부드린다”고 전했다.",
                "sentenceSize": 97
            },
            {
                "sentenceNo": 6,
                "sentenceContent": "한편 허성무 시장은 다음 챌린지 참여자로 은수미 성남시장, 허성곤 김해시장, 이치우 창원시 의회 의장을 지목했다.",
                "sentenceSize": 63
            }
        ]
    }
}